fixed acidity;volatile acidity;citric acid;residual sugar;chlorides;free sulfur dioxide;total sulfur dioxide;density;pH;sulphates;alcohol;label
-0.5281943702487119;0.961575849761548;-1.391037102582643;-0.4530766652469418;-0.2436304687056834;-0.4660467180570442;-0.3790141172936704;0.5580998653531202;1.2882399009324956;-0.579025378566879;-0.9599457953606226;0
-0.2984540647668512;1.9668271476507615;-1.391037102582643;0.0434025666399854;0.2238051804968551;0.8723653192008122;0.6241679617209318;0.0282519293458063;-0.7197081416221462;0.128910072174888;-0.584594225308564;0
-0.2984540647668512;1.2966596157246195;-1.1856994924804345;-0.1693742470258406;0.0963227307143445;-0.0836432788405138;0.2289750215030581;0.1342215165472573;-0.3310730366115724;-0.0480737905105538;-0.584594225308564;0
1.654338531828966;-1.3840105119799495;1.483689438848273;-0.4530766652469418;-0.2648775436694351;0.1075584407677513;0.4113717631420768;0.6640694525545712;-0.9787982116291972;-0.4610361367765849;-0.584594225308564;1
-0.5281943702487119;0.961575849761548;-1.391037102582643;-0.4530766652469418;-0.2436304687056834;-0.4660467180570442;-0.3790141172936704;0.5580998653531202;1.2882399009324956;-0.579025378566879;-0.9599457953606226;0
-0.5281943702487119;0.7381866724528344;-1.391037102582643;-0.524002269802217;-0.2648775436694351;-0.274844998448779;-0.1966173756546518;0.5580998653531202;1.2882399009324956;-0.579025378566879;-0.9599457953606226;0
-0.2410189883963857;0.403102906489763;-1.0830306874293305;-0.6658534789127676;-0.3923599934519454;-0.0836432788405138;0.3809723062022403;-0.1836872450571544;-0.0719829666045213;-1.1689715875183515;-0.9599457953606226;0
-0.5856294466191774;0.6823393781256558;-1.391037102582643;-0.9495558971338688;-0.4773482933069525;-0.0836432788405138;-0.7742070575115441;-1.1374135298702723;0.5109696909113451;-1.1099769666232049;-0.3969184402825354;1
-0.2984540647668512;0.2914083178354058;-1.2883682975315385;-0.3821510606916664;-0.3073716935969386;-0.6572484376653094;-0.8654054283310534;0.0282519293458063;0.3166521384060554;-0.5200307576717322;-0.8661079028476084;1
-0.4707592938782468;-0.1553700367820221;0.4570013883372316;2.525798726074621;-0.3498658435244422;0.1075584407677513;1.6881489546152069;0.5580998653531202;0.251879620904294;0.836845522916655;0.0722710222825375;0
-0.9302399048419686;0.2914083178354058;-0.980361882378226;-0.524002269802217;0.2025581055331033;-0.0836432788405138;0.563369047841259;-0.4486112130607819;-0.2015280016080468;-0.6970146203571735;-1.1476215803866527;0
-0.4707592938782468;-0.1553700367820221;0.4570013883372316;2.525798726074621;-0.3498658435244422;0.1075584407677513;1.6881489546152069;0.5580998653531202;0.251879620904294;0.836845522916655;0.0722710222825375;0
-1.5620257449170865;0.4868738479805308;-1.391037102582643;-0.6658534789127676;0.0325815058230892;0.0119575809636187;0.3809723062022403;-1.2963679106725077;1.7416475234448363;-0.8150038621474681;-0.4907563327955497;0
-0.2984540647668512;0.4589502008169415;0.0976605706583671;-0.6658534789127676;0.563758379916883;-0.6572484376653094;-0.5310114019928526;0.3461606909501593;-0.3310730366115724;5.320436710947846;-1.241459472899667;0
0.3333317753082665;0.5147974951441201;-0.4670178571227055;0.8945098213032889;1.8810770276694908;3.4535885339123924;2.9953256030281734;0.981978214158983;-0.9787982116291972;1.3088024900778328;-1.1476215803866527;0
0.3333317753082665;0.5147974951441201;-0.4156834545971534;0.9654354258585645;1.7535945778869808;3.3579876741082595;3.086523973847682;0.981978214158983;-0.914025694127436;1.6037755945535694;-1.1476215803866527;0
0.1035914698264054;-1.3840105119799495;1.483689438848273;-0.524002269802217;0.0963227307143445;1.828373917242138;1.7185484115550431;0.0812367229465318;-0.0719829666045213;0.5418724184409185;0.0722710222825375;1
-0.1261488356554556;0.1797137291810493;0.0463261681328153;-0.5949278743574924;5.960515420709827;0.0119575809636187;0.289773935382731;0.0282519293458063;-1.3026607991380126;3.668587325883723;-1.0537836878736369;0
-0.5281943702487119;0.3472556121625844;-0.980361882378226;1.3200634486349412;-0.031159719068166;-0.9440510170777072;-0.5310114019928526;0.3461606909501593;0.4461971734095809;-0.9329931039377628;-1.3352973654126814;0
-0.2410189883963857;-1.1606213346712355;1.227017426220513;-0.524002269802217;5.386844396688529;0.1075584407677513;0.289773935382731;0.0812367229465318;-1.7560684216503506;2.4886949079807783;-1.1476215803866527;1
0.3333317753082665;-1.719094277943021;1.0730142186438565;-0.524002269802217;-0.2223833937419316;1.2547687584173426;0.4113717631420768;0.0282519293458063;0.5109696909113451;-0.7560092412523208;-0.9599457953606226;1
-0.4133242175077818;-0.7696902743809858;0.2003293757094713;-0.1693742470258406;-0.1161480189231728;0.6811635995925469;0.7457657894802775;0.7700390397560222;1.3530124184342598;-0.0480737905105538;-0.6784321178215799;0
-0.2410189883963857;-0.5463010970722718;-0.3130146495460493;-0.6658534789127676;0.3937817802068689;-0.5616475778611768;-0.2878157464741611;-0.0777176578556446;-0.914025694127436;1.4857863527632749;-0.8661079028476084;0
0.1035914698264054;-0.2112173311092006;-0.82635867480157;-0.1693742470258406;-0.0736538689956692;-0.6572484376653094;0.6241679617209318;0.0282519293458063;-0.914025694127436;-0.7560092412523208;-0.9599457953606226;0
-0.815369752101038;-0.7138429800538072;-0.6723554672249137;-0.0984486424705652;-0.0524067940319175;0.4899618799842817;-0.1966173756546518;0.0282519293458063;0.7700597609183962;-0.1660630323008484;-0.6784321178215799;1
-1.1599802103238297;-0.7696902743809858;-0.5696866621738096;-0.8077046880233183;-0.1586421688506763;-0.4660467180570442;-0.7134081436318712;-0.660550387463684;0.1871071034025298;-0.579025378566879;-1.0537836878736369;0
-0.4133242175077818;-0.6579956857266289;-0.1590114419693931;-0.524002269802217;-0.1586421688506763;-1.1352527366859724;-1.0782016269099084;-0.2896568322586054;-0.2015280016080468;-0.4020415158814376;-0.8661079028476084;0
-0.2410189883963857;-0.5463010970722718;-0.3130146495460493;-0.6658534789127676;0.3937817802068689;-0.5616475778611768;-0.2878157464741611;-0.0777176578556446;-0.914025694127436;1.4857863527632749;-0.8661079028476084;0
-0.700499599360108;1.0174231440887267;-1.391037102582643;-0.4530766652469418;-0.1586421688506763;-0.1792441386446464;-0.348614660353834;0.2401911037487083;1.0291498309254474;-0.6380199994620263;-0.9599457953606226;0
-0.2984540647668512;0.6544157309620665;-1.391037102582643;-0.3821510606916664;-0.1161480189231728;-0.752849297469442;-0.9262043422107262;-0.1836872450571544;0.4461971734095809;-0.4020415158814376;-0.584594225308564;1
-0.9302399048419686;0.8219576139436022;-1.031696284903778;-0.0984486424705652;0.0325815058230892;0.1075584407677513;1.0801598158184782;-0.5015960066615075;0.251879620904294;-0.6970146203571735;-0.3030805477695211;0
-0.815369752101038;0.8778049082707808;-1.391037102582643;-0.0275230379152898;0.3725347052431171;0.5855627397884143;-0.2878157464741611;-0.0777176578556446;0.9643773134236832;-0.5200307576717322;0.1661089147955518;1
-0.0112786829145246;0.7102630252892451;-0.7750242722760179;-0.1693742470258406;-0.094900943959421;-0.0836432788405138;2.0225429809534075;-0.0777176578556446;-0.914025694127436;0.0109208303845934;-0.584594225308564;0
-0.815369752101038;0.4310265536533522;-0.7750242722760179;5.788376535617284;-0.3073716935969386;2.306378216262801;1.110559272758315;1.3528717693640615;0.8996047959219218;-0.8150038621474681;-0.9599457953606226;1
-1.791766050398947;-1.1606213346712355;-0.107677039443841;-0.524002269802217;0.3300405553156136;-0.274844998448779;0.1073771937437124;-0.554580800262233;0.4461971734095809;-0.6380199994620263;-1.1476215803866527;0
-0.2984540647668512;0.6544157309620665;-1.391037102582643;2.100245098742969;-0.031159719068166;-1.0396518768818397;-0.8654054283310534;0.981978214158983;0.5757422084131065;-0.6380199994620263;-0.7722700103345941;1
-0.2984540647668512;0.403102906489763;-0.6723554672249137;-0.0984486424705652;-0.031159719068166;-1.230853596490105;-0.9566037991505626;0.3991454845509437;0.7052872434166321;-0.3430468949862904;0.353784699821582;1
-0.1261488356554556;-0.8255375687081643;0.0463261681328153;-0.311225456136391;-0.4561012183432007;-0.274844998448779;-0.5006119450530162;0.0282519293458063;-0.5253905891168593;0.4238831766506239;-0.6784321178215799;1
-1.5045906685466208;3.3630095058302243;-0.929027479852674;-0.736779083468043;1.796088727814484;-0.8484501572735746;-0.8350059713912169;-1.4553222914746842;1.2234673834307344;-1.0509823457280574;-0.584594225308564;0
-0.5856294466191774;-0.4346065084179146;0.4570013883372316;2.3839475169640707;-0.2861246186331869;-0.3704458582529116;1.2321571005176604;0.5580998653531202;0.1223345859007684;1.0138293856020963;0.0722710222825375;0
-0.5856294466191774;-0.4346065084179146;0.4570013883372316;2.3839475169640707;-0.2861246186331869;-0.3704458582529116;1.2321571005176604;0.5580998653531202;0.1223345859007684;1.0138293856020963;0.0722710222825375;0
0.2758966989378015;0.4589502008169415;0.1489949731839192;0.1852537757505359;0.0113344308593374;0.1075584407677513;-0.0142206340156332;0.4521302781516692;-0.3310730366115724;-0.8739984830426154;-1.0537836878736369;0
-0.4707592938782468;-0.2112173311092006;-0.3643490520716013;0.0434025666399854;5.195620722014763;-0.752849297469442;-0.9870032560903992;0.0282519293458063;-0.6549356241203849;1.4267917318681274;0.0722710222825375;1
-0.1261488356554556;0.7381866724528344;-0.2616802470204972;-0.2402998515811156;-0.3923599934519454;-0.6572484376653094;-0.7134081436318712;0.0282519293458063;-0.0719829666045213;3.1966303587225444;-0.1154047627434909;0
-0.8728048284715035;0.7940339667800129;-1.2883682975315385;-0.524002269802217;-0.7960544177632286;-1.0396518768818397;-1.0782016269099084;-0.2896568322586054;1.0939223484272087;-0.8150038621474681;-0.8661079028476084;0
-2.136376508621739;-0.0436754481276649;-0.6210210646993617;-0.311225456136391;-0.7110661179082217;-0.752849297469442;0.563369047841259;-1.773231053079096;3.8143680835012415;-0.579025378566879;2.5120562276209166;0
-0.3558891411373163;2.273987266450244;0.8163422060160961;-0.2402998515811156;0.563758379916883;0.5855627397884143;2.052942437893244;0.1342215165472573;-0.3958455541133338;0.4238831766506239;-1.1476215803866527;0
0.2184616225673354;-1.3281632176527711;1.278351828746065;-0.6658534789127676;0.5425113049531313;-0.3704458582529116;-0.2878157464741611;0.0812367229465318;-0.3958455541133338;-0.4610361367765849;-0.8661079028476084;0
-1.102545133953364;-0.7138429800538072;-0.2103458444949451;-0.6658534789127676;-0.4561012183432007;-1.0396518768818397;-1.047802169970072;-0.5015960066615075;0.1871071034025298;-0.579025378566879;-1.1476215803866527;0
-1.5620257449170865;-1.216468628998414;0.5083357908627837;-0.8077046880233183;-0.2861246186331869;-0.3704458582529116;1.5057522129761882;-0.7135351810644683;0.0575620683990042;-0.4610361367765849;-1.1476215803866527;0
0.2758966989378015;0.7381866724528344;-0.0563426369182889;-0.5949278743574924;-0.2861246186331869;-1.1352527366859724;-0.7134081436318712;0.1872063101479828;-1.0435707291309615;0.4828777975457712;-1.1476215803866527;0
-0.987674981212434;-0.0436754481276649;-1.1856994924804345;-0.2402998515811156;-0.3923599934519454;-0.752849297469442;-0.9566037991505626;-0.6075655938629585;0.5757422084131065;-0.1660630323008484;-0.9599457953606226;1
-0.987674981212434;-0.1553700367820221;-1.1856994924804345;-0.311225456136391;-0.4136070684156972;-0.9440510170777072;-0.9870032560903992;-0.660550387463684;0.5109696909113451;-0.1070684114057011;-0.9599457953606226;1
0.1610265461968704;-0.8255375687081643;0.4570013883372316;0.3271049848610866;-0.1373950938869245;1.350369618221475;2.2049397225924263;0.1342215165472573;-0.7197081416221462;-0.579025378566879;-0.9599457953606226;0
-0.4133242175077818;-0.0995227424548435;-0.6210210646993617;0.1852537757505359;0.478770080061876;1.637172197633873;0.8065647033599503;-0.660550387463684;-0.914025694127436;-0.1660630323008484;-0.2092426552565069;1
-0.3558891411373163;0.5147974951441201;-1.1856994924804345;0.8945098213032889;-0.0736538689956692;0.8723653192008122;-0.0446200909554696;0.5580998653531202;0.1871071034025298;-0.7560092412523208;-0.8661079028476084;0
1.079987768124314;-0.6021483913994504;1.5350238413738249;0.6108074030821878;-0.3711129184881936;-1.1352527366859724;-1.1086010838497449;0.1872063101479828;-1.7560684216503506;-0.1660630323008484;-0.7722700103345941;0
-0.4707592938782468;0.5706447894712987;-0.7750242722760179;1.816542680521868;0.5000171550256277;3.262386814304127;1.9313446101338985;0.8230238333567477;-0.3310730366115724;0.6598616602312132;-0.9599457953606226;0
-0.2984540647668512;0.3472556121625844;-0.4670178571227055;-0.1693742470258406;-0.2436304687056834;0.1075584407677513;0.2289750215030581;0.3991454845509437;0.7700597609183962;-0.4020415158814376;-0.3969184402825354;0
-0.5856294466191774;-0.7696902743809858;0.2003293757094713;-0.0984486424705652;-0.2861246186331869;-0.6572484376653094;-0.0142206340156332;-0.2896568322586054;0.6405147259148707;-0.6970146203571735;-0.9599457953606226;1
0.2758966989378015;-0.7138429800538072;0.66233899843944;-0.2402998515811156;-0.179889243814428;0.2987601603760165;0.1681761076233853;0.6640694525545712;0.8348322784201576;-0.1070684114057011;-1.1476215803866527;0
-0.3558891411373163;0.9057285554343696;1.1243486211694085;-0.524002269802217;0.5850054548806348;0.3943610201801492;1.9921435240135712;0.0282519293458063;-0.6549356241203849;0.3058939348603293;-1.0537836878736369;0
-0.4707592938782468;-0.0436754481276649;-0.5696866621738096;-0.4530766652469418;-0.0524067940319175;-0.3704458582529116;-0.348614660353834;0.0282519293458063;0.4461971734095809;-0.2250576531959957;-0.8661079028476084;1
-0.7579346757305729;1.157041379906673;-1.1343650899548825;-0.3821510606916664;-0.1373950938869245;-0.274844998448779;0.2289750215030581;-0.0777176578556446;0.5109696909113451;-0.5200307576717322;-0.584594225308564;0
-0.6430645229896425;1.1011940855794946;-1.1343650899548825;1.4973774600231295;-0.031159719068166;-1.1352527366859724;-1.0782016269099084;-0.2896568322586054;0.6405147259148707;-1.5819339337843823;0.4476225923345963;0
-0.6430645229896425;1.1011940855794946;-1.1343650899548825;1.4973774600231295;-0.031159719068166;-1.1352527366859724;-1.0782016269099084;-0.2896568322586054;0.6405147259148707;-1.5819339337843823;0.4476225923345963;0
-0.4707592938782468;-0.0436754481276649;-0.82635867480157;-0.736779083468043;-0.179889243814428;-0.4660467180570442;-0.2270168325944882;0.0282519293458063;0.7052872434166321;-0.4610361367765849;-0.7722700103345941;0
-0.987674981212434;0.9894994969251374;-1.031696284903778;-0.6658534789127676;-0.2436304687056834;-0.9440510170777072;-0.9566037991505626;-0.2896568322586054;0.8348322784201576;-0.4610361367765849;0.259946807308566;0
0.5630720807901277;-1.1606213346712355;1.5350238413738249;-0.3821510606916664;-0.2861246186331869;1.0635670388090774;0.563369047841259;0.0812367229465318;-0.2015280016080468;0.7778509020215078;0.259946807308566;0
-0.1835839120259207;0.9894994969251374;-1.1343650899548825;-0.4530766652469418;-0.2861246186331869;-0.752849297469442;-0.8350059713912169;-0.2896568322586054;0.1871071034025298;1.7217648363438631;0.0722710222825375;1
-0.3558891411373163;0.5706447894712987;-0.980361882378226;-0.4530766652469418;-0.2436304687056834;-0.0836432788405138;-0.5918103158725254;-0.0247328642549191;0.0575620683990042;-0.6970146203571735;-0.8661079028476084;1
-0.3558891411373163;0.7940339667800129;-0.2103458444949451;-0.311225456136391;0.0113344308593374;0.1075584407677513;1.5057522129761882;-0.2896568322586054;0.0575620683990042;-1.0509823457280574;-0.8661079028476084;0
-0.3558891411373163;0.9057285554343696;-0.2616802470204972;-0.4530766652469418;-0.0736538689956692;0.2031593005718839;1.4449532990965157;-0.3426416258593309;-0.007210449102757;-1.0509823457280574;-0.8661079028476084;0
-0.0112786829145246;0.8219576139436022;-0.0563426369182889;-0.311225456136391;-0.0736538689956692;-0.4660467180570442;-0.1054190048351425;0.4521302781516692;-0.007210449102757;-0.7560092412523208;-1.1476215803866527;0
0.7928123862719878;-1.1606213346712355;1.381020633797169;-0.0275230379152898;0.138816880641848;1.15916789861321;1.110559272758315;0.8760086269574732;-0.2015280016080468;0.9548347647069492;-0.7722700103345941;0
0.2758966989378015;-0.6579956857266289;1.8943646590526892;-0.2402998515811156;0.1175698056780963;-0.6572484376653094;-0.135818461774979;0.981978214158983;1.4825574534377854;0.0109208303845934;0.0722710222825375;0
0.2758966989378015;-0.6579956857266289;1.8943646590526892;-0.2402998515811156;0.1175698056780963;-0.6572484376653094;-0.135818461774979;0.981978214158983;1.4825574534377854;0.0109208303845934;0.0722710222825375;0
-0.8728048284715035;1.4362778515425658;-1.391037102582643;-0.0984486424705652;0.3512876302793654;-0.1792441386446464;-0.5006119450530162;-0.0777176578556446;1.3530124184342598;-0.6380199994620263;0.259946807308566;1
-0.9302399048419686;1.240812321397441;-0.7750242722760179;-0.3821510606916664;-0.031159719068166;-0.3704458582529116;1.0193609019388057;-0.5015960066615075;0.4461971734095809;-0.8150038621474681;-0.3030805477695211;0
-0.0112786829145246;0.5427211423077094;-0.3643490520716013;-0.736779083468043;-0.1586421688506763;1.0635670388090774;2.2049397225924263;0.2401911037487083;-0.9787982116291972;2.7246733915613675;-1.241459472899667;0
-1.2174152866942949;-0.4346065084179146;-0.3643490520716013;-0.6658534789127676;-0.3923599934519454;-1.230853596490105;-0.9566037991505626;-0.5015960066615075;0.6405147259148707;-0.579025378566879;-1.1476215803866527;0
-0.2984540647668512;-0.5463010970722718;2.2023710742060016;-0.4530766652469418;8.000234617229994;0.5855627397884143;0.6241679617209318;0.3461606909501593;-1.1731157641344871;3.668587325883723;-0.9599457953606226;0
-0.5281943702487119;-0.1553700367820221;1.0216798161183045;-0.3821510606916664;-0.031159719068166;0.4899618799842817;0.8065647033599503;0.1342215165472573;0.3166521384060554;-0.5200307576717322;-1.241459472899667;0
-0.5856294466191774;0.7940339667800129;-0.0563426369182889;-0.524002269802217;6.661668894513634;0.0119575809636187;0.1377766506835488;0.0812367229465318;-0.9787982116291972;2.8426626333516607;-0.9599457953606226;0
-1.1599802103238297;-1.2723159233255923;1.0730142186438565;-0.524002269802217;-0.3923599934519454;0.2031593005718839;0.4417712200819132;-0.4486112130607819;0.8348322784201576;0.7188562811263605;-0.1154047627434909;1
-0.815369752101038;0.1238664348538707;-0.6210210646993617;-0.2402998515811156;-0.2436304687056834;0.2987601603760165;-0.1966173756546518;-0.3426416258593309;0.6405147259148707;-0.4020415158814376;-0.3030805477695211;0
0.1610265461968704;-0.2112173311092006;0.0463261681328153;-0.4530766652469418;0.478770080061876;0.3943610201801492;2.7217304905696453;0.2401911037487083;-2.46856611416974;7.621226925858588;-0.4907563327955497;1
-0.3558891411373163;-0.2112173311092006;-0.0563426369182889;-0.4530766652469418;-0.5410895181982078;-0.6572484376653094;-0.4702124881131797;-0.0777176578556446;0.5109696909113451;-0.1070684114057011;-0.7722700103345941;0
0.5630720807901277;-0.7696902743809858;0.8676766085416482;-0.311225456136391;0.4150288551706207;1.7327730574380056;2.3873364642314447;0.5580998653531202;-1.1083432466327228;3.3146196005128394;-0.8661079028476084;0
-0.7579346757305729;0.5147974951441201;-0.980361882378226;-0.524002269802217;-0.2436304687056834;-0.752849297469442;-0.6830086866920347;0.5580998653531202;1.0939223484272087;-0.7560092412523208;-1.3352973654126814;0
-0.2410189883963857;-0.0436754481276649;-0.0563426369182889;-0.4530766652469418;-0.179889243814428;2.4975799358710664;2.8433283183289912;-0.1836872450571544;-0.5253905891168593;-0.6970146203571735;-0.8661079028476084;0
0.1610265461968704;-0.2112173311092006;0.0463261681328153;-0.4530766652469418;0.478770080061876;0.3943610201801492;2.7217304905696453;0.2401911037487083;-2.46856611416974;7.621226925858588;-0.4907563327955497;1
0.1610265461968704;-0.2112173311092006;0.0976605706583671;-0.3821510606916664;0.478770080061876;0.2987601603760165;2.630532119750136;0.2401911037487083;-2.46856611416974;7.798210788544031;-0.584594225308564;0
-0.3558891411373163;-0.2112173311092006;-0.0563426369182889;-0.4530766652469418;-0.5410895181982078;-0.6572484376653094;-0.4702124881131797;-0.0777176578556446;0.5109696909113451;-0.1070684114057011;-0.7722700103345941;0
-1.9066362031398776;2.748689268231261;-1.1856994924804345;-0.8077046880233183;-0.9022897925819876;2.401979076066933;1.1713581866379876;-1.5612918786761352;2.842780320974802;-1.0509823457280574;0.0722710222825375;0
-2.078941432251273;0.403102906489763;-0.5183522596482575;-0.1693742470258406;-0.6260778180532147;0.1075584407677513;1.8097467823745528;-1.879200640280547;3.49050549599243;-0.3430468949862904;2.324380442594888;1
-0.8728048284715035;1.3804305572153874;-1.391037102582643;0.3271049848610866;0.3087934803518619;-0.752849297469442;-0.7134081436318712;-0.1307024514563701;0.8996047959219218;-0.579025378566879;0.259946807308566;0
-0.7579346757305729;-0.1553700367820221;-0.107677039443841;-0.3821510606916664;-0.3711129184881936;-1.230853596490105;-0.7438076005717076;-0.2366720386578799;-0.3958455541133338;-0.1660630323008484;-1.1476215803866527;0
-0.4133242175077818;2.078521736305119;-1.0830306874293305;-0.0275230379152898;-0.179889243814428;-1.0396518768818397;-1.1086010838497449;-0.0247328642549191;0.5109696909113451;-0.579025378566879;-0.584594225308564;0
-0.1261488356554556;0.0959427876902814;-0.4670178571227055;-0.4530766652469418;-0.1586421688506763;-0.274844998448779;-0.348614660353834;0.2401911037487083;-0.0719829666045213;-0.4020415158814376;-1.3352973654126814;1
-0.0112786829145246;0.4589502008169415;0.1489949731839192;-0.311225456136391;-0.0736538689956692;-0.4660467180570442;0.1073771937437124;0.2401911037487083;0.5757422084131065;-0.2840522740911431;-0.2092426552565069;1
-0.2984540647668512;-0.1553700367820221;0.1489949731839192;-0.4530766652469418;-0.2648775436694351;-0.752849297469442;-0.7438076005717076;-0.4486112130607819;-0.007210449102757;-0.579025378566879;-0.0215668702304767;1
-0.1261488356554556;0.0959427876902814;-0.4670178571227055;-0.4530766652469418;-0.1586421688506763;-0.274844998448779;-0.348614660353834;0.2401911037487083;-0.0719829666045213;-0.4020415158814376;-1.3352973654126814;1
-0.1261488356554556;0.2634846706718165;-0.2616802470204972;-0.311225456136391;-0.2223833937419316;-0.3704458582529116;0.563369047841259;-0.0247328642549191;-0.1367554841062826;-0.8739984830426154;-1.1476215803866527;0
-0.6430645229896425;-0.2112173311092006;-0.1590114419693931;-0.2402998515811156;-0.3711129184881936;-1.0396518768818397;-0.3182152034139975;-0.3956264194600564;0.1223345859007684;-1.0509823457280574;-0.9599457953606226;0
-0.1261488356554556;0.2634846706718165;-0.2616802470204972;-0.311225456136391;-0.2223833937419316;-0.3704458582529116;0.563369047841259;-0.0247328642549191;-0.1367554841062826;-0.8739984830426154;-1.1476215803866527;0
-0.2984540647668512;-0.6579956857266289;2.099702269154898;-0.5949278743574924;8.063975842121248;0.2031593005718839;0.6849668756006047;0.2931758973494338;-1.4969783516432995;3.845571188569165;-1.0537836878736369;0
-1.2174152866942949;0.5706447894712987;0.2003293757094713;-0.5949278743574924;0.0113344308593374;-0.0836432788405138;0.5329695909014225;0.0812367229465318;0.9643773134236832;0.7778509020215078;-1.0537836878736369;0
-0.1835839120259207;-1.104774040344057;1.329686231271617;-0.0275230379152898;0.0750756557505927;0.2031593005718839;1.0193609019388057;0.4521302781516692;0.3814246559078196;0.836845522916655;-0.7722700103345941;1
-0.1261488356554556;1.4362778515425658;1.278351828746065;-0.3821510606916664;0.7337349796268968;2.019575636850403;3.238521258546865;0.0812367229465318;-0.6549356241203849;0.1879046930700347;-1.0537836878736369;0
-0.2984540647668512;0.1797137291810493;-0.4156834545971534;-0.524002269802217;0.3512876302793654;-0.3704458582529116;0.0161788229242031;-0.1836872450571544;-0.7844806591239104;1.6037755945535694;-0.8661079028476084;0
0.0461563934559404;0.5147974951441201;-0.929027479852674;-0.2402998515811156;-0.0736538689956692;-0.4660467180570442;1.8705456962542253;-0.1836872450571544;-1.0435707291309615;0.0109208303845934;-0.584594225308564;0
0.0461563934559404;0.403102906489763;-0.8776930773271219;-0.2402998515811156;-0.0524067940319175;-0.1792441386446464;1.9617440670737347;-0.1836872450571544;-1.0435707291309615;0.0109208303845934;-0.584594225308564;0
1.0225526917538488;-1.216468628998414;0.8676766085416482;-0.1693742470258406;-0.1586421688506763;0.5855627397884143;-0.0142206340156332;1.087947801360434;0.0575620683990042;0.0699154512797407;-0.6784321178215799;1
-0.2984540647668512;0.1797137291810493;-0.4156834545971534;-0.524002269802217;0.3512876302793654;-0.3704458582529116;0.0161788229242031;-0.1836872450571544;-0.7844806591239104;1.6037755945535694;-0.8661079028476084;0
0.6205071571605927;-0.7138429800538072;0.2003293757094713;-0.2402998515811156;0.053828580786841;-0.274844998448779;0.4721706770217496;-0.0777176578556446;-1.5617508691450637;-0.1660630323008484;0.0722710222825375;1
-0.0112786829145246;0.0680191405266921;0.0463261681328153;-0.4530766652469418;-0.2223833937419316;-0.4660467180570442;-0.1966173756546518;0.5580998653531202;0.5109696909113451;-0.2840522740911431;-0.3969184402825354;1
-0.2984540647668512;0.1797137291810493;-0.7750242722760179;-0.3821510606916664;-0.1161480189231728;-0.8484501572735746;-0.561410858932689;0.1342215165472573;0.3814246559078196;-0.9329931039377628;-0.9599457953606226;1
0.2758966989378015;0.1238664348538707;-1.1856994924804345;-0.2402998515811156;0.6699937547356416;-0.1792441386446464;0.289773935382731;-0.2896568322586054;-0.6549356241203849;-0.3430468949862904;0.4476225923345963;1
-0.7579346757305729;0.9057285554343696;-0.980361882378226;-0.524002269802217;0.2025581055331033;0.5855627397884143;1.292956014397333;-0.4486112130607819;0.1871071034025298;-0.6970146203571735;-1.1476215803866527;1
-0.5856294466191774;3.027925739867154;-0.929027479852674;-0.5949278743574924;1.9235711775969944;-0.5616475778611768;1.292956014397333;-0.2896568322586054;-0.0719829666045213;-0.5200307576717322;-1.3352973654126814;0
0.2758966989378015;0.1238664348538707;-1.1856994924804345;-0.2402998515811156;0.6699937547356416;-0.1792441386446464;0.289773935382731;-0.2896568322586054;-0.6549356241203849;-0.3430468949862904;0.4476225923345963;1
-0.5856294466191774;0.9336522025979588;-1.391037102582643;-0.0275230379152898;-0.2648775436694351;-1.230853596490105;-1.0174027130302354;0.6640694525545712;1.1586948659289729;-0.8150038621474681;-1.1476215803866527;0
-0.1835839120259207;1.0174231440887267;-1.391037102582643;0.0434025666399854;-0.1586421688506763;-0.4660467180570442;-0.3790141172936704;0.4521302781516692;0.8348322784201576;-0.7560092412523208;-0.8661079028476084;0
-0.2984540647668512;-0.1553700367820221;-0.5183522596482575;-0.6658534789127676;-0.1161480189231728;0.4899618799842817;1.6881489546152069;-0.3956264194600564;0.5109696909113451;-1.0509823457280574;-0.8661079028476084;0
0.3907668516787315;0.5147974951441201;-1.1856994924804345;-0.4530766652469418;1.2436647787569386;1.0635670388090774;1.3233554713371698;0.8760086269574732;-0.9787982116291972;0.246899313965182;-0.9599457953606226;0
-0.0687137592849906;4.479955392373796;-1.391037102582643;-0.5949278743574924;-0.1373950938869245;-1.230853596490105;-1.047802169970072;-0.1836872450571544;1.417784935936021;-0.99198772483291;0.4476225923345963;0
-0.1261488356554556;4.479955392373796;-1.391037102582643;-0.524002269802217;-0.1161480189231728;-1.230853596490105;-1.047802169970072;-0.1836872450571544;1.4825574534377854;-1.0509823457280574;0.4476225923345963;0
-0.1835839120259207;0.3472556121625844;-0.5696866621738096;-0.524002269802217;-0.4773482933069525;-1.230853596490105;-0.9262043422107262;-0.2896568322586054;0.7052872434166321;1.5447809736584222;0.0722710222825375;1
-1.2748503630647603;-0.8255375687081643;-0.6210210646993617;-0.524002269802217;-0.3286187685606904;-0.9440510170777072;-0.8350059713912169;-0.660550387463684;0.7052872434166321;-0.5200307576717322;-0.9599457953606226;0
-0.1835839120259207;1.2128886742338516;1.483689438848273;-0.3821510606916664;0.6487466797718898;1.350369618221475;2.660931576689973;0.0282519293458063;-0.4606180716150951;0.0109208303845934;-0.9599457953606226;0
-1.5620257449170865;-0.1553700367820221;-0.929027479852674;-0.1693742470258406;-0.8173014927269804;0.1075584407677513;1.5969505837956977;-1.614276672276861;2.065510110953649;-0.1660630323008484;2.4182183351079023;0
-1.5620257449170865;-0.1553700367820221;-0.929027479852674;-0.1693742470258406;-0.8173014927269804;0.1075584407677513;1.5969505837956977;-1.614276672276861;2.065510110953649;-0.1660630323008484;2.4182183351079023;0
-0.987674981212434;-0.1553700367820221;-1.3397027000570905;-0.736779083468043;-0.5835836681257113;0.1075584407677513;-0.6222097728123619;-0.8195047682659193;0.5757422084131065;-0.4610361367765849;-0.584594225308564;1
-0.2410189883963857;2.860383856885618;-1.1343650899548825;-0.2402998515811156;-0.0736538689956692;-0.274844998448779;-0.5310114019928526;-0.4486112130607819;-0.5901631066186207;-0.6380199994620263;-0.4907563327955497;1
0.0461563934559404;1.2128886742338516;-0.82635867480157;-0.4530766652469418;0.053828580786841;0.0119575809636187;0.5025701339615861;-0.1307024514563701;-0.7844806591239104;0.9548347647069492;-0.7722700103345941;0
-0.0112786829145246;1.045346791252316;-0.6210210646993617;-0.524002269802217;0.0325815058230892;-0.5616475778611768;0.1681761076233853;0.0282519293458063;-0.5253905891168593;0.6598616602312132;-0.8661079028476084;0
-0.6430645229896425;-0.6300720385630396;0.4570013883372316;-0.3821510606916664;-0.1373950938869245;-0.274844998448779;-0.0446200909554696;0.2401911037487083;1.0939223484272087;-0.1070684114057011;-1.1476215803866527;0
-0.2984540647668512;0.1797137291810493;-0.4156834545971534;-0.311225456136391;-0.1373950938869245;-0.0836432788405138;1.779347325434716;-0.2896568322586054;0.1223345859007684;-0.6970146203571735;-0.8661079028476084;0
-0.2984540647668512;0.1797137291810493;-0.4156834545971534;-0.3821510606916664;-0.1373950938869245;0.1075584407677513;1.8705456962542253;-0.2896568322586054;0.0575620683990042;-0.6970146203571735;-0.8661079028476084;0
0.0461563934559404;1.2128886742338516;-0.82635867480157;-0.4530766652469418;0.053828580786841;0.0119575809636187;0.5025701339615861;-0.1307024514563701;-0.7844806591239104;0.9548347647069492;-0.7722700103345941;0
-0.0112786829145246;1.045346791252316;-0.6210210646993617;-0.524002269802217;0.0325815058230892;-0.5616475778611768;0.1681761076233853;0.0282519293458063;-0.5253905891168593;0.6598616602312132;-0.8661079028476084;0
-1.791766050398947;-1.0489267460168783;-1.391037102582643;-0.524002269802217;-0.7960544177632286;1.0635670388090774;0.5025701339615861;-2.726957337892214;2.389372698462464;0.7778509020215078;3.3565972602380483;1
-1.1599802103238297;-0.7696902743809858;-0.980361882378226;-0.5949278743574924;-0.4561012183432007;-1.230853596490105;-0.8046065144513804;-0.7135351810644683;0.1871071034025298;-0.4610361367765849;-0.9599457953606226;0
-1.791766050398947;-1.0489267460168783;-1.391037102582643;-0.524002269802217;-0.7960544177632286;1.0635670388090774;0.5025701339615861;-2.726957337892214;2.389372698462464;0.7778509020215078;3.3565972602380483;1
-0.1261488356554556;0.7940339667800129;1.432355036322721;-0.524002269802217;0.6274996048081384;1.5415713378297404;2.8737277752688275;0.0282519293458063;-0.914025694127436;-0.2250576531959957;-0.9599457953606226;0
-1.447155592176156;0.8498812611071915;-1.2883682975315385;-0.524002269802217;-0.0099126441044142;0.4899618799842817;1.4449532990965157;-1.2433831170717822;1.4825574534377854;-0.8150038621474681;-0.3969184402825354;0
-0.4133242175077818;-0.2112173311092006;-0.0563426369182889;-0.6658534789127676;3.1559015254945955;-0.5616475778611768;1.2625565574574968;0.0282519293458063;-1.3026607991380126;0.836845522916655;-1.0537836878736369;0
-0.815369752101038;-0.2112173311092006;-0.8776930773271219;-0.1693742470258406;-0.2861246186331869;-0.3704458582529116;-0.5006119450530162;-0.4486112130607819;0.7052872434166321;-0.4610361367765849;-0.2092426552565069;1
-0.0687137592849906;-0.7138429800538072;0.8676766085416482;0.1852537757505359;0.0325815058230892;-0.4660467180570442;-0.1054190048351425;0.3991454845509437;1.417784935936021;-0.2840522740911431;0.0722710222825375;1
-0.5856294466191774;-1.104774040344057;1.0216798161183045;-0.311225456136391;-0.2223833937419316;-1.0396518768818397;-1.0782016269099084;-0.5015960066615075;0.1223345859007684;-0.7560092412523208;-0.1154047627434909;1
0.5056370044196616;-0.0436754481276649;3.742403149972564;0.6108074030821878;11.10230756193775;1.5415713378297404;0.6849668756006047;1.5118261501662968;-3.699243946703231;7.916200030334326;-0.9599457953606226;0
-0.4707592938782468;0.403102906489763;-1.2370338950059865;-0.524002269802217;0.1600639556055998;0.8723653192008122;1.5969505837956977;-0.9254743554673704;0.251879620904294;-0.6970146203571735;-0.3030805477695211;0
-0.4707592938782468;0.403102906489763;-1.2370338950059865;-0.524002269802217;0.1600639556055998;0.8723653192008122;1.5969505837956977;-0.9254743554673704;0.251879620904294;-0.6970146203571735;-0.3030805477695211;0
-0.700499599360108;-0.5463010970722718;0.765007803490544;2.100245098742969;-0.3711129184881936;1.2547687584173426;2.5089342919907907;0.2931758973494338;0.7052872434166321;0.3648885557554766;0.0722710222825375;0
-0.700499599360108;-0.5463010970722718;0.765007803490544;2.100245098742969;-0.3498658435244422;1.15916789861321;2.478534835050954;0.2931758973494338;0.7052872434166321;0.3058939348603293;0.0722710222825375;0
-0.700499599360108;-0.5463010970722718;0.765007803490544;2.100245098742969;-0.3711129184881936;1.2547687584173426;2.5089342919907907;0.2931758973494338;0.7052872434166321;0.3648885557554766;0.0722710222825375;0
-0.700499599360108;-0.5463010970722718;0.765007803490544;2.100245098742969;-0.3498658435244422;1.15916789861321;2.478534835050954;0.2931758973494338;0.7052872434166321;0.3058939348603293;0.0722710222825375;0
-0.700499599360108;0.8498812611071915;-1.391037102582643;-0.2402998515811156;-0.3073716935969386;-0.3704458582529116;-0.7438076005717076;0.0812367229465318;1.0939223484272087;-0.9329931039377628;-1.0537836878736369;0
-0.8728048284715035;0.403102906489763;-0.4670178571227055;-0.4530766652469418;-0.179889243814428;0.2031593005718839;1.201757643577824;0.0282519293458063;1.8064200409465976;-0.5200307576717322;-1.0537836878736369;1
-0.4133242175077818;2.357758207941011;-1.2370338950059865;-0.3821510606916664;0.053828580786841;-0.8484501572735746;-0.8046065144513804;-0.4486112130607819;-0.7197081416221462;-0.579025378566879;-0.7722700103345941;0
-0.4133242175077818;0.8498812611071915;-1.2883682975315385;-0.8786302925785935;-0.3286187685606904;-0.6572484376653094;-0.8046065144513804;-0.1307024514563701;-0.914025694127436;2.4886949079807783;-1.1476215803866527;0
-0.2984540647668512;0.0121718461995135;-1.1856994924804345;-0.5949278743574924;-0.2436304687056834;0.1075584407677513;-0.4702124881131797;-0.1836872450571544;0.1223345859007684;-0.579025378566879;-0.3969184402825354;1
-0.5281943702487119;0.403102906489763;-0.0563426369182889;3.3769059807379245;-0.3711129184881936;1.9239747770462707;2.2657386364720997;0.7700390397560222;0.3814246559078196;-0.99198772483291;-0.9599457953606226;0
-0.5856294466191774;0.3472556121625844;-0.0563426369182889;3.30598037618265;-0.3711129184881936;1.828373917242138;2.2657386364720997;0.7170542461552967;0.3814246559078196;-0.99198772483291;-0.9599457953606226;0
-0.2984540647668512;0.5706447894712987;1.0730142186438565;-0.5949278743574924;0.2662993304243586;-0.1792441386446464;1.5057522129761882;-0.3426416258593309;-0.7844806591239104;-0.2250576531959957;-0.8661079028476084;0
-0.8728048284715035;0.6264920837984773;-0.8776930773271219;-0.311225456136391;-0.0524067940319175;0.2031593005718839;1.6577494976753704;-0.6075655938629585;0.1871071034025298;-0.8150038621474681;-0.2092426552565069;0
-0.5856294466191774;0.1238664348538707;-1.2370338950059865;-0.6658534789127676;-0.3286187685606904;0.1075584407677513;-0.135818461774979;-0.6075655938629585;0.3814246559078196;-1.0509823457280574;-1.3352973654126814;0
-0.8728048284715035;0.5706447894712987;-1.031696284903778;-0.311225456136391;0.0325815058230892;-0.4660467180570442;-0.0750195478953061;-0.7665199746651938;1.0291498309254474;-0.6380199994620263;-0.0215668702304767;1
-0.4707592938782468;0.9894994969251374;-0.1590114419693931;-0.524002269802217;5.790538820999813;-0.0836432788405138;0.5025701339615861;-0.1836872450571544;-2.015158491657402;5.497420573633288;-0.8661079028476084;0
-0.2410189883963857;1.994750794814351;-1.2370338950059865;-0.524002269802217;-0.6260778180532147;-1.1352527366859724;-1.1693999977294176;0.2401911037487083;0.3166521384060554;-1.935901659155266;-1.241459472899667;0
-0.1835839120259207;-0.6021483913994504;-0.5183522596482575;-0.3821510606916664;-0.3073716935969386;-0.9440510170777072;-0.8654054283310534;0.2401911037487083;-0.1367554841062826;-0.2840522740911431;-1.1476215803866527;1
-0.1835839120259207;-0.6021483913994504;-0.5183522596482575;-0.3821510606916664;-0.3073716935969386;-0.9440510170777072;-0.8654054283310534;0.2401911037487083;-0.1367554841062826;-0.2840522740911431;-1.1476215803866527;1
-0.5281943702487119;0.5147974951441201;-1.1343650899548825;-0.4530766652469418;-0.4136070684156972;0.7767644593966796;-0.135818461774979;-0.3426416258593309;0.7052872434166321;-0.5200307576717322;1.0106499474126835;1
-0.5856294466191774;-0.8255375687081643;-0.3130146495460493;-0.3821510606916664;-0.1586421688506763;-0.8484501572735746;-0.348614660353834;-0.3426416258593309;0.1223345859007684;-1.1099769666232049;-0.8661079028476084;0
-0.815369752101038;-0.1553700367820221;-1.1856994924804345;-0.736779083468043;-0.0524067940319175;0.2987601603760165;0.076977736803876;-0.5015960066615075;0.251879620904294;0.7188562811263605;-0.8661079028476084;0
-0.5856294466191774;-0.8255375687081643;-0.3130146495460493;-0.3821510606916664;-0.1586421688506763;-0.8484501572735746;-0.348614660353834;-0.3426416258593309;0.1223345859007684;-1.1099769666232049;-0.8661079028476084;0
-0.4707592938782468;-0.0436754481276649;0.765007803490544;-0.1693742470258406;-0.0099126441044142;-0.752849297469442;-0.2574162895343247;0.2401911037487083;1.7416475234448363;-0.2840522740911431;0.0722710222825375;1
-0.7579346757305729;1.547972440196923;-1.391037102582643;-0.0275230379152898;-0.4136070684156972;-0.8484501572735746;-0.8046065144513804;0.0812367229465318;1.0939223484272087;-0.579025378566879;-0.7722700103345941;0
0.2758966989378015;0.4589502008169415;-0.6723554672249137;-0.0984486424705652;-0.4348541433794489;-0.5616475778611768;-0.135818461774979;0.0812367229465318;-0.7844806591239104;-0.4020415158814376;-0.8661079028476084;0
0.2758966989378015;0.4589502008169415;-0.6723554672249137;-0.0984486424705652;-0.4348541433794489;-0.5616475778611768;-0.135818461774979;0.0812367229465318;-0.7844806591239104;-0.4020415158814376;-0.8661079028476084;0
0.3333317753082665;0.4589502008169415;1.1243486211694085;-0.3821510606916664;3.878302074262156;0.6811635995925469;1.9313446101338985;0.2401911037487083;-1.2378882816362484;2.1347271826098946;-1.0537836878736369;0
-0.6430645229896425;1.1291177327430837;-1.2883682975315385;-0.0275230379152898;-0.2436304687056834;0.0119575809636187;-0.135818461774979;0.2401911037487083;0.8348322784201576;-0.8150038621474681;-1.0537836878736369;0
-0.8728048284715035;0.4589502008169415;-0.3643490520716013;-0.524002269802217;-0.2223833937419316;-0.4660467180570442;0.563369047841259;0.1872063101479828;1.4825574534377854;-0.4610361367765849;-1.0537836878736369;0
-0.9302399048419686;0.5147974951441201;-0.3130146495460493;-0.4530766652469418;-0.179889243814428;-0.752849297469442;0.4721706770217496;0.1342215165472573;1.3530124184342598;-0.4610361367765849;-1.0537836878736369;1
0.3333317753082665;-1.216468628998414;1.5350238413738249;-0.3821510606916664;0.5000171550256277;0.9679661790049447;1.1713581866379876;0.1872063101479828;-0.3310730366115724;-0.7560092412523208;-0.6784321178215799;0
-0.5281943702487119;-0.7696902743809858;1.0730142186438565;-0.3821510606916664;-0.1161480189231728;-0.1792441386446464;0.6241679617209318;0.2401911037487083;0.1871071034025298;-0.6380199994620263;-1.1476215803866527;0
-0.3558891411373163;0.9894994969251374;-0.8776930773271219;0.0434025666399854;-0.0736538689956692;-0.6572484376653094;-0.6222097728123619;0.4521302781516692;0.5109696909113451;-0.99198772483291;-0.6784321178215799;0
-0.2410189883963857;-0.1553700367820221;0.3029981807605755;-0.3821510606916664;-0.0736538689956692;-0.0836432788405138;2.9345266891485005;0.0282519293458063;-0.7197081416221462;-0.6380199994620263;-0.8661079028476084;0
-0.2410189883963857;-0.2112173311092006;0.2516637782350234;-0.4530766652469418;-0.1161480189231728;0.1075584407677513;2.964926146088337;0.0282519293458063;-0.7197081416221462;-0.6380199994620263;-0.8661079028476084;0
-0.0687137592849906;-0.1553700367820221;0.4056669858116795;0.2561793803058113;-0.2223833937419316;0.4899618799842817;2.4481353781111177;0.4521302781516692;-0.5253905891168593;-0.2250576531959957;-0.9599457953606226;0
-1.102545133953364;-0.8813848630353429;-0.107677039443841;-0.4530766652469418;-0.2861246186331869;0.4899618799842817;0.076977736803876;0.3461606909501593;1.676875005943072;-0.2250576531959957;-0.584594225308564;1
-0.8728048284715035;0.5706447894712987;-0.7750242722760179;0.8945098213032889;0.2450522554606068;0.0119575809636187;2.417735921171281;0.0812367229465318;-0.2015280016080468;-0.2840522740911431;-0.8661079028476084;0
-0.4133242175077818;0.1238664348538707;-0.3130146495460493;-0.2402998515811156;-0.3498658435244422;-0.8484501572735746;-0.561410858932689;-0.1836872450571544;-0.2015280016080468;-0.6380199994620263;-0.6784321178215799;0
-0.4133242175077818;0.1238664348538707;-0.3130146495460493;-0.2402998515811156;-0.3498658435244422;-0.8484501572735746;-0.561410858932689;-0.1836872450571544;-0.2015280016080468;-0.6380199994620263;-0.6784321178215799;0
-0.2984540647668512;0.3472556121625844;0.3029981807605755;-0.3821510606916664;-0.2861246186331869;0.7767644593966796;2.2353391795322626;0.0282519293458063;-0.3958455541133338;-0.6970146203571735;-0.9599457953606226;0
-0.5856294466191774;0.2914083178354058;0.1489949731839192;-0.0984486424705652;-0.2861246186331869;-0.0836432788405138;0.2593744784428946;0.0282519293458063;0.9643773134236832;-0.4020415158814376;-0.2092426552565069;0
1.8266437609403623;-1.2723159233255923;1.689027048950481;-0.3821510606916664;-0.4348541433794489;-0.3704458582529116;-0.5918103158725254;0.7170542461552967;-1.3026607991380126;1.839754078134158;-0.3030805477695211;1
-1.6768958976580164;1.7155143231784582;-0.980361882378226;-0.9495558971338688;-0.8810427176182357;-0.274844998448779;1.414553842156679;-2.30307898908641;1.676875005943072;1.131818627392391;2.4182183351079023;1
-0.815369752101038;3.139620328521511;-1.0830306874293305;-0.311225456136391;-0.5623365931619595;-0.3704458582529116;-0.4702124881131797;-1.0314439426688211;1.2882399009324956;-1.3459554502037936;0.9168120548996692;0
0.7353773099015227;-1.1606213346712355;1.0216798161183045;-0.8077046880233183;-0.6685719679807182;-0.6572484376653094;-0.6830086866920347;0.1077291197468946;-0.5901631066186207;0.9548347647069492;-0.1154047627434909;1
0.2758966989378015;-0.8813848630353429;1.0730142186438565;-0.311225456136391;0.2025581055331033;2.210777356458669;2.9953256030281734;0.3991454845509437;-1.7560684216503506;2.1937218035050416;-1.0537836878736369;0
-0.8728048284715035;-0.1553700367820221;-0.82635867480157;-0.736779083468043;-0.2648775436694351;0.0119575809636187;0.076977736803876;-0.6870427842641056;0.3166521384060554;0.7778509020215078;-0.8661079028476084;0
-0.7579346757305729;-0.6021483913994504;0.4056669858116795;-0.6658534789127676;0.0113344308593374;0.0119575809636187;-0.2270168325944882;-0.3426416258593309;0.1871071034025298;-0.6380199994620263;-1.1476215803866527;0
-0.7579346757305729;-0.5463010970722718;0.4570013883372316;-0.6658534789127676;0.0325815058230892;-0.1792441386446464;-0.2878157464741611;-0.3161492290589682;0.1871071034025298;-0.579025378566879;-1.1476215803866527;1
2.57329975375641;-1.2723159233255923;2.40770868430821;0.0434025666399854;0.1600639556055998;-0.6572484376653094;-0.561410858932689;1.405856562964787;-0.7197081416221462;0.6598616602312132;0.353784699821582;1
2.57329975375641;-1.2723159233255923;2.40770868430821;0.0434025666399854;0.1600639556055998;-0.6572484376653094;-0.561410858932689;1.405856562964787;-0.7197081416221462;0.6598616602312132;0.353784699821582;1
-0.2984540647668512;0.2355610235082272;0.2003293757094713;-0.524002269802217;-0.3923599934519454;0.9679661790049447;2.2353391795322626;-0.2631644354582427;-0.1367554841062826;-0.7560092412523208;-1.0537836878736369;0
-0.2984540647668512;-0.4904538027450932;0.0463261681328153;0.1143281711952608;0.2662993304243586;0.2031593005718839;1.475352756036352;-0.0777176578556446;-0.5901631066186207;0.0699154512797407;-0.9599457953606226;0
1.539468379088036;-1.2723159233255923;1.5863582438993769;-0.311225456136391;-0.7110661179082217;-0.8484501572735746;-0.8350059713912169;0.6640694525545712;-0.007210449102757;1.3088024900778328;0.0722710222825375;1
0.7928123862719878;0.0121718461995135;1.689027048950481;-0.3821510606916664;-1.029772242364498;-1.0396518768818397;-0.8350059713912169;-0.4751036098611447;-0.0719829666045213;1.1908132482875382;1.8551909800298152;1
-0.1835839120259207;1.1011940855794946;-0.1590114419693931;0.1852537757505359;-0.094900943959421;-0.5616475778611768;0.4721706770217496;0.0547443261461691;0.251879620904294;-0.579025378566879;-0.3969184402825354;1
1.8840788373108277;-0.4904538027450932;1.8943646590526892;-0.311225456136391;-0.604830743089463;-1.0396518768818397;-0.9566037991505626;0.6640694525545712;-0.6549356241203849;0.0699154512797407;-0.2092426552565069;1
-0.0687137592849906;0.2355610235082272;-0.0563426369182889;-0.2402998515811156;-0.5835836681257113;1.15916789861321;0.563369047841259;-0.4486112130607819;-0.0719829666045213;-1.3459554502037936;-0.3030805477695211;0
-0.2984540647668512;1.157041379906673;-0.980361882378226;-0.0984486424705652;0.0963227307143445;-0.5616475778611768;-0.1662179187148154;0.3461606909501593;-0.4606180716150951;0.3058939348603293;-0.584594225308564;1
-0.7579346757305729;-0.2112173311092006;1.1243486211694085;2.171170703298245;-0.5835836681257113;0.9679661790049447;2.2657386364720997;0.3461606909501593;0.1871071034025298;0.6008670393360659;0.0722710222825375;0
0.2184616225673354;0.5427211423077094;-0.5696866621738096;-0.3821510606916664;0.2875464053881104;-0.274844998448779;0.076977736803876;-0.2896568322586054;-1.1083432466327228;-0.5200307576717322;0.5414604848476106;0
-0.1261488356554556;1.1011940855794946;-0.2616802470204972;-0.2402998515811156;-0.3286187685606904;-0.4660467180570442;-0.1662179187148154;-0.0247328642549191;0.3166521384060554;-0.6380199994620263;-1.241459472899667;0
-0.4707592938782468;-0.2112173311092006;-0.4156834545971534;-0.4530766652469418;-0.2436304687056834;-0.5616475778611768;-0.0750195478953061;-0.554580800262233;0.5109696909113451;-0.6970146203571735;-0.6784321178215799;0
-0.2984540647668512;0.0121718461995135;0.3029981807605755;-0.0984486424705652;-0.1586421688506763;0.7767644593966796;2.964926146088337;-0.1042100546560074;-0.0719829666045213;-0.3430468949862904;-0.8661079028476084;0
-0.2984540647668512;-1.0489267460168783;0.5083357908627837;-0.3821510606916664;-0.1161480189231728;0.7767644593966796;0.3505728492624039;-0.1836872450571544;0.1871071034025298;-0.4020415158814376;-0.9599457953606226;1
-0.5281943702487119;0.0121718461995135;-0.0563426369182889;-0.3821510606916664;0.2875464053881104;0.0119575809636187;0.776165246420114;-0.554580800262233;-1.0435707291309615;-0.5200307576717322;-0.9599457953606226;0
-0.8728048284715035;0.4589502008169415;-1.1856994924804345;-0.736779083468043;-0.6473248930169665;-1.0396518768818397;-1.1086010838497449;-0.7930123714655566;0.7052872434166321;-0.3430468949862904;-0.8661079028476084;0
0.1610265461968704;0.6544157309620665;-0.107677039443841;-0.3821510606916664;-0.094900943959421;-0.752849297469442;-0.561410858932689;0.7435466429556594;-0.2015280016080468;-0.3430468949862904;-0.3969184402825354;1
0.0461563934559404;0.598568436634888;0.4570013883372316;-0.3821510606916664;0.0325815058230892;-0.0836432788405138;0.2593744784428946;0.3726530877505221;-0.007210449102757;-0.5200307576717322;-0.0215668702304767;0
-0.3558891411373163;-0.5463010970722718;-0.107677039443841;0.0434025666399854;-0.3073716935969386;1.2547687584173426;0.5025701339615861;-0.3161492290589682;0.3814246559078196;-0.4610361367765849;0.0722710222825375;1
0.3333317753082665;0.3472556121625844;1.1756830236949605;-0.3821510606916664;5.301856096833522;1.0635670388090774;1.0497603588786415;-0.1836872450571544;-1.7560684216503506;5.615409815423583;-0.8661079028476084;1
0.3907668516787315;1.6317433816876905;-0.6723554672249137;0.0434025666399854;0.0325815058230892;-0.6572484376653094;-0.7134081436318712;0.8760086269574732;0.5109696909113451;-0.1660630323008484;-0.584594225308564;0
-0.3558891411373163;-0.5463010970722718;-0.107677039443841;0.0434025666399854;-0.3073716935969386;1.2547687584173426;0.5025701339615861;-0.3161492290589682;0.3814246559078196;-0.4610361367765849;0.0722710222825375;1
-0.815369752101038;-0.0436754481276649;-0.107677039443841;0.0434025666399854;-0.1373950938869245;-0.5616475778611768;-0.2878157464741611;0.0547443261461691;0.9643773134236832;-0.9329931039377628;0.5414604848476106;0
-1.791766050398947;-0.2670646254363792;-1.1856994924804345;-0.6658534789127676;-0.7110661179082217;0.2987601603760165;1.8097467823745528;-2.1441246082841743;1.4825574534377854;-0.2250576531959957;1.667515195003785;1
-0.1835839120259207;-0.8255375687081643;-1.0830306874293305;-0.524002269802217;-0.2011363187781798;-0.3704458582529116;0.076977736803876;-0.2631644354582427;0.3814246559078196;-0.8150038621474681;-0.4907563327955497;1
0.1035914698264054;-0.8813848630353429;-0.3643490520716013;0.1852537757505359;0.053828580786841;0.2031593005718839;0.3505728492624039;0.6640694525545712;0.1871071034025298;0.246899313965182;-0.7722700103345941;1
-0.815369752101038;-0.0436754481276649;-0.107677039443841;0.0434025666399854;-0.1373950938869245;-0.5616475778611768;-0.2878157464741611;0.0547443261461691;0.9643773134236832;-0.9329931039377628;0.5414604848476106;0
-0.0687137592849906;2.636994679576904;-0.929027479852674;-0.1693742470258406;-0.4773482933069525;-0.8484501572735746;-0.2878157464741611;0.0547443261461691;0.0575620683990042;-0.6380199994620263;-1.3352973654126814;1
-0.6430645229896425;0.5706447894712987;-1.391037102582643;-0.4530766652469418;0.2025581055331033;-0.1792441386446464;-0.2574162895343247;0.0017595325454436;0.3814246559078196;-0.4610361367765849;-1.3352973654126814;1
-0.6430645229896425;0.5706447894712987;-1.391037102582643;-0.4530766652469418;0.2025581055331033;-0.1792441386446464;-0.2574162895343247;0.0017595325454436;0.3814246559078196;-0.4610361367765849;-1.3352973654126814;1
-0.6430645229896425;0.6544157309620665;-1.391037102582643;-0.4530766652469418;0.2025581055331033;-0.0836432788405138;-0.2270168325944882;0.0017595325454436;0.3814246559078196;-0.4610361367765849;-1.1476215803866527;1
-0.6430645229896425;0.5706447894712987;-1.391037102582643;-0.4530766652469418;0.2025581055331033;-0.1792441386446464;-0.2574162895343247;0.0017595325454436;0.3814246559078196;-0.4610361367765849;-1.3352973654126814;1
-0.0687137592849906;2.636994679576904;-0.929027479852674;-0.1693742470258406;-0.4773482933069525;-0.8484501572735746;-0.2878157464741611;0.0547443261461691;0.0575620683990042;-0.6380199994620263;-1.3352973654126814;1
0.3333317753082665;0.598568436634888;0.5083357908627837;-0.5949278743574924;3.729572549515893;-1.0396518768818397;0.4721706770217496;0.1872063101479828;-2.015158491657402;2.5476895288759254;-1.0537836878736369;0
2.113819142792688;-0.8255375687081643;1.483689438848273;-0.311225456136391;0.1175698056780963;-0.9440510170777072;-0.6830086866920347;1.3263793725636988;-1.1083432466327228;0.3058939348603293;0.4476225923345963;1
-0.3558891411373163;0.2914083178354058;-0.8776930773271219;-0.524002269802217;0.3087934803518619;1.15916789861321;1.900945153194062;-0.5810731970625957;-1.4969783516432995;-0.99198772483291;-0.584594225308564;1
3.836871433906645;-1.7749415722701996;0.8676766085416482;-0.2402998515811156;-0.2648775436694351;-0.5616475778611768;-0.6830086866920347;1.7502577213696204;-1.5617508691450637;1.0728240064972436;-1.1476215803866527;1
3.836871433906645;-1.7749415722701996;0.8676766085416482;-0.2402998515811156;-0.2648775436694351;-0.5616475778611768;-0.6830086866920347;1.7502577213696204;-1.5617508691450637;1.0728240064972436;-1.1476215803866527;1
-0.5856294466191774;0.7381866724528344;-1.391037102582643;-0.3821510606916664;-0.0736538689956692;-0.9440510170777072;-0.7134081436318712;0.8230238333567477;1.9359650759501237;1.7807594572390106;-0.4907563327955497;1
-0.700499599360108;0.8498812611071915;-1.031696284903778;-0.4530766652469418;-0.2648775436694351;0.0119575809636187;0.1377766506835488;0.0547443261461691;0.4461971734095809;-0.8150038621474681;-0.8661079028476084;0
-0.0687137592849906;0.403102906489763;-0.5183522596482575;-0.1693742470258406;-0.3286187685606904;-0.4660467180570442;0.8065647033599503;-0.2366720386578799;-0.7197081416221462;-1.227966208413499;-1.0537836878736369;0
-0.3558891411373163;0.0121718461995135;-1.0830306874293305;-0.5949278743574924;-0.2861246186331869;-0.6572484376653094;-0.2270168325944882;-0.3161492290589682;0.251879620904294;-1.0509823457280574;-0.584594225308564;1
-0.5856294466191774;0.7381866724528344;-1.391037102582643;-0.3821510606916664;-0.0736538689956692;-0.9440510170777072;-0.7134081436318712;0.8230238333567477;1.9359650759501237;1.7807594572390106;-0.4907563327955497;1
1.424598226347106;-1.1606213346712355;0.8676766085416482;-0.6658534789127676;-0.519842443234456;0.0119575809636187;-0.2878157464741611;0.9289934205582576;-0.5901631066186207;0.7188562811263605;-0.3969184402825354;1
-0.700499599360108;0.403102906489763;-1.391037102582643;-0.524002269802217;-0.2861246186331869;0.0119575809636187;-0.3790141172936704;0.2401911037487083;1.0291498309254474;0.246899313965182;-0.4907563327955497;1
1.596903455458501;-0.9930794516897;1.0730142186438565;0.398030589416362;0.053828580786841;-1.0396518768818397;-0.7742070575115441;0.981978214158983;-0.914025694127436;-0.7560092412523208;0.0722710222825375;0
-0.3558891411373163;1.3804305572153874;0.765007803490544;-0.4530766652469418;0.0963227307143445;-0.752849297469442;1.201757643577824;-0.4486112130607819;-0.5253905891168593;-0.4020415158814376;-0.8661079028476084;0
-0.700499599360108;0.403102906489763;-1.391037102582643;-0.524002269802217;-0.2861246186331869;0.0119575809636187;-0.3790141172936704;0.2401911037487083;1.0291498309254474;0.246899313965182;-0.4907563327955497;1
-0.1835839120259207;0.2355610235082272;-0.2103458444949451;0.4689561939716374;-0.3073716935969386;0.1075584407677513;2.2049397225924263;0.0017595325454436;-0.3310730366115724;-0.5200307576717322;-1.0537836878736369;0
0.6205071571605927;-1.0489267460168783;0.5083357908627837;-0.2402998515811156;-0.2648775436694351;-1.0396518768818397;-1.0174027130302354;0.6640694525545712;-0.5901631066186207;-0.2250576531959957;-1.1476215803866527;0
-0.987674981212434;0.9336522025979588;-1.391037102582643;-0.311225456136391;-0.2648775436694351;-0.3704458582529116;0.289773935382731;0.0282519293458063;1.1586948659289729;0.0699154512797407;-1.1476215803866527;0
-0.3558891411373163;-0.6579956857266289;2.510377489359314;-0.524002269802217;11.1235546369015;-0.752849297469442;-0.0446200909554696;0.0282519293458063;-1.6265233866468252;3.5505980840934286;-0.9599457953606226;0
0.9651176153833838;-1.216468628998414;1.0216798161183045;0.0434025666399854;-0.0524067940319175;-0.1792441386446464;-0.4094135742335069;1.5383185469666596;0.3166521384060554;0.836845522916655;0.0722710222825375;1
-0.2410189883963857;-1.104774040344057;-0.2103458444949451;-0.5949278743574924;-0.2223833937419316;0.2031593005718839;-0.0446200909554696;-0.2631644354582427;-0.1367554841062826;-0.0480737905105538;-1.0537836878736369;0
-0.7579346757305729;2.4973764437589576;-1.1856994924804345;-0.3821510606916664;-0.0099126441044142;-0.3704458582529116;0.6241679617209318;-0.5810731970625957;0.251879620904294;-0.3430468949862904;-0.9599457953606226;0
-0.1835839120259207;-0.0436754481276649;-1.2370338950059865;-0.5949278743574924;-0.3711129184881936;-0.5616475778611768;-0.348614660353834;-0.5280884034618702;0.1871071034025298;-0.5200307576717322;-0.3969184402825354;0
-0.2410189883963857;-0.8813848630353429;-0.2103458444949451;-0.524002269802217;-0.2223833937419316;0.6811635995925469;0.076977736803876;-0.2366720386578799;-0.2015280016080468;0.0699154512797407;-1.0537836878736369;0
2.4009945246450144;0.1797137291810493;1.1243486211694085;-0.0984486424705652;-0.4985953682707043;-1.0396518768818397;-0.5918103158725254;1.6707805309684731;-1.4969783516432995;1.2498078691826855;0.4476225923345963;0
1.9989489900517583;-1.4957051006343065;1.278351828746065;-0.524002269802217;-0.3498658435244422;-0.9440510170777072;-1.1086010838497449;0.0282519293458063;-0.7197081416221462;0.3648885557554766;-0.2092426552565069;1
-0.1261488356554556;1.910979853323583;-1.391037102582643;0.5398817985269124;0.1813110305693516;0.9679661790049447;0.4417712200819132;1.8562273085710717;1.871192558448362;0.3648885557554766;-0.584594225308564;0
-0.2410189883963857;-0.9930794516897;0.9703454135927524;0.7526586121927386;-0.2011363187781798;-0.0836432788405138;-0.2878157464741611;0.2931758973494338;0.251879620904294;1.1908132482875382;2.230542550081874;1
-0.815369752101038;0.0680191405266921;-1.1856994924804345;0.3271049848610866;-0.2223833937419316;-0.8484501572735746;-0.5918103158725254;1.0349630077597085;2.4541452159642256;1.4857863527632749;-0.9599457953606226;1
1.8266437609403623;-1.942483455251735;1.227017426220513;1.0363610304138398;0.3512876302793654;-1.1352527366859724;-0.7134081436318712;1.5118261501662968;-0.2015280016080468;1.839754078134158;-0.3030805477695211;1
-0.2410189883963857;0.0959427876902814;-1.0830306874293305;1.0363610304138398;-0.0099126441044142;1.0635670388090774;0.4417712200819132;-0.1307024514563701;0.3166521384060554;0.0699154512797407;0.259946807308566;1
1.8266437609403623;-1.942483455251735;1.227017426220513;1.0363610304138398;0.3512876302793654;-1.1352527366859724;-0.7134081436318712;1.5118261501662968;-0.2015280016080468;1.839754078134158;-0.3030805477695211;1
1.4820333027175712;-0.8813848630353429;1.5863582438993769;1.0363610304138398;-0.3498658435244422;0.1075584407677513;0.563369047841259;1.3793641661644245;-0.5901631066186207;0.7188562811263605;-0.3030805477695211;0
0.0461563934559404;1.045346791252316;-0.3643490520716013;-0.0984486424705652;-0.2436304687056834;-0.5616475778611768;-0.2574162895343247;0.3196682941497966;-0.007210449102757;-0.1070684114057011;-0.9599457953606226;0
-0.4707592938782468;0.6823393781256558;-0.4670178571227055;3.164129167072099;0.0113344308593374;1.0635670388090774;1.4449532990965157;1.2733945789629733;0.4461971734095809;0.6598616602312132;-0.9599457953606226;0
-0.2410189883963857;0.0959427876902814;-1.0830306874293305;1.0363610304138398;-0.0099126441044142;1.0635670388090774;0.4417712200819132;-0.1307024514563701;0.3166521384060554;0.0699154512797407;0.259946807308566;1
-0.815369752101038;0.0680191405266921;-1.1856994924804345;0.3271049848610866;-0.2223833937419316;-0.8484501572735746;-0.5918103158725254;1.0349630077597085;2.4541452159642256;1.4857863527632749;-0.9599457953606226;1
1.8266437609403623;-1.942483455251735;1.227017426220513;1.0363610304138398;0.3512876302793654;-1.1352527366859724;-0.7134081436318712;1.5118261501662968;-0.2015280016080468;1.839754078134158;-0.3030805477695211;1
1.13742284449478;-1.1606213346712355;0.9190110110672004;2.7385755397404474;-0.3073716935969386;-1.0396518768818397;-1.0174027130302354;0.4521302781516692;-0.5253905891168593;0.9548347647069492;2.042866765055844;1
0.3333317753082665;-0.7138429800538072;0.2516637782350234;2.171170703298245;-0.0099126441044142;-0.5616475778611768;0.0161788229242031;1.2469021821626105;0.4461971734095809;0.6598616602312132;0.0722710222825375;1
1.769208684569897;-1.4957051006343065;0.8676766085416482;0.7526586121927386;-0.3498658435244422;-0.9440510170777072;-0.8350059713912169;0.981978214158983;-1.2378882816362484;0.9548347647069492;-1.0537836878736369;1
-0.3558891411373163;-1.439857806307128;2.099702269154898;0.6817330076374631;5.748044671072309;-1.0396518768818397;-1.1086010838497449;0.2401911037487083;-0.3958455541133338;2.4886949079807783;-0.4907563327955497;1
-0.4133242175077818;-0.0436754481276649;-0.7750242722760179;0.3271049848610866;-0.4348541433794489;-0.3704458582529116;0.1985755645632217;0.1872063101479828;0.3166521384060554;-0.5200307576717322;-1.241459472899667;0
0.3333317753082665;-0.7138429800538072;0.2516637782350234;2.171170703298245;-0.0099126441044142;-0.5616475778611768;0.0161788229242031;1.2469021821626105;0.4461971734095809;0.6598616602312132;0.0722710222825375;1
0.9076825390129188;0.3472556121625844;-1.031696284903778;0.6108074030821878;0.3087934803518619;1.5415713378297404;0.7457657894802775;1.803242514970346;-0.007210449102757;0.3058939348603293;-0.584594225308564;0
0.9076825390129188;0.3472556121625844;-1.031696284903778;0.6108074030821878;0.3087934803518619;1.5415713378297404;0.7457657894802775;1.803242514970346;-0.007210449102757;0.3058939348603293;-0.584594225308564;0
2.113819142792688;-0.4346065084179146;1.432355036322721;-0.3821510606916664;-0.3073716935969386;0.8723653192008122;0.076977736803876;1.5648109437670223;-1.367433316639774;0.6008670393360659;-0.1154047627434909;1
-0.4707592938782468;-0.7138429800538072;-0.7750242722760179;0.3271049848610866;0.0963227307143445;1.2547687584173426;0.1985755645632217;-0.0247328642549191;0.3814246559078196;0.246899313965182;-0.1154047627434909;1
0.2184616225673354;-0.0436754481276649;-0.929027479852674;-0.0275230379152898;0.0750756557505927;0.3943610201801492;0.076977736803876;0.4521302781516692;0.1871071034025298;1.1908132482875382;0.1661089147955518;1
1.8840788373108277;-0.6021483913994504;1.329686231271617;0.5398817985269124;0.3725347052431171;1.637172197633873;1.5665511268558612;2.253613260576454;-0.7197081416221462;1.7217648363438631;-1.1476215803866527;0
0.2184616225673354;-0.0436754481276649;-0.929027479852674;-0.0275230379152898;0.0750756557505927;0.3943610201801492;0.076977736803876;0.4521302781516692;0.1871071034025298;1.1908132482875382;0.1661089147955518;1
1.539468379088036;-1.8307888665973775;1.0730142186438565;-0.3821510606916664;5.429338546616033;-0.9440510170777072;-0.8654054283310534;0.6110846589538457;-0.0719829666045213;0.3058939348603293;0.0722710222825375;0
1.194857920865245;0.1238664348538707;-0.2103458444949451;0.1143281711952608;0.0750756557505927;0.2031593005718839;0.0465782798640396;1.405856562964787;-0.5901631066186207;-0.1070684114057011;-0.1154047627434909;1
-0.815369752101038;-0.9372321573625216;-0.107677039443841;-0.0984486424705652;0.2238051804968551;-1.0396518768818397;-0.9262043422107262;-0.1836872450571544;0.6405147259148707;-0.3430468949862904;-0.3030805477695211;1
2.860475135608737;-1.0489267460168783;1.278351828746065;0.4689561939716374;0.138816880641848;0.1075584407677513;0.1985755645632217;2.465552434979473;-1.691295904148589;0.8958401438118023;-0.8661079028476084;1
1.424598226347106;-0.1553700367820221;0.9703454135927524;-0.0275230379152898;-0.3073716935969386;-1.0396518768818397;-0.5918103158725254;1.7767501181699243;-1.691295904148589;-0.1070684114057011;-0.8661079028476084;0
1.309728073606175;1.687590676014869;0.5083357908627837;0.0434025666399854;-0.031159719068166;0.9679661790049447;0.7153663325404411;0.7170542461552967;-0.9787982116291972;-0.8150038621474681;-0.4907563327955497;0
-0.700499599360108;0.5706447894712987;-1.0830306874293305;-0.3821510606916664;-0.094900943959421;-0.752849297469442;-0.5310114019928526;0.9554858173586204;2.3246001809607;0.4238831766506239;-0.7722700103345941;0
-0.6430645229896425;0.6823393781256558;-1.2883682975315385;-0.1693742470258406;0.138816880641848;-1.0396518768818397;-0.4702124881131797;1.3528717693640615;2.3246001809607;0.836845522916655;-0.6784321178215799;0
-0.815369752101038;0.7940339667800129;-1.0830306874293305;-0.311225456136391;-0.1586421688506763;-0.752849297469442;-0.4094135742335069;0.902501023757836;2.389372698462464;0.3058939348603293;-0.7722700103345941;0
-0.4707592938782468;0.0121718461995135;-1.0830306874293305;0.0434025666399854;-0.031159719068166;0.3943610201801492;-0.0750195478953061;-0.1307024514563701;0.4461971734095809;-0.4020415158814376;0.259946807308566;1
1.596903455458501;-1.942483455251735;1.0730142186438565;-0.736779083468043;-0.4136070684156972;-0.8484501572735746;-0.9566037991505626;0.2931758973494338;-0.5901631066186207;-0.1070684114057011;-0.3030805477695211;1
-0.0112786829145246;0.9894994969251374;-0.7750242722760179;0.0434025666399854;0.0963227307143445;-0.3704458582529116;-0.561410858932689;1.405856562964787;1.2882399009324956;0.3648885557554766;-0.3969184402825354;0
-0.5281943702487119;0.7940339667800129;-0.7750242722760179;-0.6658534789127676;2.0935477773070086;-1.0396518768818397;-0.7742070575115441;-0.3956264194600564;0.5109696909113451;-0.6970146203571735;-0.8661079028476084;0
0.0461563934559404;0.6823393781256558;1.689027048950481;-0.311225456136391;0.5212642299893795;-0.3704458582529116;1.3233554713371698;0.2931758973494338;-0.7197081416221462;-0.8150038621474681;-1.1476215803866527;0
1.13742284449478;0.0121718461995135;1.0730142186438565;-0.0275230379152898;-0.519842443234456;-0.9440510170777072;-0.6526092297521983;1.6177957373677478;-1.2378882816362484;-0.4020415158814376;-1.0537836878736369;1
-0.4133242175077818;0.5147974951441201;0.2516637782350234;-0.2402998515811156;-0.1161480189231728;-0.8484501572735746;0.2289750215030581;-0.0777176578556446;0.3166521384060554;-0.8150038621474681;-0.9599457953606226;0
1.13742284449478;-0.6579956857266289;0.765007803490544;-0.0984486424705652;2.6672188013283056;-0.9440510170777072;-0.9870032560903992;1.405856562964787;-0.7844806591239104;-0.2250576531959957;-0.8661079028476084;1
1.13742284449478;-0.5463010970722718;0.8676766085416482;-0.0984486424705652;2.688465876292057;-1.0396518768818397;-1.047802169970072;1.405856562964787;-0.7844806591239104;-0.1660630323008484;-0.8661079028476084;1
-0.5281943702487119;-1.3281632176527711;0.5596701933883358;-0.5949278743574924;-0.5410895181982078;-0.6572484376653094;-0.5006119450530162;0.0282519293458063;0.6405147259148707;-0.7560092412523208;-0.8661079028476084;1
1.13742284449478;0.0121718461995135;1.0730142186438565;-0.0275230379152898;-0.519842443234456;-0.9440510170777072;-0.6526092297521983;1.6177957373677478;-1.2378882816362484;-0.4020415158814376;-1.0537836878736369;1
-0.2410189883963857;0.0121718461995135;-0.1590114419693931;-0.3821510606916664;-0.3286187685606904;-0.0836432788405138;1.779347325434716;-0.3956264194600564;-0.2663005191098082;-0.6970146203571735;-0.9599457953606226;1
0.3907668516787315;-0.3787592140907361;0.2003293757094713;0.1852537757505359;0.1175698056780963;0.2987601603760165;1.5665511268558612;0.7435466429556594;0.0575620683990042;-0.1660630323008484;-0.8661079028476084;1
0.1610265461968704;-0.3229119197635578;0.1489949731839192;0.3271049848610866;-0.2436304687056834;1.350369618221475;2.691331033629809;0.4521302781516692;-0.0719829666045213;-0.7560092412523208;-0.9599457953606226;0
-0.5281943702487119;-0.9372321573625216;0.0976605706583671;0.0434025666399854;-0.0099126441044142;0.9679661790049447;0.776165246420114;-0.1571948482567917;0.5109696909113451;0.128910072174888;0.5414604848476106;0
-0.700499599360108;-0.9930794516897;0.0976605706583671;-0.0275230379152898;0.1813110305693516;0.3943610201801492;0.1985755645632217;-0.2896568322586054;0.7052872434166321;-0.0480737905105538;0.5414604848476106;1
0.7353773099015227;0.1797137291810493;-0.2103458444949451;0.6108074030821878;0.3087934803518619;2.019575636850403;1.3841543852168423;1.5118261501662968;-0.0719829666045213;-0.0480737905105538;-0.3030805477695211;0
0.7353773099015227;1.352506910051798;-0.7750242722760179;0.2561793803058113;-0.1161480189231728;1.350369618221475;0.8369641602997868;1.0084706109593458;-0.0719829666045213;-0.1070684114057011;-0.0215668702304767;1
0.8502474626424538;0.7381866724528344;0.6110045959138879;0.4689561939716374;-0.094900943959421;0.4899618799842817;0.3809723062022403;1.1409325949611595;0.3814246559078196;0.3058939348603293;1.0106499474126835;1
0.7353773099015227;1.352506910051798;-0.7750242722760179;0.2561793803058113;-0.1161480189231728;1.350369618221475;0.8369641602997868;1.0084706109593458;-0.0719829666045213;-0.1070684114057011;-0.0215668702304767;1
0.8502474626424538;0.7381866724528344;0.6110045959138879;0.4689561939716374;-0.094900943959421;0.4899618799842817;0.3809723062022403;1.1409325949611595;0.3814246559078196;0.3058939348603293;1.0106499474126835;1
0.5630720807901277;0.4589502008169415;-0.0563426369182889;0.6108074030821878;0.053828580786841;0.8723653192008122;1.2321571005176604;1.591303340567385;-0.4606180716150951;-0.2250576531959957;-0.6784321178215799;0
-0.2984540647668512;0.5147974951441201;-1.1343650899548825;-0.1693742470258406;-0.179889243814428;-0.9440510170777072;-0.8654054283310534;0.3196682941497966;-0.1367554841062826;-0.1660630323008484;-1.0537836878736369;0
1.13742284449478;0.3472556121625844;0.765007803490544;0.1852537757505359;0.053828580786841;1.828373917242138;0.8065647033599503;1.193917388561885;-0.2015280016080468;0.246899313965182;-0.8661079028476084;1
0.9651176153833838;-0.2112173311092006;-0.3643490520716013;6.00115334928311;-0.3498658435244422;-0.274844998448779;0.1073771937437124;2.518537228580199;-0.9787982116291972;0.1879046930700347;-1.1476215803866527;1
0.9651176153833838;-0.2112173311092006;-0.3643490520716013;6.00115334928311;-0.3498658435244422;-0.274844998448779;0.1073771937437124;2.518537228580199;-0.9787982116291972;0.1879046930700347;-1.1476215803866527;1
1.8840788373108277;0.0121718461995135;1.9970334641037937;0.7881214144703761;0.712487904663145;-0.9440510170777072;-0.9870032560903992;0.5580998653531202;-1.691295904148589;0.4828777975457712;1.0106499474126835;1
1.13742284449478;-0.4904538027450932;1.1756830236949605;1.3909890531902165;0.4150288551706207;-1.0396518768818397;-1.0174027130302354;0.6640694525545712;-0.2015280016080468;1.0138293856020963;1.0106499474126835;0
2.9179102119792018;-1.439857806307128;1.7916958540015853;0.0434025666399854;-0.1161480189231728;-0.9440510170777072;-0.7742070575115441;1.8297349117706496;-0.9787982116291972;0.0699154512797407;-0.6784321178215799;1
1.36716314997664;-0.3787592140907361;0.6110045959138879;-0.3821510606916664;-0.5623365931619595;-0.8484501572735746;-0.9566037991505626;0.7170542461552967;-0.8492531766256718;-0.2250576531959957;-0.8661079028476084;0
1.079987768124314;-0.9372321573625216;1.8943646590526892;0.2561793803058113;0.7337349796268968;-0.5616475778611768;-0.1662179187148154;0.6640694525545712;-0.5253905891168593;0.0109208303845934;1.9490288725428293;1
1.079987768124314;-0.9372321573625216;1.8943646590526892;0.2561793803058113;0.7337349796268968;-0.5616475778611768;-0.1662179187148154;0.6640694525545712;-0.5253905891168593;0.0109208303845934;1.9490288725428293;1
-0.1835839120259207;0.2914083178354058;0.0463261681328153;0.4689561939716374;-0.4561012183432007;0.4899618799842817;2.052942437893244;0.2931758973494338;-0.5901631066186207;-0.6970146203571735;-0.9599457953606226;1
0.0461563934559404;0.1797137291810493;-0.980361882378226;-0.311225456136391;0.3725347052431171;0.0119575809636187;-0.0750195478953061;-0.5015960066615075;-1.1731157641344871;-0.8150038621474681;0.5414604848476106;0
-0.2410189883963857;0.6823393781256558;-1.3397027000570905;-0.0275230379152898;-0.2011363187781798;0.1075584407677513;-0.2574162895343247;-0.2366720386578799;0.1871071034025298;0.4828777975457712;1.198325732438712;1
2.0563840664222237;0.9336522025979588;1.329686231271617;0.6108074030821878;0.8612174294094075;-0.8484501572735746;-0.7742070575115441;1.299886975763336;-0.914025694127436;1.0728240064972436;1.667515195003785;1
0.3333317753082665;-0.5463010970722718;0.9190110110672004;-0.4530766652469418;-0.7535602678357253;-0.9440510170777072;-0.9262043422107262;-1.0314439426688211;0.251879620904294;0.246899313965182;1.9490288725428293;1
-0.2984540647668512;-0.5463010970722718;0.2516637782350234;0.1852537757505359;-0.1586421688506763;1.2547687584173426;0.3505728492624039;0.3461606909501593;-0.007210449102757;-0.1070684114057011;-0.1154047627434909;0
2.343559448274549;-0.2112173311092006;1.5863582438993769;0.3271049848610866;0.3300405553156136;1.15916789861321;1.5969505837956977;2.147643673375003;-0.9787982116291972;2.0167379408196;1.0106499474126835;1
2.4009945246450144;-1.3840105119799495;1.381020633797169;-0.1693742470258406;-0.1161480189231728;-0.3704458582529116;-0.5310114019928526;1.5648109437670223;-1.3026607991380126;4.1405442930449015;-0.584594225308564;1
2.2286892955336186;-1.0489267460168783;1.1756830236949605;-0.0984486424705652;-0.4561012183432007;-0.5616475778611768;-0.7742070575115441;1.7237653245691988;-1.2378882816362484;3.07864111693225;-1.1476215803866527;1
1.309728073606175;-0.6021483913994504;1.0730142186438565;0.1143281711952608;-0.4773482933069525;-1.0396518768818397;-0.8654054283310534;0.2401911037487083;-0.6549356241203849;1.2498078691826855;0.822974162386655;1
1.4820333027175712;-0.7696902743809858;1.0216798161183045;-0.524002269802217;0.6487466797718898;-0.9440510170777072;-0.9870032560903992;0.7700390397560222;-0.0719829666045213;0.5418724184409185;-0.584594225308564;1
1.4820333027175712;-0.7696902743809858;1.0216798161183045;-0.524002269802217;0.6487466797718898;-0.9440510170777072;-0.9870032560903992;0.7700390397560222;-0.0719829666045213;0.5418724184409185;-0.584594225308564;1
2.0563840664222237;0.2355610235082272;1.1756830236949605;0.0434025666399854;-0.1161480189231728;-0.9440510170777072;-0.4398130311733433;2.041674086173552;-1.2378882816362484;0.7188562811263605;0.259946807308566;1
-0.7579346757305729;0.8778049082707808;-1.391037102582643;-0.4530766652469418;-0.4348541433794489;2.306378216262801;0.5025701339615861;0.6110846589538457;1.871192558448362;0.8958401438118023;-0.4907563327955497;0
-0.987674981212434;1.603819734524101;-1.2883682975315385;0.1143281711952608;-0.3286187685606904;0.1075584407677513;-0.3790141172936704;-0.660550387463684;1.7416475234448363;1.36779711097298;1.7613530875168009;1
3.147650517461063;-0.2112173311092006;2.048367866629346;0.3271049848610866;0.1175698056780963;-0.9440510170777072;-0.9566037991505626;0.981978214158983;-1.8856134566538765;1.6037755945535694;1.4798394099777563;1
0.7353773099015227;0.1797137291810493;0.2003293757094713;0.1852537757505359;0.0325815058230892;-0.0836432788405138;-0.0142206340156332;0.6110846589538457;-1.3026607991380126;1.5447809736584222;-0.3969184402825354;1
0.4482019280491966;1.4362778515425658;-1.391037102582643;0.0434025666399854;0.1175698056780963;-0.4660467180570442;-0.561410858932689;1.405856562964787;0.3166521384060554;1.1908132482875382;-0.9599457953606226;1
1.36716314997664;0.7940339667800129;-0.2616802470204972;0.1143281711952608;0.4150288551706207;0.1075584407677513;-0.3790141172936704;1.9357044989721008;-0.2015280016080468;1.8987486990293048;-0.4907563327955497;1
0.4482019280491966;1.4921251458697444;-1.391037102582643;0.0434025666399854;0.1813110305693516;-0.4660467180570442;-0.6222097728123619;1.405856562964787;0.251879620904294;1.0138293856020963;-0.9599457953606226;1
-0.3558891411373163;0.7661103196164237;-1.391037102582643;-0.0984486424705652;0.053828580786841;-0.752849297469442;-0.8350059713912169;0.3461606909501593;-0.2663005191098082;0.4238831766506239;-1.0537836878736369;0
2.9753452883496667;0.0121718461995135;2.6643806969359707;1.603765866856042;0.6912408296993934;0.6811635995925469;0.928162531119296;2.6774916093823755;-0.8492531766256718;0.6598616602312132;2.4182183351079023;0
-1.2748503630647603;-1.7749415722701996;0.66233899843944;-0.8077046880233183;-0.4561012183432007;2.3541786461648675;3.603314741824902;-2.9388965122951745;-0.3958455541133338;-0.4020415158814376;1.3860015174647422;1
-0.9302399048419686;1.240812321397441;-1.3397027000570905;-0.0984486424705652;-0.2011363187781798;0.1075584407677513;-0.4398130311733433;-0.660550387463684;1.5473299709395467;-0.2840522740911431;2.230542550081874;1
1.8266437609403623;-0.6579956857266289;1.278351828746065;0.3271049848610866;-0.1586421688506763;1.2547687584173426;0.2593744784428946;1.7767501181699243;-0.3310730366115724;1.3088024900778328;0.5414604848476106;0
1.25229299723571;-0.6021483913994504;1.9970334641037937;0.2916421825834491;0.6062525298443866;-0.3704458582529116;-0.5310114019928526;0.1342215165472573;-0.4606180716150951;0.5418724184409185;1.198325732438712;1
2.0563840664222237;-0.5463010970722718;1.9970334641037937;0.398030589416362;0.4575230050981242;-0.5616475778611768;-0.7134081436318712;1.7237653245691988;-1.0435707291309615;1.131818627392391;-0.0215668702304767;1
2.45842960101548;-0.8255375687081643;1.9970334641037937;0.0434025666399854;0.0113344308593374;-0.5616475778611768;-0.1662179187148154;2.253613260576454;-0.914025694127436;0.128910072174888;-0.584594225308564;1
-0.0687137592849906;0.961575849761548;-0.2103458444949451;-0.3821510606916664;0.2450522554606068;-0.1792441386446464;1.0497603588786415;0.2931758973494338;-0.7844806591239104;0.246899313965182;-0.9599457953606226;0
0.1610265461968704;-0.4346065084179146;0.2003293757094713;0.0434025666399854;-0.031159719068166;0.4899618799842817;0.1073771937437124;0.7700390397560222;0.3814246559078196;1.4857863527632749;-0.4907563327955497;1
2.0563840664222237;0.2914083178354058;1.9970334641037937;-0.0275230379152898;-0.3286187685606904;-0.9440510170777072;-0.2878157464741611;1.299886975763336;-1.691295904148589;-0.579025378566879;-0.3969184402825354;0
2.4009945246450144;-0.3787592140907361;1.8430302565271373;-0.3821510606916664;-0.3498658435244422;-0.9440510170777072;-0.9566037991505626;1.087947801360434;-2.079931009159163;1.2498078691826855;-0.2092426552565069;0
2.57329975375641;0.4868738479805308;1.9970334641037937;2.313021912408795;-0.094900943959421;-0.8484501572735746;-0.135818461774979;2.889430783785277;-1.5617508691450637;0.4238831766506239;-0.3969184402825354;1
0.9651176153833838;-0.6021483913994504;1.1756830236949605;0.6108074030821878;0.4150288551706207;-0.8484501572735746;-0.7742070575115441;0.6110846589538457;-0.3310730366115724;1.6037755945535694;1.292163624951728;1
2.57329975375641;0.4868738479805308;1.9970334641037937;2.313021912408795;-0.094900943959421;-0.8484501572735746;-0.135818461774979;2.889430783785277;-1.5617508691450637;0.4238831766506239;-0.3969184402825354;1
1.194857920865245;0.2634846706718165;1.7403614514760333;0.0434025666399854;-0.2436304687056834;-0.4660467180570442;-0.6830086866920347;1.7237653245691988;-0.9787982116291972;0.1879046930700347;-1.3352973654126814;0
1.13742284449478;-1.0489267460168783;1.278351828746065;0.1852537757505359;1.5198767532857116;-0.0836432788405138;0.8673636172396232;1.6177957373677478;-0.8492531766256718;-0.1070684114057011;-0.9599457953606226;0
0.6205071571605927;-1.439857806307128;1.329686231271617;-0.0984486424705652;-0.2861246186331869;-0.9440510170777072;-0.8654054283310534;-0.2896568322586054;-0.7197081416221462;2.7836680124565136;1.4798394099777563;1
-0.815369752101038;1.3245832628882088;-1.2883682975315385;-0.1693742470258406;-0.519842443234456;1.828373917242138;0.5025701339615861;0.3991454845509437;1.676875005943072;0.7188562811263605;-0.4907563327955497;0
-0.2410189883963857;-1.6073996892886635;0.66233899843944;-0.6658534789127676;-0.6685719679807182;-0.4660467180570442;-0.6526092297521983;-0.0247328642549191;0.0575620683990042;1.2498078691826855;-1.6168110429517255;1
0.4482019280491966;-1.3840105119799495;1.0730142186438565;-0.524002269802217;-0.4348541433794489;0.9679661790049447;-0.0142206340156332;-0.0247328642549191;0.0575620683990042;2.252716424400189;0.1661089147955518;1
-0.5281943702487119;0.1238664348538707;-0.2616802470204972;-0.2402998515811156;0.3937817802068689;-0.3704458582529116;0.776165246420114;-0.4486112130607819;-1.691295904148589;-0.1660630323008484;-1.1476215803866527;0
3.262520670201993;-0.6579956857266289;1.8430302565271373;0.8945098213032889;0.0325815058230892;-0.9440510170777072;0.0161788229242031;2.465552434979473;-1.9503859741556404;0.8958401438118023;0.353784699821582;1
1.8266437609403623;0.0680191405266921;2.253705476731554;1.3200634486349412;0.7762291295544004;-0.9440510170777072;-0.9566037991505626;0.8760086269574732;-1.9503859741556404;1.0138293856020963;1.292163624951728;1
1.8266437609403623;-0.4346065084179146;1.1756830236949605;0.3271049848610866;-0.2011363187781798;0.2987601603760165;0.0161788229242031;1.8827197053713756;-0.3310730366115724;2.6656787706662204;0.5414604848476106;1
0.6205071571605927;-1.439857806307128;1.329686231271617;-0.0984486424705652;-0.2861246186331869;-0.9440510170777072;-0.8654054283310534;-0.2896568322586054;-0.7197081416221462;2.7836680124565136;1.4798394099777563;1
1.769208684569897;0.5427211423077094;1.9970334641037937;2.5967243306298964;0.0113344308593374;-0.9440510170777072;-0.6830086866920347;1.087947801360434;-1.3026607991380126;1.9577433199244525;2.699732012646947;1
-0.0112786829145246;-0.6021483913994504;0.5596701933883358;-0.0275230379152898;0.138816880641848;0.7767644593966796;0.4113717631420768;0.6110846589538457;-0.007210449102757;0.246899313965182;0.353784699821582;1
-0.0112786829145246;-1.4957051006343065;0.765007803490544;-0.3821510606916664;-0.1586421688506763;-0.4660467180570442;-0.5918103158725254;0.3461606909501593;-0.6549356241203849;0.836845522916655;-0.9599457953606226;1
3.0902154410905966;-0.6300720385630396;2.099702269154898;0.2561793803058113;-0.0524067940319175;0.1075584407677513;-0.1054190048351425;2.465552434979473;-1.6265233866468252;0.836845522916655;-0.3969184402825354;1
-0.0112786829145246;-1.4957051006343065;0.765007803490544;-0.3821510606916664;-0.1586421688506763;-0.4660467180570442;-0.5918103158725254;0.3461606909501593;-0.6549356241203849;0.836845522916655;-0.9599457953606226;1
-0.0112786829145246;-1.4957051006343065;0.765007803490544;-0.3821510606916664;-0.1586421688506763;-0.4660467180570442;-0.5918103158725254;0.3461606909501593;-0.6549356241203849;0.836845522916655;-0.9599457953606226;1
-0.3558891411373163;-0.0995227424548435;0.0463261681328153;-0.311225456136391;-0.0099126441044142;0.6811635995925469;0.2289750215030581;0.6640694525545712;0.7052872434166321;0.4828777975457712;-1.1476215803866527;0
-0.5281943702487119;0.5706447894712987;-1.031696284903778;-0.0984486424705652;0.053828580786841;-0.4660467180570442;-0.2878157464741611;0.6110846589538457;0.7700597609183962;0.6008670393360659;-0.6784321178215799;1
-0.2984540647668512;0.0680191405266921;-0.0563426369182889;-0.3821510606916664;0.0113344308593374;0.6811635995925469;0.0465782798640396;0.7170542461552967;0.6405147259148707;0.4828777975457712;-1.1476215803866527;1
-0.0112786829145246;0.7381866724528344;-0.6210210646993617;-0.4530766652469418;-0.179889243814428;0.1075584407677513;-0.135818461774979;0.2401911037487083;-0.007210449102757;-0.6970146203571735;-0.7722700103345941;1
-0.2984540647668512;-0.3787592140907361;-0.0563426369182889;-0.4530766652469418;0.0113344308593374;0.6811635995925469;0.1985755645632217;0.7170542461552967;0.7700597609183962;0.4828777975457712;-1.1476215803866527;1
0.7353773099015227;-0.8255375687081643;0.2003293757094713;-0.0275230379152898;0.1813110305693516;0.0119575809636187;0.076977736803876;0.7700390397560222;-0.7844806591239104;0.246899313965182;-0.3969184402825354;1
-1.5620257449170865;1.799285264669226;-1.1343650899548825;-0.8077046880233183;-0.9022897925819876;-0.3704458582529116;1.2625565574574968;-2.30307898908641;1.6121024884413109;0.9548347647069492;2.324380442594888;1
3.0902154410905966;-0.6300720385630396;2.099702269154898;0.2561793803058113;-0.0524067940319175;0.1075584407677513;-0.1054190048351425;2.465552434979473;-1.6265233866468252;0.836845522916655;-0.3969184402825354;1
0.6779422335310578;-0.8813848630353429;1.278351828746065;-0.3821510606916664;-0.1161480189231728;-0.9440510170777072;-0.6222097728123619;0.6640694525545712;-0.8492531766256718;-0.8739984830426154;-0.8661079028476084;0
0.0461563934559404;0.7661103196164237;1.7403614514760333;-0.3821510606916664;0.5212642299893795;-0.274844998448779;1.475352756036352;0.1342215165472573;-0.9787982116291972;-0.6970146203571735;-1.241459472899667;0
2.5158646773859448;0.403102906489763;1.9456990615782417;-0.1693742470258406;-0.519842443234456;-0.9440510170777072;-0.6526092297521983;1.5648109437670223;-1.820840939152115;-0.5200307576717322;-0.4907563327955497;0
2.113819142792688;-0.8813848630353429;2.510377489359314;1.1782122395243904;-0.4561012183432007;-0.8484501572735746;-0.2574162895343247;1.9357044989721008;-0.5901631066186207;-0.3430468949862904;2.4182183351079023;1
-0.987674981212434;1.157041379906673;-1.2883682975315385;3.8024596080695767;0.7337349796268968;4.983202290778514;2.3569370072916085;1.405856562964787;1.0291498309254474;-0.7560092412523208;-0.4907563327955497;0
1.8266437609403623;0.3472556121625844;1.637692646424929;0.0434025666399854;-0.0099126441044142;-0.274844998448779;0.076977736803876;1.087947801360434;-0.8492531766256718;-0.0480737905105538;0.5414604848476106;1
1.8266437609403623;0.3472556121625844;1.637692646424929;0.0434025666399854;-0.0099126441044142;-0.274844998448779;0.076977736803876;1.087947801360434;-0.8492531766256718;-0.0480737905105538;0.5414604848476106;1
0.2184616225673354;1.3245832628882088;-0.2616802470204972;-0.1693742470258406;-0.4985953682707043;-0.6572484376653094;-0.135818461774979;-0.2366720386578799;-1.367433316639774;-0.6380199994620263;-0.9599457953606226;0
-0.987674981212434;1.157041379906673;-1.2883682975315385;3.8024596080695767;0.7337349796268968;4.983202290778514;2.3569370072916085;1.405856562964787;1.0291498309254474;-0.7560092412523208;-0.4907563327955497;0
-0.3558891411373163;-1.4957051006343065;0.1489949731839192;-0.5949278743574924;-0.604830743089463;0.3943610201801492;-0.2574162895343247;-0.9784591490680958;-0.1367554841062826;-1.1099769666232049;0.353784699821582;1
2.2286892955336186;-0.2670646254363792;1.381020633797169;0.0434025666399854;-0.0524067940319175;0.2987601603760165;0.5329695909014225;1.7237653245691988;-1.367433316639774;-0.2840522740911431;0.0722710222825375;1
1.769208684569897;0.403102906489763;1.1243486211694085;0.1143281711952608;-0.0524067940319175;-0.5616475778611768;-0.1662179187148154;1.405856562964787;-1.0435707291309615;-0.1660630323008484;0.0722710222825375;1
-0.3558891411373163;0.9057285554343696;-1.1343650899548825;0.1143281711952608;-0.2648775436694351;-0.0836432788405138;-0.5918103158725254;0.3461606909501593;-0.3310730366115724;-0.2840522740911431;-1.241459472899667;0
0.2184616225673354;-1.216468628998414;0.9703454135927524;-0.8077046880233183;-0.604830743089463;-0.4660467180570442;-0.6526092297521983;-0.0777176578556446;0.3166521384060554;0.6008670393360659;-0.3030805477695211;1
0.8502474626424538;-0.4904538027450932;1.0216798161183045;-0.0275230379152898;-0.519842443234456;-0.6572484376653094;-0.561410858932689;0.7170542461552967;-0.4606180716150951;-0.0480737905105538;0.353784699821582;1
2.113819142792688;-0.7696902743809858;1.9970334641037937;0.3271049848610866;0.1175698056780963;-0.3704458582529116;-0.5006119450530162;1.5118261501662968;-0.8492531766256718;-0.1660630323008484;0.353784699821582;1
1.194857920865245;-1.0489267460168783;1.5863582438993769;0.823584216748014;1.8385828777419877;-0.9440510170777072;-0.9262043422107262;0.1342215165472573;-0.7844806591239104;0.246899313965182;0.822974162386655;1
2.4009945246450144;-0.3787592140907361;1.1243486211694085;1.3909890531902165;-0.3711129184881936;0.9679661790049447;0.076977736803876;0.7170542461552967;-1.691295904148589;-0.5200307576717322;-0.7722700103345941;0
0.3907668516787315;-0.5463010970722718;0.3543325832861276;-0.0275230379152898;-0.1586421688506763;0.9679661790049447;1.201757643577824;1.0349630077597085;0.4461971734095809;-0.2250576531959957;-0.8661079028476084;1
0.4482019280491966;-0.4346065084179146;0.4056669858116795;-0.0984486424705652;-0.1586421688506763;0.6811635995925469;0.9585619880591324;1.0349630077597085;0.4461971734095809;-0.2250576531959957;-0.8661079028476084;0
-0.700499599360108;1.157041379906673;-0.5696866621738096;-0.4530766652469418;0.2662993304243586;-0.0836432788405138;0.928162531119296;-0.0777176578556446;-0.2663005191098082;-0.1070684114057011;-1.0537836878736369;0
0.9076825390129188;-0.7138429800538072;1.329686231271617;2.951352353406273;0.2025581055331033;-0.9440510170777072;-0.8350059713912169;0.981978214158983;-0.2663005191098082;0.9548347647069492;1.198325732438712;1
0.2758966989378015;-0.0436754481276649;0.3543325832861276;0.1143281711952608;-0.0099126441044142;0.7767644593966796;2.2961380934119355;0.7700390397560222;-0.3310730366115724;-0.2840522740911431;-0.8661079028476084;0
0.1610265461968704;1.1011940855794946;-0.1590114419693931;2.8804267488509976;0.6274996048081384;1.4459704780256075;2.660931576689973;2.465552434979473;0.0575620683990042;2.429700287085631;-1.0537836878736369;0
1.309728073606175;-0.2670646254363792;1.8943646590526892;-0.2402998515811156;0.5000171550256277;-0.9440510170777072;-0.8046065144513804;0.1342215165472573;-0.3310730366115724;0.0109208303845934;1.198325732438712;1
-0.7579346757305729;0.2914083178354058;-0.7750242722760179;-0.4530766652469418;0.0750756557505927;1.7327730574380056;2.3569370072916085;-0.6075655938629585;0.8348322784201576;-1.0509823457280574;0.0722710222825375;0
2.0563840664222237;-0.8255375687081643;1.227017426220513;-0.3821510606916664;0.712487904663145;-0.8484501572735746;-0.8046065144513804;1.5118261501662968;-0.4606180716150951;0.6008670393360659;-0.0215668702304767;1
-0.8728048284715035;1.352506910051798;-1.391037102582643;-0.524002269802217;-0.4561012183432007;1.7327730574380056;0.1681761076233853;0.4521302781516692;2.000737593451888;0.128910072174888;-0.4907563327955497;0
0.6779422335310578;0.1797137291810493;0.3029981807605755;-0.0984486424705652;0.0325815058230892;1.828373917242138;0.6241679617209318;0.2401911037487083;-0.2015280016080468;0.4238831766506239;1.292163624951728;1
-0.987674981212434;1.7434379703420475;-1.2370338950059865;-0.1693742470258406;-0.604830743089463;1.5415713378297404;0.0465782798640396;-0.8195047682659193;1.3530124184342598;-0.579025378566879;1.7613530875168009;1
-0.3558891411373163;2.4136055022681897;-0.3643490520716013;-0.3821510606916664;-0.8597956426544839;-0.0836432788405138;0.4113717631420768;-0.660550387463684;0.3166521384060554;-1.2869608293086463;0.4476225923345963;0
1.25229299723571;-1.6073996892886635;1.0216798161183045;-0.311225456136391;-0.4561012183432007;-0.9440510170777072;-0.6830086866920347;0.5580998653531202;-1.0435707291309615;1.4267917318681274;0.5414604848476106;1
-0.3558891411373163;2.4136055022681897;-0.3643490520716013;-0.3821510606916664;-0.8597956426544839;-0.0836432788405138;0.4113717631420768;-0.660550387463684;0.3166521384060554;-1.2869608293086463;0.4476225923345963;0
-0.987674981212434;1.7434379703420475;-1.2370338950059865;-0.1693742470258406;-0.604830743089463;1.5415713378297404;0.0465782798640396;-0.8195047682659193;1.3530124184342598;-0.579025378566879;1.7613530875168009;1
-1.102545133953364;0.7940339667800129;-0.980361882378226;-0.311225456136391;-0.9022897925819876;0.2987601603760165;0.0465782798640396;-0.9784591490680958;1.1586948659289729;-0.99198772483291;0.9168120548996692;1
0.6779422335310578;1.4083542043789767;-0.2616802470204972;-0.4530766652469418;-0.2223833937419316;-0.9440510170777072;-0.4398130311733433;1.087947801360434;-0.3310730366115724;-0.579025378566879;0.1661089147955518;1
0.4482019280491966;-0.0436754481276649;0.3029981807605755;-0.8786302925785935;-0.3711129184881936;-0.6572484376653094;-0.5006119450530162;0.5580998653531202;-0.4606180716150951;-0.3430468949862904;-1.0537836878736369;0
2.57329975375641;1.7434379703420475;1.8430302565271373;-0.0984486424705652;0.0113344308593374;-0.274844998448779;-0.348614660353834;1.5648109437670223;-1.367433316639774;-0.3430468949862904;-0.0215668702304767;1
1.25229299723571;-1.6073996892886635;1.0216798161183045;-0.311225456136391;-0.4561012183432007;-0.9440510170777072;-0.6830086866920347;0.5580998653531202;-1.0435707291309615;1.4267917318681274;0.5414604848476106;1
-0.2984540647668512;0.1238664348538707;0.4056669858116795;-0.2402998515811156;-0.2861246186331869;0.4899618799842817;0.5937685047810953;0.3461606909501593;-0.3958455541133338;-0.579025378566879;-1.1476215803866527;0
2.0563840664222237;-0.8813848630353429;2.151036671680449;-0.1693742470258406;-0.2011363187781798;-0.3704458582529116;-0.6830086866920347;-0.5015960066615075;-2.015158491657402;-0.0480737905105538;2.230542550081874;1
2.2861243719040845;-0.7696902743809858;1.8430302565271373;-0.1693742470258406;0.0750756557505927;-0.9440510170777072;-0.8654054283310534;1.9357044989721008;-0.9787982116291972;-0.99198772483291;-0.8661079028476084;0
1.194857920865245;-0.6579956857266289;1.432355036322721;0.4689561939716374;-0.2436304687056834;0.5855627397884143;0.2289750215030581;1.5118261501662968;-1.0435707291309615;1.36779711097298;-0.4907563327955497;1
2.2861243719040845;-0.7696902743809858;1.8430302565271373;-0.1693742470258406;0.0750756557505927;-0.9440510170777072;-0.8654054283310534;1.9357044989721008;-0.9787982116291972;-0.99198772483291;-0.8661079028476084;0
-0.1835839120259207;0.7940339667800129;0.1489949731839192;-0.3821510606916664;-0.5835836681257113;2.115176496654536;0.4721706770217496;-0.5015960066615075;-0.3310730366115724;-0.579025378566879;-0.2092426552565069;1
1.596903455458501;-0.4346065084179146;2.356374281782658;0.4689561939716374;-0.4561012183432007;-0.9440510170777072;-0.7438076005717076;0.981978214158983;-0.914025694127436;0.0109208303845934;0.729136269873639;1
1.194857920865245;-0.6579956857266289;1.432355036322721;0.4689561939716374;-0.2436304687056834;0.5855627397884143;0.2289750215030581;1.5118261501662968;-1.0435707291309615;1.36779711097298;-0.4907563327955497;1
-0.7579346757305729;0.5147974951441201;-0.4670178571227055;-0.736779083468043;-0.5410895181982078;-0.8484501572735746;0.1073771937437124;-0.8724895618666448;-1.4969783516432995;-0.3430468949862904;-1.0537836878736369;0
2.45842960101548;-1.216468628998414;2.3050398792571056;-0.2402998515811156;-0.3286187685606904;-0.9440510170777072;-0.5310114019928526;1.0349630077597085;-2.792428701678555;0.9548347647069492;-0.584594225308564;1
2.0563840664222237;-0.7138429800538072;1.9456990615782417;-0.2757626538587535;-0.4136070684156972;-0.8484501572735746;-0.5918103158725254;1.087947801360434;-1.6265233866468252;0.128910072174888;0.822974162386655;1
4.181481892129437;0.8778049082707808;2.510377489359314;0.823584216748014;0.2662993304243586;-0.9440510170777072;-0.1054190048351425;3.41927871979265;-2.3390210791662143;0.128910072174888;0.729136269873639;1
0.9651176153833838;-0.4904538027450932;1.1243486211694085;0.1143281711952608;-0.2223833937419316;-0.4660467180570442;-0.8350059713912169;-0.2366720386578799;-0.5253905891168593;-0.1660630323008484;1.1044878399256977;1
-1.734330974028482;0.2355610235082272;-1.3397027000570905;-0.5949278743574924;-0.7110661179082217;-1.0396518768818397;-0.5918103158725254;-1.773231053079096;1.676875005943072;1.0728240064972436;1.9490288725428293;1
0.6779422335310578;1.157041379906673;-0.8776930773271219;-0.311225456136391;-0.179889243814428;-0.9440510170777072;-0.4702124881131797;0.981978214158983;-0.5253905891168593;-0.579025378566879;-0.3030805477695211;1
2.4009945246450144;-0.8255375687081643;1.689027048950481;0.0434025666399854;-0.1373950938869245;1.4459704780256075;0.776165246420114;1.5118261501662968;-1.367433316639774;0.4238831766506239;0.0722710222825375;0
0.5630720807901277;-0.2670646254363792;0.0976605706583671;-0.311225456136391;0.8399703544456557;-0.9440510170777072;-0.9262043422107262;0.0282519293458063;-0.5901631066186207;0.3648885557554766;0.729136269873639;0
0.1610265461968704;0.0121718461995135;-0.2616802470204972;-0.3821510606916664;0.2662993304243586;-0.8484501572735746;-0.5918103158725254;-0.0247328642549191;-0.7197081416221462;-0.579025378566879;-0.2092426552565069;1
2.0563840664222237;-0.7696902743809858;2.151036671680449;0.1852537757505359;0.1600639556055998;0.1075584407677513;-0.348614660353834;1.405856562964787;-1.367433316639774;-0.2840522740911431;0.353784699821582;1
2.0563840664222237;-0.7696902743809858;2.151036671680449;0.1852537757505359;0.1600639556055998;0.1075584407677513;-0.348614660353834;1.405856562964787;-1.367433316639774;-0.2840522740911431;0.353784699821582;1
0.0461563934559404;-0.8813848630353429;1.329686231271617;-0.524002269802217;6.9166337940786535;-0.6572484376653094;-0.6222097728123619;0.6110846589538457;-1.6265233866468252;2.370705666190484;-1.241459472899667;1
-0.8728048284715035;0.1797137291810493;-1.2370338950059865;-0.5949278743574924;-0.0736538689956692;0.2031593005718839;-0.348614660353834;0.0282519293458063;0.8348322784201576;-0.1660630323008484;-0.3969184402825354;1
1.194857920865245;-1.104774040344057;1.8430302565271373;0.1852537757505359;-0.0736538689956692;-1.0396518768818397;-0.7438076005717076;1.6177957373677478;-0.3310730366115724;0.4828777975457712;0.729136269873639;1
-0.7579346757305729;-1.6632469836158423;0.66233899843944;-0.6658534789127676;-0.519842443234456;0.4899618799842817;0.6241679617209318;-0.8195047682659193;1.2234673834307344;-0.1660630323008484;0.6352983773606248;0
1.711773608199432;0.5147974951441201;2.048367866629346;1.887468285077144;-0.031159719068166;-0.9440510170777072;-0.8350059713912169;1.087947801360434;-0.5901631066186207;0.1879046930700347;2.793569905159961;1
0.3333317753082665;0.3472556121625844;0.6110045959138879;-0.1693742470258406;0.1600639556055998;-1.0396518768818397;-0.7438076005717076;0.981978214158983;0.3814246559078196;-0.4610361367765849;-0.1154047627434909;0
0.5056370044196616;0.5706447894712987;-0.3130146495460493;0.1143281711952608;0.2025581055331033;1.2547687584173426;0.563369047841259;1.087947801360434;-0.2015280016080468;-0.4610361367765849;-0.7722700103345941;0
1.194857920865245;-1.104774040344057;1.8430302565271373;0.1852537757505359;-0.0736538689956692;-1.0396518768818397;-0.7438076005717076;1.6177957373677478;-0.3310730366115724;0.4828777975457712;0.729136269873639;1
1.8840788373108277;0.2914083178354058;1.9970334641037937;-0.2402998515811156;-0.2861246186331869;-0.5616475778611768;0.0161788229242031;2.147643673375003;-0.3958455541133338;-0.5200307576717322;-1.3352973654126814;0
0.5056370044196616;-0.5463010970722718;1.278351828746065;-0.1693742470258406;-0.094900943959421;-0.1792441386446464;-0.7134081436318712;0.4521302781516692;0.251879620904294;-0.2840522740911431;0.822974162386655;1
-0.0112786829145246;0.4868738479805308;-0.2616802470204972;0.0434025666399854;-0.0099126441044142;-0.9440510170777072;-0.8350059713912169;0.7700390397560222;-0.3310730366115724;-0.2840522740911431;-1.0537836878736369;0
1.539468379088036;-1.4957051006343065;2.099702269154898;0.0079397643623476;-0.0524067940319175;-0.5616475778611768;-0.6526092297521983;0.1342215165472573;-0.8492531766256718;-0.2840522740911431;1.292163624951728;0
-0.1261488356554556;0.7381866724528344;2.2023710742060016;-0.2402998515811156;0.2238051804968551;0.8723653192008122;2.5089342919907907;0.2401911037487083;-1.4969783516432995;-0.7560092412523208;-1.3352973654126814;0
1.8266437609403623;-1.1885449818348248;1.381020633797169;-0.311225456136391;-0.0736538689956692;-1.0396518768818397;-0.9566037991505626;1.0349630077597085;-2.144703526660927;0.246899313965182;-1.1476215803866527;1
0.9651176153833838;-1.3281632176527711;0.66233899843944;0.2561793803058113;0.2238051804968551;-0.5616475778611768;-0.6222097728123619;2.041674086173552;1.0939223484272087;1.4857863527632749;-0.6784321178215799;0
1.13742284449478;-0.1553700367820221;0.765007803490544;-0.3821510606916664;-0.3923599934519454;0.4899618799842817;0.1377766506835488;0.7700390397560222;-0.9787982116291972;0.3648885557554766;1.0106499474126835;1
0.2758966989378015;-0.3787592140907361;0.9190110110672004;0.0434025666399854;-0.4773482933069525;-0.8484501572735746;-0.8654054283310534;-1.0844287362695468;0.0575620683990042;0.7778509020215078;3.3565972602380483;1
1.769208684569897;-0.9372321573625216;2.151036671680449;-0.311225456136391;0.053828580786841;-0.9440510170777072;-0.7742070575115441;1.7237653245691988;-0.914025694127436;-0.2250576531959957;-1.1476215803866527;1
0.2184616225673354;1.6317433816876905;-1.2883682975315385;-0.9495558971338688;-0.3711129184881936;1.9239747770462707;0.0465782798640396;-0.8195047682659193;-0.7197081416221462;-0.4610361367765849;-0.584594225308564;0
2.688169906497341;-1.1606213346712355;1.9456990615782417;0.0434025666399854;0.1175698056780963;-0.0836432788405138;0.0161788229242031;1.5118261501662968;-1.691295904148589;-0.2840522740911431;0.1661089147955518;0
0.7353773099015227;0.0680191405266921;0.765007803490544;-0.0984486424705652;-0.1373950938869245;0.8723653192008122;0.1681761076233853;0.1342215165472573;-0.7197081416221462;0.3058939348603293;0.9168120548996692;1
2.4009945246450144;-0.8813848630353429;1.432355036322721;0.0434025666399854;-0.094900943959421;0.8723653192008122;0.6545674186607682;1.4588413565655711;-1.0435707291309615;0.9548347647069492;-0.0215668702304767;1
0.9076825390129188;-0.9930794516897;1.432355036322721;-0.311225456136391;-0.5410895181982078;-1.0396518768818397;-0.9870032560903992;0.1872063101479828;-0.3310730366115724;0.7778509020215078;0.1661089147955518;0
1.25229299723571;-1.3840105119799495;1.227017426220513;-0.5949278743574924;-0.1586421688506763;-0.5616475778611768;-0.6830086866920347;0.7700390397560222;-0.7197081416221462;1.36779711097298;-0.9599457953606226;1
0.7353773099015227;0.8498812611071915;-0.1590114419693931;-0.2402998515811156;-0.0099126441044142;-1.0396518768818397;-0.561410858932689;1.087947801360434;-1.1083432466327228;-0.3430468949862904;-0.2092426552565069;0
0.5630720807901277;-1.439857806307128;0.7136734009649919;-0.3821510606916664;0.0750756557505927;-0.9440510170777072;-0.9262043422107262;0.6640694525545712;-0.2015280016080468;0.246899313965182;-0.6784321178215799;0
1.194857920865245;-1.6073996892886635;1.1243486211694085;-0.524002269802217;-0.2648775436694351;-0.9440510170777072;-0.8046065144513804;0.5051150717523947;-0.8492531766256718;2.370705666190484;0.5414604848476106;1
0.7353773099015227;0.8498812611071915;-0.1590114419693931;-0.2402998515811156;-0.0099126441044142;-1.0396518768818397;-0.561410858932689;1.087947801360434;-1.1083432466327228;-0.3430468949862904;-0.2092426552565069;0
0.6205071571605927;0.8778049082707808;-0.82635867480157;0.1143281711952608;-0.2223833937419316;-0.9440510170777072;-0.4702124881131797;0.8760086269574732;-0.7844806591239104;0.246899313965182;-0.3030805477695211;1
1.309728073606175;-1.3840105119799495;0.6110045959138879;9.1928055542705;-0.3923599934519454;-0.9440510170777072;-0.7134081436318712;3.1013699581881795;-1.2378882816362484;0.0109208303845934;-1.1476215803866527;0
0.6205071571605927;-1.2723159233255923;1.483689438848273;0.1852537757505359;-0.1586421688506763;-0.9440510170777072;-0.8958048852708898;-0.1836872450571544;-1.0435707291309615;1.5447809736584222;1.198325732438712;1
1.309728073606175;-0.9372321573625216;1.637692646424929;-0.2402998515811156;1.3711472285394493;-0.9440510170777072;-0.8654054283310534;0.981978214158983;-1.7560684216503506;2.311711045295336;-0.9599457953606226;0
1.309728073606175;-0.9372321573625216;1.689027048950481;-0.2402998515811156;1.3711472285394493;-0.8484501572735746;-0.8654054283310534;0.981978214158983;-1.7560684216503506;2.370705666190484;-0.9599457953606226;0
1.309728073606175;-0.4904538027450932;2.099702269154898;1.1072866349691148;0.563758379916883;-0.9440510170777072;-0.6830086866920347;0.1342215165472573;-1.6265233866468252;0.0109208303845934;2.793569905159961;1
1.079987768124314;0.7940339667800129;0.6110045959138879;-0.4530766652469418;-0.7110661179082217;-0.9440510170777072;-0.8958048852708898;0.4521302781516692;-0.914025694127436;-1.1099769666232049;-0.3969184402825354;0
1.079987768124314;0.7940339667800129;0.6110045959138879;-0.4530766652469418;-0.7110661179082217;-0.9440510170777072;-0.8958048852708898;0.4521302781516692;-0.914025694127436;-1.1099769666232049;-0.3969184402825354;0
1.079987768124314;0.6544157309620665;0.4570013883372316;-0.524002269802217;-0.7323131928719735;-1.0396518768818397;-0.9870032560903992;0.7700390397560222;-0.914025694127436;-1.4049500710989409;-0.3969184402825354;1
1.8840788373108277;-1.1606213346712355;1.432355036322721;0.1852537757505359;-0.1373950938869245;1.828373917242138;0.6241679617209318;1.8297349117706496;0.0575620683990042;1.5447809736584222;0.353784699821582;1
0.5630720807901277;-0.7696902743809858;0.66233899843944;0.0434025666399854;-0.3073716935969386;-0.5616475778611768;-0.6222097728123619;0.8760086269574732;0.1871071034025298;0.5418724184409185;-0.2092426552565069;1
0.5630720807901277;1.3804305572153874;-0.0050082343927367;0.1852537757505359;-0.2011363187781798;0.7767644593966796;0.289773935382731;0.8760086269574732;-0.007210449102757;0.0699154512797407;0.1661089147955518;1
0.5056370044196616;-0.6579956857266289;1.1756830236949605;-0.0275230379152898;-0.6898190429444699;-0.3704458582529116;-0.6526092297521983;-0.8195047682659193;0.1871071034025298;0.7778509020215078;2.699732012646947;1
0.3333317753082665;-0.7138429800538072;1.227017426220513;0.0434025666399854;-0.7535602678357253;-0.274844998448779;-0.5918103158725254;-0.9254743554673704;0.0575620683990042;1.4267917318681274;2.793569905159961;1
0.2184616225673354;0.9057285554343696;0.2003293757094713;0.3271049848610866;-0.031159719068166;0.6811635995925469;1.0497603588786415;1.8297349117706496;1.0939223484272087;0.4828777975457712;1.1044878399256977;1
-1.045110057582899;-0.7696902743809858;-0.2103458444949451;4.086162026290679;-0.774807342799477;1.15916789861321;1.353754928277006;-0.8195047682659193;0.8348322784201576;-0.6380199994620263;1.5736773024907706;1
1.36716314997664;-0.9930794516897;1.329686231271617;0.0434025666399854;-0.3711129184881936;-1.0396518768818397;-0.9262043422107262;0.2401911037487083;-1.0435707291309615;-0.0480737905105538;0.5414604848476106;1
-0.2984540647668512;-0.0436754481276649;-0.107677039443841;-0.4530766652469418;-0.1373950938869245;-0.1792441386446464;-0.2574162895343247;0.8760086269574732;0.7700597609183962;-0.0480737905105538;-1.3352973654126814;1
-0.6430645229896425;-1.0489267460168783;0.2516637782350234;-0.0275230379152898;0.053828580786841;2.593180795675199;2.0225429809534075;-0.0777176578556446;0.0575620683990042;0.7778509020215078;0.6352983773606248;0
1.36716314997664;-0.9930794516897;1.329686231271617;0.0434025666399854;-0.3711129184881936;-1.0396518768818397;-0.9262043422107262;0.2401911037487083;-1.0435707291309615;-0.0480737905105538;0.5414604848476106;1
0.2184616225673354;0.9057285554343696;0.2003293757094713;0.3271049848610866;-0.031159719068166;0.6811635995925469;1.0497603588786415;1.8297349117706496;1.0939223484272087;0.4828777975457712;1.1044878399256977;1
-0.2984540647668512;-0.0436754481276649;-0.107677039443841;-0.4530766652469418;-0.1373950938869245;-0.1792441386446464;-0.2574162895343247;0.8760086269574732;0.7700597609183962;-0.0480737905105538;-1.3352973654126814;1
1.194857920865245;-0.4904538027450932;2.356374281782658;2.84496394657336;-0.2861246186331869;2.115176496654536;0.8977630741794597;1.193917388561885;-0.914025694127436;1.131818627392391;1.4798394099777563;1
1.194857920865245;-0.4904538027450932;2.356374281782658;2.84496394657336;-0.2861246186331869;2.115176496654536;0.8977630741794597;1.193917388561885;-0.914025694127436;1.131818627392391;1.4798394099777563;1
1.25229299723571;-1.4957051006343065;1.0216798161183045;-0.4530766652469418;-0.2011363187781798;-0.9440510170777072;-0.6830086866920347;0.4521302781516692;-0.8492531766256718;2.252716424400189;0.4476225923345963;1
1.25229299723571;-1.6073996892886635;0.765007803490544;-0.524002269802217;-0.2223833937419316;-0.9440510170777072;-0.7438076005717076;0.4521302781516692;-0.6549356241203849;2.311711045295336;0.353784699821582;1
1.079987768124314;-0.2112173311092006;1.8430302565271373;0.2561793803058113;-0.3286187685606904;-0.5616475778611768;-0.6222097728123619;0.0282519293458063;-0.9787982116291972;0.7188562811263605;1.9490288725428293;1
1.194857920865245;-1.6073996892886635;0.9703454135927524;-0.524002269802217;-0.2648775436694351;-0.9440510170777072;-0.7742070575115441;0.4521302781516692;-0.3958455541133338;2.1347271826098946;0.353784699821582;1
1.654338531828966;0.7940339667800129;1.432355036322721;-0.1693742470258406;-0.0736538689956692;-0.9440510170777072;-1.0174027130302354;1.7237653245691988;-0.914025694127436;0.3058939348603293;-0.8661079028476084;1
0.9651176153833838;0.3472556121625844;0.2003293757094713;-0.2402998515811156;0.053828580786841;0.9679661790049447;0.4721706770217496;1.405856562964787;-0.8492531766256718;-0.1660630323008484;-0.2092426552565069;1
2.860475135608737;-1.3281632176527711;2.4590430868337623;0.1852537757505359;-0.0736538689956692;0.6811635995925469;-0.1054190048351425;0.981978214158983;-1.7560684216503506;0.128910072174888;0.9168120548996692;1
2.343559448274549;-0.6021483913994504;1.1243486211694085;1.4619146577454911;-0.3073716935969386;0.2987601603760165;-0.1054190048351425;0.5580998653531202;-1.8856134566538765;-0.2840522740911431;-0.8661079028476084;0
0.9651176153833838;0.3472556121625844;0.2003293757094713;-0.2402998515811156;0.053828580786841;0.9679661790049447;0.4721706770217496;1.405856562964787;-0.8492531766256718;-0.1660630323008484;-0.2092426552565069;1
1.36716314997664;-0.7138429800538072;1.0730142186438565;-0.311225456136391;0.7974762045181522;-0.0836432788405138;0.076977736803876;0.6640694525545712;-1.820840939152115;0.8958401438118023;-0.6784321178215799;1
1.25229299723571;-0.0995227424548435;1.8943646590526892;-0.0984486424705652;0.4150288551706207;-0.9440510170777072;-0.9566037991505626;0.2931758973494338;-1.4322058341415382;0.0109208303845934;1.292163624951728;1
1.25229299723571;-0.0995227424548435;1.8943646590526892;-0.0984486424705652;0.4150288551706207;-0.9440510170777072;-0.9566037991505626;0.2931758973494338;-1.4322058341415382;0.0109208303845934;1.292163624951728;1
0.1035914698264054;0.7102630252892451;1.1243486211694085;2.525798726074621;0.7337349796268968;1.7327730574380056;3.177722344667192;2.253613260576454;-0.007210449102757;2.8426626333516607;-1.0537836878736369;0
2.4009945246450144;0.403102906489763;1.1243486211694085;1.2491378440796654;0.2662993304243586;-1.0396518768818397;-0.9870032560903992;2.253613260576454;-0.3958455541133338;0.4828777975457712;1.3860015174647422;1
1.194857920865245;0.4589502008169415;1.1243486211694085;-0.311225456136391;2.391006826799533;-1.0396518768818397;-0.9262043422107262;1.405856562964787;-0.9787982116291972;-0.1660630323008484;-1.8983247204907685;0
1.4820333027175712;-1.7749415722701996;1.1243486211694085;0.1852537757505359;0.0113344308593374;-0.4660467180570442;-0.4398130311733433;0.2401911037487083;-0.5901631066186207;0.128910072174888;1.198325732438712;1
-0.5856294466191774;-0.9093085101989322;1.1243486211694085;-0.0275230379152898;0.0113344308593374;2.210777356458669;1.8097467823745528;-0.0777176578556446;0.3166521384060554;0.7188562811263605;0.5414604848476106;0
0.8502474626424538;-1.5515523949614851;1.1243486211694085;0.1143281711952608;0.0113344308593374;-0.0836432788405138;-0.4094135742335069;0.7700390397560222;0.7052872434166321;1.4267917318681274;-0.3969184402825354;1
-0.4133242175077818;-0.6579956857266289;1.1243486211694085;-0.3821510606916664;0.0113344308593374;0.0119575809636187;-0.1054190048351425;0.6640694525545712;1.0939223484272087;-0.1070684114057011;-1.241459472899667;0
-0.0687137592849906;-0.7696902743809858;1.1243486211694085;-0.1693742470258406;0.2450522554606068;2.975584234891729;2.630532119750136;0.6110846589538457;0.4461971734095809;1.9577433199244525;-0.584594225308564;0
0.5630720807901277;-0.7138429800538072;1.1243486211694085;-0.0275230379152898;-0.0524067940319175;2.115176496654536;2.904127232208664;0.5580998653531202;-0.5901631066186207;-0.6380199994620263;-0.9599457953606226;0
0.5056370044196616;-0.5463010970722718;1.1243486211694085;-0.0984486424705652;-0.031159719068166;0.6811635995925469;2.113741351772917;0.4521302781516692;-0.5253905891168593;-0.1070684114057011;-0.8661079028476084;0
1.194857920865245;0.6264920837984773;-0.1590114419693931;0.1852537757505359;0.3725347052431171;1.2547687584173426;0.1985755645632217;1.6177957373677478;-0.4606180716150951;0.0699154512797407;-0.4907563327955497;0
-0.5856294466191774;-0.9093085101989322;1.1243486211694085;-0.0275230379152898;0.0113344308593374;2.210777356458669;1.8097467823745528;-0.0777176578556446;0.3166521384060554;0.7188562811263605;0.5414604848476106;0
-0.7579346757305729;-0.8255375687081643;1.1243486211694085;-0.0275230379152898;0.2025581055331033;1.637172197633873;1.1713581866379876;-0.2896568322586054;0.5109696909113451;0.6598616602312132;0.9168120548996692;1
-0.0687137592849906;-0.6021483913994504;1.1243486211694085;0.0434025666399854;-0.0736538689956692;1.5415713378297404;0.2593744784428946;1.087947801360434;0.1871071034025298;0.5418724184409185;-1.6168110429517255;1
0.9076825390129188;0.5706447894712987;-0.1590114419693931;-0.0984486424705652;-0.2223833937419316;-0.9440510170777072;-0.4094135742335069;0.3461606909501593;-1.4322058341415382;-0.5200307576717322;-0.9599457953606226;0
0.4482019280491966;-1.719094277943021;-0.1590114419693931;-0.311225456136391;-0.2011363187781798;-1.4220553160983702;-0.561410858932689;1.193917388561885;0.6405147259148707;1.2498078691826855;-0.1154047627434909;1
2.0563840664222237;-0.8255375687081643;1.1243486211694085;0.1143281711952608;0.2238051804968551;-0.3704458582529116;-0.135818461774979;1.9357044989721008;-0.9787982116291972;-0.2840522740911431;-0.1154047627434909;0
2.0563840664222237;-0.8255375687081643;1.1243486211694085;0.1143281711952608;0.2238051804968551;-0.3704458582529116;-0.135818461774979;1.9357044989721008;-0.9787982116291972;-0.2840522740911431;-0.1154047627434909;0
1.13742284449478;-1.439857806307128;-0.1590114419693931;-0.311225456136391;-0.3286187685606904;-0.0836432788405138;-0.4094135742335069;-0.6075655938629585;-0.5901631066186207;0.0109208303845934;2.230542550081874;1
0.9651176153833838;-0.2670646254363792;-0.1590114419693931;0.1143281711952608;0.3087934803518619;-0.274844998448779;-0.4398130311733433;1.7237653245691988;-0.2015280016080468;-0.579025378566879;-0.3969184402825354;1
0.4482019280491966;-1.719094277943021;-0.1590114419693931;-0.311225456136391;-0.2011363187781798;-1.4220553160983702;-0.561410858932689;1.193917388561885;0.6405147259148707;1.2498078691826855;-0.1154047627434909;1
0.9076825390129188;0.5706447894712987;-0.1590114419693931;-0.0984486424705652;-0.2223833937419316;-0.9440510170777072;-0.4094135742335069;0.3461606909501593;-1.4322058341415382;-0.5200307576717322;-0.9599457953606226;0
-0.1261488356554556;1.6596670288512796;-0.1590114419693931;-0.311225456136391;-0.0736538689956692;-1.0396518768818397;-1.0174027130302354;0.2401911037487083;0.3814246559078196;0.6598616602312132;0.259946807308566;1
2.630734830126876;-0.9930794516897;1.1243486211694085;2.313021912408795;-0.4561012183432007;-1.0396518768818397;-0.348614660353834;2.465552434979473;-0.7197081416221462;0.0109208303845934;1.4798394099777563;1
1.654338531828966;-0.1553700367820221;2.40770868430821;1.852005482799506;0.2662993304243586;-1.0396518768818397;-0.8958048852708898;1.5118261501662968;-0.5901631066186207;-0.2250576531959957;0.729136269873639;0
0.5056370044196616;0.3472556121625844;-0.1590114419693931;0.5398817985269124;0.2875464053881104;0.3943610201801492;0.0161788229242031;1.087947801360434;-0.3310730366115724;0.0699154512797407;-0.7722700103345941;0
0.6779422335310578;-0.3787592140907361;1.1243486211694085;2.6676499351851715;-0.4985953682707043;-1.0396518768818397;-0.8958048852708898;1.087947801360434;-0.6549356241203849;0.4238831766506239;0.5414604848476106;1
0.5630720807901277;1.045346791252316;-0.1590114419693931;-0.311225456136391;-0.3711129184881936;-1.0396518768818397;-0.8046065144513804;-0.0777176578556446;-1.2378882816362484;-0.4020415158814376;-0.4907563327955497;0
1.654338531828966;0.7381866724528344;-0.1590114419693931;-0.0275230379152898;-0.0524067940319175;0.0119575809636187;0.1985755645632217;1.3528717693640615;-1.6265233866468252;0.3648885557554766;0.5414604848476106;1
3.434825899313389;-1.216468628998414;2.40770868430821;-0.524002269802217;-0.2648775436694351;-0.9440510170777072;-0.9566037991505626;2.147643673375003;-2.9219737366820806;0.7778509020215078;-1.8983247204907685;1
0.4482019280491966;-0.3229119197635578;1.1243486211694085;0.0434025666399854;0.138816880641848;2.115176496654536;1.8097467823745528;0.7700390397560222;-1.4969783516432995;-0.4020415158814376;-1.241459472899667;0
-0.4707592938782468;0.1238664348538707;-0.1590114419693931;-0.3821510606916664;-0.2011363187781798;-0.5616475778611768;-0.561410858932689;0.8230238333567477;0.8996047959219218;0.7188562811263605;-0.8661079028476084;1
1.309728073606175;-1.216468628998414;1.1243486211694085;-0.0275230379152898;-0.4348541433794489;-0.9440510170777072;-0.7742070575115441;1.0349630077597085;-0.3310730366115724;1.1908132482875382;0.259946807308566;1
2.343559448274549;-0.9930794516897;1.1243486211694085;0.0434025666399854;-0.179889243814428;1.0635670388090774;0.6849668756006047;1.405856562964787;-1.2378882816362484;0.5418724184409185;-0.0215668702304767;1
0.3907668516787315;0.0121718461995135;1.1243486211694085;-0.4530766652469418;1.7748416528507327;-0.9440510170777072;-0.6526092297521983;0.3991454845509437;-0.2663005191098082;-0.2840522740911431;-0.9599457953606226;1
-0.8728048284715035;-0.0995227424548435;-1.3397027000570905;-0.311225456136391;-0.2861246186331869;-0.6572484376653094;-0.6526092297521983;-0.5015960066615075;0.1223345859007684;-0.579025378566879;-0.8661079028476084;1
0.6205071571605927;-0.5463010970722718;-0.1590114419693931;0.1852537757505359;0.0963227307143445;-0.1792441386446464;-0.0446200909554696;0.6640694525545712;-0.7844806591239104;0.4238831766506239;-0.3969184402825354;1
0.6779422335310578;-0.3787592140907361;-0.1590114419693931;0.1143281711952608;0.0963227307143445;-0.1792441386446464;-0.0750195478953061;0.6640694525545712;-1.2378882816362484;0.4828777975457712;-0.3969184402825354;1
-1.9066362031398776;2.860383856885618;-0.1590114419693931;-0.6658534789127676;-0.7960544177632286;1.5415713378297404;1.5057522129761882;-1.773231053079096;2.778007803473041;-0.2250576531959957;1.0106499474126835;0
4.124046815758971;0.6544157309620665;1.1243486211694085;1.1782122395243904;0.1600639556055998;-0.5616475778611768;-0.7134081436318712;3.3927863229922286;-2.533338631671504;0.4828777975457712;0.6352983773606248;0
4.124046815758971;0.6544157309620665;1.1243486211694085;1.1782122395243904;0.1600639556055998;-0.5616475778611768;-0.7134081436318712;3.3927863229922286;-2.533338631671504;0.4828777975457712;0.6352983773606248;0
1.4820333027175712;0.0121718461995135;1.1243486211694085;1.4619146577454911;0.6487466797718898;-0.5616475778611768;-0.8958048852708898;1.8297349117706496;-1.5617508691450637;-0.579025378566879;1.198325732438712;1
4.181481892129437;0.6544157309620665;1.1243486211694085;1.1782122395243904;0.1600639556055998;-0.5616475778611768;-0.7134081436318712;3.3927863229922286;-2.533338631671504;0.4828777975457712;0.6352983773606248;0
1.4820333027175712;0.0121718461995135;1.1243486211694085;1.4619146577454911;0.6487466797718898;-0.5616475778611768;-0.8958048852708898;1.8297349117706496;-1.5617508691450637;-0.579025378566879;1.198325732438712;1
2.688169906497341;-0.3229119197635578;1.1243486211694085;1.2491378440796654;-0.0524067940319175;-0.9440510170777072;0.0161788229242031;2.836445990184552;-0.0719829666045213;0.128910072174888;2.136704657568858;1
2.5158646773859448;0.403102906489763;1.1243486211694085;0.1852537757505359;-0.2648775436694351;-1.0396518768818397;-0.8350059713912169;1.405856562964787;-1.1083432466327228;-0.5200307576717322;0.9168120548996692;0
0.3907668516787315;-0.4904538027450932;1.1243486211694085;-0.0984486424705652;-0.2011363187781798;0.9679661790049447;2.2657386364720997;0.5580998653531202;-0.5253905891168593;-0.4610361367765849;-1.1476215803866527;0
0.3907668516787315;0.0680191405266921;1.1243486211694085;0.2561793803058113;0.138816880641848;2.401979076066933;1.9313446101338985;0.7700390397560222;-1.4969783516432995;-0.2840522740911431;-1.1476215803866527;0
-0.4133242175077818;-1.3281632176527711;1.1243486211694085;0.1143281711952608;0.0963227307143445;0.8723653192008122;0.4113717631420768;0.1872063101479828;-0.007210449102757;-0.2840522740911431;-0.3030805477695211;1
2.688169906497341;-0.3229119197635578;1.1243486211694085;1.2491378440796654;-0.0524067940319175;-0.9440510170777072;0.0161788229242031;2.836445990184552;-0.0719829666045213;0.128910072174888;2.136704657568858;1
2.5158646773859448;0.403102906489763;1.1243486211694085;0.1852537757505359;-0.2648775436694351;-1.0396518768818397;-0.8350059713912169;1.405856562964787;-1.1083432466327228;-0.5200307576717322;0.9168120548996692;0
0.2184616225673354;0.961575849761548;-0.1590114419693931;-0.0275230379152898;2.9434307758570784;-1.0396518768818397;-0.9566037991505626;1.2469021821626105;0.0575620683990042;-0.3430468949862904;-1.3352973654126814;1
0.2184616225673354;0.961575849761548;-0.1590114419693931;-0.0275230379152898;2.9434307758570784;-1.0396518768818397;-0.9566037991505626;1.2469021821626105;0.0575620683990042;-0.3430468949862904;-1.3352973654126814;1
0.8502474626424538;-0.1553700367820221;1.1243486211694085;0.0434025666399854;3.45336057498712;-1.0396518768818397;-0.8046065144513804;1.193917388561885;-0.007210449102757;0.7778509020215078;0.259946807308566;1
-1.2174152866942949;-0.9372321573625216;-0.1590114419693931;-0.2402998515811156;0.1600639556055998;0.2987601603760165;-0.135818461774979;-1.1374135298702723;1.676875005943072;-0.5200307576717322;1.198325732438712;1
1.8266437609403623;-0.9930794516897;1.1243486211694085;0.5398817985269124;-0.3711129184881936;-0.5616475778611768;-0.2878157464741611;1.8827197053713756;0.0575620683990042;1.4857863527632749;0.5414604848476106;1
-1.2174152866942949;-0.9372321573625216;-0.1590114419693931;-0.2402998515811156;0.1600639556055998;0.2987601603760165;-0.135818461774979;-1.1374135298702723;1.676875005943072;-0.5200307576717322;1.198325732438712;1
1.079987768124314;-1.6073996892886635;1.1243486211694085;-0.0984486424705652;-0.2648775436694351;-0.5616475778611768;-0.561410858932689;0.5580998653531202;-1.1083432466327228;-0.2840522740911431;-0.0215668702304767;0
1.25229299723571;0.3472556121625844;1.1243486211694085;-0.311225456136391;-0.3711129184881936;-0.1792441386446464;0.0161788229242031;1.2469021821626105;-0.0719829666045213;-0.579025378566879;-0.7722700103345941;0
1.309728073606175;-1.0489267460168783;1.1243486211694085;0.4689561939716374;-0.2011363187781798;0.3943610201801492;0.9585619880591324;1.299886975763336;-0.7844806591239104;0.246899313965182;-0.3969184402825354;1
2.2861243719040845;-1.439857806307128;1.1243486211694085;0.398030589416362;-0.179889243814428;1.15916789861321;-0.0142206340156332;1.3528717693640615;-0.7197081416221462;0.836845522916655;-0.2092426552565069;1
0.9076825390129188;-0.1553700367820221;-0.1590114419693931;-0.1693742470258406;0.3300405553156136;-0.9440510170777072;-0.9870032560903992;0.5580998653531202;0.1871071034025298;-0.8150038621474681;-0.3969184402825354;0
0.2758966989378015;-0.4904538027450932;1.1243486211694085;0.1852537757505359;-0.094900943959421;0.2031593005718839;1.9617440670737347;0.7700390397560222;-0.0719829666045213;-0.3430468949862904;-0.8661079028476084;0
0.2758966989378015;-0.3229119197635578;1.1243486211694085;0.2561793803058113;-0.0524067940319175;0.1075584407677513;1.9313446101338985;0.7700390397560222;-0.1367554841062826;-0.3430468949862904;-0.584594225308564;0
1.309728073606175;-1.216468628998414;1.1243486211694085;-0.2402998515811156;-0.519842443234456;0.2031593005718839;-0.1966173756546518;0.4521302781516692;-1.1083432466327228;-0.8739984830426154;-0.584594225308564;1
2.2861243719040845;-0.1553700367820221;1.1243486211694085;-0.2402998515811156;0.0325815058230892;-1.0396518768818397;-0.9870032560903992;1.8297349117706496;-0.7844806591239104;-1.2869608293086463;-0.7722700103345941;0
2.2861243719040845;-0.1553700367820221;1.1243486211694085;-0.2402998515811156;0.0325815058230892;-1.0396518768818397;-0.9870032560903992;1.8297349117706496;-0.7844806591239104;-1.2869608293086463;-0.7722700103345941;0
1.941513913681292;-0.2112173311092006;1.1243486211694085;-0.2402998515811156;-0.094900943959421;-1.0396518768818397;-0.9566037991505626;1.7237653245691988;-0.7844806591239104;-1.3459554502037936;-1.1476215803866527;0
2.113819142792688;-1.3840105119799495;1.1243486211694085;-0.4530766652469418;-0.2861246186331869;-0.5616475778611768;-0.7742070575115441;0.4521302781516692;-2.144703526660927;0.0109208303845934;-0.4907563327955497;1
1.9989489900517583;-1.104774040344057;1.1243486211694085;0.6108074030821878;0.1175698056780963;3.644790253520657;1.0193609019388057;1.8297349117706496;-0.0719829666045213;0.6008670393360659;0.259946807308566;1
-0.4133242175077818;-0.0995227424548435;-0.1590114419693931;-0.0984486424705652;0.0750756557505927;-0.752849297469442;-0.2574162895343247;0.6640694525545712;1.0291498309254474;0.0109208303845934;-0.7722700103345941;1
1.596903455458501;-1.216468628998414;1.1243486211694085;0.1143281711952608;0.138816880641848;0.0119575809636187;0.0161788229242031;0.981978214158983;-1.2378882816362484;2.1347271826098946;0.1661089147955518;1
-0.5856294466191774;1.1291177327430837;-0.1590114419693931;-0.4530766652469418;0.4362759301343724;0.2031593005718839;1.6881489546152069;-0.0247328642549191;-0.3310730366115724;-0.4020415158814376;-1.0537836878736369;0
-1.9066362031398776;-0.6021483913994504;-0.1590114419693931;-0.3821510606916664;-0.5835836681257113;0.2987601603760165;0.1073771937437124;-2.6739725442914883;2.6484627684695154;0.4828777975457712;3.3565972602380483;1
1.079987768124314;-1.3281632176527711;1.1243486211694085;0.0434025666399854;-0.604830743089463;-1.0396518768818397;-1.0174027130302354;0.4521302781516692;-1.691295904148589;0.4828777975457712;0.0722710222825375;1
0.3907668516787315;-0.4346065084179146;1.1243486211694085;0.0434025666399854;-0.0736538689956692;0.4899618799842817;0.8673636172396232;1.0349630077597085;0.251879620904294;-0.5200307576717322;-0.6784321178215799;0
-0.987674981212434;-0.7696902743809858;1.1243486211694085;-0.5949278743574924;-0.3711129184881936;0.6811635995925469;3.1169234307875198;-2.409048576287861;-1.2378882816362484;-0.9329931039377628;1.0106499474126835;1
0.3907668516787315;-0.4346065084179146;1.1243486211694085;0.0434025666399854;-0.0736538689956692;0.4899618799842817;0.8673636172396232;1.0349630077597085;0.251879620904294;-0.5200307576717322;-0.6784321178215799;0
0.9076825390129188;-0.2112173311092006;1.5863582438993769;0.6817330076374631;0.138816880641848;-0.6572484376653094;-0.1054190048351425;1.9357044989721008;-0.1367554841062826;-0.4610361367765849;-1.3352973654126814;0
-0.2410189883963857;1.0732704384159053;-0.5183522596482575;0.0434025666399854;0.1813110305693516;0.3943610201801492;-0.2574162895343247;0.5580998653531202;0.5757422084131065;-0.7560092412523208;-0.8661079028476084;0
0.3333317753082665;0.3751792593261737;0.7136734009649919;3.8024596080695767;-0.031159719068166;1.350369618221475;1.900945153194062;1.6177957373677478;-0.2663005191098082;-0.5200307576717322;-1.0537836878736369;0
2.343559448274549;-0.7138429800538072;1.227017426220513;-0.3821510606916664;-0.604830743089463;-0.9440510170777072;-0.6830086866920347;1.405856562964787;-1.7560684216503506;-0.3430468949862904;-1.0537836878736369;1
2.0563840664222237;0.2914083178354058;1.5863582438993769;-0.4530766652469418;-0.3498658435244422;-1.0396518768818397;-0.8654054283310534;0.6640694525545712;-1.4322058341415382;-0.1660630323008484;-0.3969184402825354;1
0.1035914698264054;0.3193319649989951;-0.4670178571227055;-0.311225456136391;-0.2011363187781798;-1.0396518768818397;-0.5006119450530162;-0.0247328642549191;-0.7197081416221462;-1.0509823457280574;-0.584594225308564;1
2.5158646773859448;0.3472556121625844;0.9190110110672004;-0.1693742470258406;-0.1161480189231728;-0.4660467180570442;-0.7438076005717076;1.7237653245691988;-2.015158491657402;0.246899313965182;-1.0537836878736369;1
-0.0687137592849906;2.162292677795887;-0.0050082343927367;-0.311225456136391;0.0113344308593374;-0.8484501572735746;-0.7134081436318712;-0.2896568322586054;-0.3310730366115724;-1.1099769666232049;-0.3969184402825354;0
2.803040059238271;-0.3787592140907361;1.278351828746065;-0.2402998515811156;-0.3498658435244422;-0.3704458582529116;-0.348614660353834;2.041674086173552;-1.367433316639774;-0.579025378566879;-1.3352973654126814;1
-0.3558891411373163;1.7155143231784582;-1.391037102582643;0.0434025666399854;-0.1373950938869245;-0.9440510170777072;-0.9870032560903992;0.3991454845509437;-0.0719829666045213;-0.8150038621474681;-1.0537836878736369;0
2.803040059238271;-0.3787592140907361;1.278351828746065;-0.2402998515811156;-0.3498658435244422;-0.3704458582529116;-0.348614660353834;2.041674086173552;-1.367433316639774;-0.579025378566879;-1.3352973654126814;1
-0.0112786829145246;0.2914083178354058;-0.7236898697504658;0.2561793803058113;0.1813110305693516;-0.1792441386446464;0.5025701339615861;0.8760086269574732;-0.914025694127436;-0.2250576531959957;-1.241459472899667;1
-0.0112786829145246;0.403102906489763;-0.7236898697504658;0.0434025666399854;-0.0524067940319175;-0.9440510170777072;-0.6830086866920347;0.8760086269574732;-0.007210449102757;-0.4020415158814376;-1.1476215803866527;1
0.6205071571605927;-0.6579956857266289;1.0730142186438565;1.4619146577454911;-0.3286187685606904;-0.5616475778611768;-0.8046065144513804;0.2931758973494338;0.1871071034025298;0.7778509020215078;1.667515195003785;1
0.2758966989378015;-0.2670646254363792;0.7136734009649919;0.5398817985269124;0.0963227307143445;0.9679661790049447;0.1681761076233853;0.7700390397560222;-0.007210449102757;-0.7560092412523208;0.0722710222825375;1
1.0225526917538488;0.6823393781256558;0.5083357908627837;1.816542680521868;0.478770080061876;-0.4660467180570442;0.563369047841259;3.1013699581881795;0.0575620683990042;-0.1070684114057011;-0.0215668702304767;1
-1.1599802103238297;-0.9372321573625216;-0.4156834545971534;0.4689561939716374;-0.2648775436694351;-0.0836432788405138;-0.2270168325944882;-0.6075655938629585;1.6121024884413109;-0.8150038621474681;2.136704657568858;1
0.2758966989378015;-1.6073996892886635;1.381020633797169;-0.0275230379152898;-0.094900943959421;0.8723653192008122;0.3201733923225675;0.8230238333567477;0.5109696909113451;-0.6970146203571735;-1.1476215803866527;0
2.803040059238271;-0.8255375687081643;1.432355036322721;0.1143281711952608;-0.1373950938869245;-1.0396518768818397;-0.9262043422107262;2.041674086173552;-2.144703526660927;-0.6970146203571735;-0.9599457953606226;0
-0.4707592938782468;0.6264920837984773;-1.391037102582643;-0.0984486424705652;-0.2223833937419316;0.2031593005718839;-0.5310114019928526;-0.1307024514563701;0.0575620683990042;-0.3430468949862904;-0.3969184402825354;1
-0.0687137592849906;-0.7696902743809858;0.5596701933883358;-0.736779083468043;-0.6260778180532147;-0.5616475778611768;-0.5310114019928526;-0.2896568322586054;-0.3310730366115724;0.4828777975457712;-0.584594225308564;0
0.5056370044196616;1.2687359685610302;-0.4670178571227055;-0.2402998515811156;1.286158928684442;-0.5616475778611768;1.7185484115550431;0.0812367229465318;-2.8572012191803164;4.1405442930449015;-0.2092426552565069;1
0.7353773099015227;0.403102906489763;1.1756830236949605;-0.1693742470258406;-0.179889243814428;1.15916789861321;0.7457657894802775;1.5648109437670223;1.2234673834307344;-0.5200307576717322;-0.6784321178215799;0
0.7353773099015227;0.403102906489763;1.1756830236949605;-0.1693742470258406;-0.179889243814428;1.15916789861321;0.7457657894802775;1.5648109437670223;1.2234673834307344;-0.5200307576717322;-0.6784321178215799;0
1.8266437609403623;-1.216468628998414;1.227017426220513;-0.2402998515811156;-0.179889243814428;-0.1792441386446464;-0.561410858932689;0.7700390397560222;-1.820840939152115;1.6037755945535694;-0.584594225308564;1
1.769208684569897;-0.3787592140907361;1.1756830236949605;0.1143281711952608;0.7337349796268968;-1.1352527366859724;-0.8958048852708898;2.041674086173552;-1.1731157641344871;0.246899313965182;-0.2092426552565069;0
1.711773608199432;-0.8813848630353429;0.7136734009649919;-0.1693742470258406;0.0113344308593374;-0.9440510170777072;-0.9262043422107262;1.087947801360434;-1.4322058341415382;0.836845522916655;-1.0537836878736369;0
-0.0112786829145246;0.0680191405266921;-0.1590114419693931;0.6108074030821878;-0.2436304687056834;0.0119575809636187;1.9921435240135712;0.4521302781516692;-0.2663005191098082;-0.2840522740911431;-0.9599457953606226;0
-0.0687137592849906;0.1797137291810493;-0.2103458444949451;0.6108074030821878;-0.2011363187781798;-0.1792441386446464;1.7489478684948798;0.4521302781516692;-0.2015280016080468;-0.2250576531959957;-0.9599457953606226;0
0.9651176153833838;0.2914083178354058;-0.2616802470204972;-0.4530766652469418;-0.1586421688506763;-0.6572484376653094;-0.4398130311733433;0.3461606909501593;-1.1731157641344871;-0.6380199994620263;-0.8661079028476084;0
-0.2410189883963857;-0.0995227424548435;-0.107677039443841;0.2561793803058113;-0.2223833937419316;0.4899618799842817;-0.0446200909554696;0.3461606909501593;1.1586948659289729;1.7807594572390106;1.5736773024907706;1
-0.8728048284715035;0.9057285554343696;-1.391037102582643;2.171170703298245;0.7762291295544004;0.4899618799842817;0.3505728492624039;1.5648109437670223;0.9643773134236832;0.3648885557554766;-0.2092426552565069;0
-0.8728048284715035;0.9057285554343696;-1.391037102582643;2.171170703298245;0.7762291295544004;0.4899618799842817;0.3505728492624039;1.5648109437670223;0.9643773134236832;0.3648885557554766;-0.2092426552565069;0
0.2758966989378015;0.403102906489763;0.0976605706583671;-0.2402998515811156;0.2238051804968551;-1.0396518768818397;-0.9566037991505626;1.087947801360434;0.3166521384060554;-0.99198772483291;-1.241459472899667;0
0.2758966989378015;0.403102906489763;0.0976605706583671;-0.2402998515811156;0.2238051804968551;-1.0396518768818397;-0.9566037991505626;1.087947801360434;0.3166521384060554;-0.99198772483291;-1.241459472899667;0
0.2184616225673354;0.0680191405266921;-0.0563426369182889;-0.0275230379152898;0.2025581055331033;-0.8484501572735746;-0.4702124881131797;0.4521302781516692;-0.2663005191098082;-0.3430468949862904;-1.0537836878736369;1
-0.4133242175077818;0.8778049082707808;-0.2103458444949451;-0.1693742470258406;0.5000171550256277;0.3943610201801492;1.1409587296981512;-0.1836872450571544;-0.6549356241203849;-0.2840522740911431;-1.0537836878736369;0
0.2184616225673354;0.0680191405266921;-0.0563426369182889;-0.0275230379152898;0.2025581055331033;-0.8484501572735746;-0.4702124881131797;0.4521302781516692;-0.2663005191098082;-0.3430468949862904;-1.0537836878736369;1
1.194857920865245;-1.3840105119799495;1.381020633797169;0.1143281711952608;0.3725347052431171;-1.0396518768818397;-0.8350059713912169;1.087947801360434;-0.3958455541133338;-0.1660630323008484;-0.8661079028476084;0
-0.4133242175077818;-0.6579956857266289;-0.6723554672249137;0.3271049848610866;-0.0099126441044142;0.4899618799842817;-0.1054190048351425;-0.1836872450571544;0.0575620683990042;-0.5200307576717322;0.0722710222825375;1
1.0225526917538488;2.273987266450244;-0.2616802470204972;0.6108074030821878;0.3725347052431171;-0.4660467180570442;1.201757643577824;2.253613260576454;0.7700597609183962;-0.1070684114057011;0.822974162386655;0
-0.2410189883963857;-0.9930794516897;-0.3130146495460493;-0.4530766652469418;-0.3073716935969386;2.8799833750875967;1.6881489546152069;-0.1836872450571544;-0.2663005191098082;-0.4610361367765849;-0.8661079028476084;0
0.2184616225673354;1.7434379703420475;-1.391037102582643;-0.8077046880233183;-0.4773482933069525;0.7767644593966796;-0.4094135742335069;-0.7135351810644683;-0.2663005191098082;-0.6380199994620263;-0.6784321178215799;0
0.7353773099015227;1.9668271476507615;0.0463261681328153;-0.0984486424705652;-0.031159719068166;1.350369618221475;3.0561245169078464;0.6110846589538457;-0.4606180716150951;-0.7560092412523208;-0.9599457953606226;0
0.6779422335310578;1.994750794814351;-0.0050082343927367;-0.1693742470258406;-0.0736538689956692;1.4459704780256075;2.9953256030281734;0.5580998653531202;-0.4606180716150951;-0.7560092412523208;-0.9599457953606226;0
-0.3558891411373163;2.162292677795887;-0.7750242722760179;-0.2402998515811156;1.1799235538656834;-0.8484501572735746;-0.7134081436318712;-0.1836872450571544;0.251879620904294;-0.0480737905105538;-0.2092426552565069;1
0.3333317753082665;-1.3281632176527711;0.4056669858116795;-0.4530766652469418;-0.4348541433794489;0.8723653192008122;0.3201733923225675;0.1342215165472573;-0.8492531766256718;4.1405442930449015;-0.1154047627434909;1
0.9076825390129188;0.0680191405266921;0.9190110110672004;-0.1693742470258406;-0.3498658435244422;0.0119575809636187;-0.1966173756546518;1.2469021821626105;0.5109696909113451;-0.2250576531959957;-0.9599457953606226;0
0.6779422335310578;0.3472556121625844;0.8676766085416482;-0.1693742470258406;-0.3498658435244422;0.4899618799842817;0.6545674186607682;1.299886975763336;0.9643773134236832;-0.1660630323008484;-0.8661079028476084;0
0.9076825390129188;0.0680191405266921;0.9190110110672004;-0.1693742470258406;-0.3498658435244422;0.0119575809636187;-0.1966173756546518;1.2469021821626105;0.5109696909113451;-0.2250576531959957;-0.9599457953606226;0
0.6779422335310578;0.3472556121625844;0.8676766085416482;-0.1693742470258406;-0.3498658435244422;0.4899618799842817;0.6545674186607682;1.299886975763336;0.9643773134236832;-0.1660630323008484;-0.8661079028476084;0
0.9076825390129188;0.0680191405266921;0.9190110110672004;-0.1693742470258406;-0.3498658435244422;0.0119575809636187;-0.1966173756546518;1.2469021821626105;0.5109696909113451;-0.2250576531959957;-0.9599457953606226;0
-0.2984540647668512;0.6264920837984773;-0.8776930773271219;2.454873121519346;0.5850054548806348;-1.0396518768818397;-1.0782016269099084;0.8760086269574732;0.3814246559078196;0.1879046930700347;-0.3030805477695211;1
-0.5856294466191774;0.7940339667800129;-1.1343650899548825;0.7526586121927386;0.4150288551706207;-0.9440510170777072;-0.8046065144513804;0.2401911037487083;0.5757422084131065;-0.1660630323008484;-0.3030805477695211;0
-0.0112786829145246;1.7713616175056368;-1.3397027000570905;-0.2402998515811156;-0.3711129184881936;-1.0396518768818397;-0.9870032560903992;-0.0247328642549191;0.0575620683990042;-0.4610361367765849;0.5414604848476106;0
0.2184616225673354;-0.2670646254363792;0.1489949731839192;0.1852537757505359;-0.4561012183432007;-0.5616475778611768;-0.561410858932689;-0.1836872450571544;0.1223345859007684;0.0699154512797407;0.729136269873639;1
-0.9302399048419686;-0.6021483913994504;-0.0050082343927367;4.298938839956503;-0.4136070684156972;0.7767644593966796;3.086523973847682;-1.0314439426688211;-0.9787982116291972;-0.5200307576717322;0.822974162386655;1
1.36716314997664;-0.5463010970722718;0.6110045959138879;-0.2402998515811156;0.3937817802068689;-0.752849297469442;-0.4398130311733433;0.981978214158983;-2.727656184176791;-0.9329931039377628;-0.7722700103345941;0
0.8502474626424538;1.9668271476507615;-0.107677039443841;-0.0275230379152898;0.3512876302793654;1.828373917242138;3.2993201724265377;2.253613260576454;0.6405147259148707;0.0699154512797407;0.729136269873639;0
4.353787121240832;-0.9372321573625216;1.9456990615782417;3.5187571898484755;0.1813110305693516;0.5855627397884143;0.7457657894802775;0.4521302781516692;-2.144703526660927;1.0728240064972436;4.20113829285518;0
0.6205071571605927;-1.104774040344057;1.637692646424929;0.1852537757505359;-0.179889243814428;-0.6572484376653094;-0.5006119450530162;0.4521302781516692;-1.2378882816362484;-0.6970146203571735;1.4798394099777563;1
0.1610265461968704;-0.3229119197635578;1.0216798161183045;-0.0984486424705652;-0.2861246186331869;-0.8484501572735746;-0.5310114019928526;0.6110846589538457;-1.4969783516432995;-1.1689715875183515;-0.8661079028476084;0
0.7928123862719878;0.1238664348538707;-0.5183522596482575;0.2561793803058113;-0.0099126441044142;0.3943610201801492;0.1985755645632217;1.9357044989721008;-1.1083432466327228;-0.2840522740911431;-0.9599457953606226;0
1.36716314997664;-0.5463010970722718;0.6110045959138879;-0.2402998515811156;0.3937817802068689;-0.752849297469442;-0.4398130311733433;0.981978214158983;-2.727656184176791;-0.9329931039377628;-0.7722700103345941;0
2.113819142792688;-0.1553700367820221;1.637692646424929;-0.8077046880233183;-0.3073716935969386;0.6811635995925469;-0.135818461774979;0.6640694525545712;-2.533338631671504;0.128910072174888;0.0722710222825375;1
-0.6430645229896425;-0.0436754481276649;-1.031696284903778;-0.8077046880233183;-0.2861246186331869;-1.0396518768818397;-0.8046065144513804;0.2931758973494338;0.0575620683990042;0.8958401438118023;-0.7722700103345941;1
-0.700499599360108;1.7434379703420475;-1.2883682975315385;1.3200634486349412;0.1813110305693516;-1.0396518768818397;-1.0174027130302354;0.1342215165472573;0.6405147259148707;-0.5200307576717322;0.5414604848476106;0
-0.6430645229896425;-0.0436754481276649;-1.031696284903778;-0.8077046880233183;-0.2861246186331869;-1.0396518768818397;-0.8046065144513804;0.2931758973494338;0.0575620683990042;0.8958401438118023;-0.7722700103345941;1
-0.4707592938782468;-0.6021483913994504;0.2003293757094713;-0.6658534789127676;-0.1586421688506763;-0.0836432788405138;-0.135818461774979;0.5580998653531202;-0.007210449102757;-0.1070684114057011;-1.3352973654126814;0
-0.6430645229896425;0.2355610235082272;-1.0830306874293305;-0.6658534789127676;-0.2436304687056834;-0.6572484376653094;-0.5918103158725254;0.2401911037487083;0.3166521384060554;0.246899313965182;-0.7722700103345941;1
1.0225526917538488;-1.3840105119799495;0.9703454135927524;-0.524002269802217;-0.7960544177632286;-1.0396518768818397;-1.0174027130302354;0.3461606909501593;-1.7560684216503506;0.7778509020215078;-0.2092426552565069;1
2.1712542191631536;-0.7138429800538072;1.278351828746065;-0.3821510606916664;0.0963227307143445;-0.0836432788405138;0.2289750215030581;1.7237653245691988;-1.820840939152115;0.0109208303845934;-0.2092426552565069;0
0.6205071571605927;0.3472556121625844;-0.6723554672249137;-0.3821510606916664;-0.0736538689956692;0.8723653192008122;0.0465782798640396;0.7170542461552967;-1.1083432466327228;-0.579025378566879;-0.6784321178215799;0
-0.0112786829145246;-0.2112173311092006;0.4570013883372316;-0.524002269802217;2.8584424760020712;-0.9440510170777072;-0.9262043422107262;0.6640694525545712;-0.8492531766256718;-0.3430468949862904;-0.8661079028476084;1
1.711773608199432;-1.0489267460168783;0.9190110110672004;-0.3821510606916664;-0.1161480189231728;-0.9440510170777072;-0.9566037991505626;1.087947801360434;-2.4037935966679784;0.0109208303845934;-1.1476215803866527;1
0.9651176153833838;1.1291177327430837;0.8163422060160961;-0.1693742470258406;-0.604830743089463;-0.0836432788405138;-0.4702124881131797;-0.0777176578556446;-1.0435707291309615;-0.5200307576717322;0.5414604848476106;0
1.711773608199432;-1.0489267460168783;0.9190110110672004;-0.3821510606916664;-0.1161480189231728;-0.9440510170777072;-0.9566037991505626;1.087947801360434;-2.4037935966679784;0.0109208303845934;-1.1476215803866527;1
-0.815369752101038;-0.7138429800538072;-0.1590114419693931;-0.0275230379152898;-0.094900943959421;1.350369618221475;-0.0446200909554696;-0.4486112130607819;-0.3310730366115724;-0.4610361367765849;-0.3969184402825354;0
-0.0687137592849906;1.1291177327430837;-0.3130146495460493;-0.5949278743574924;-0.2861246186331869;-1.0396518768818397;-1.0174027130302354;0.0282519293458063;-0.7197081416221462;-0.8150038621474681;-0.8661079028476084;0
0.8502474626424538;3.977329743429189;0.3543325832861276;-0.3821510606916664;-0.179889243814428;1.5415713378297404;3.177722344667192;0.6640694525545712;-1.0435707291309615;-0.7560092412523208;-0.8661079028476084;0
-0.0687137592849906;1.1291177327430837;-0.3130146495460493;-0.5949278743574924;-0.2861246186331869;-1.0396518768818397;-1.0174027130302354;0.0282519293458063;-0.7197081416221462;-0.8150038621474681;-0.8661079028476084;0
1.424598226347106;-0.7138429800538072;0.7136734009649919;-0.2402998515811156;-0.0736538689956692;-0.8484501572735746;-0.8958048852708898;0.8760086269574732;-1.4969783516432995;0.0699154512797407;-1.0537836878736369;1
0.5630720807901277;-0.6579956857266289;0.6110045959138879;-0.2402998515811156;-0.4985953682707043;-0.3704458582529116;-0.4702124881131797;0.8760086269574732;-0.3310730366115724;-0.0480737905105538;-0.2092426552565069;0
1.424598226347106;-0.7138429800538072;0.7136734009649919;-0.2402998515811156;-0.0736538689956692;-0.8484501572735746;-0.8958048852708898;0.8760086269574732;-1.4969783516432995;0.0699154512797407;-1.0537836878736369;1
0.1610265461968704;1.5200487930333335;-0.82635867480157;-0.1693742470258406;-0.0736538689956692;-0.3704458582529116;-0.4702124881131797;0.6110846589538457;0.5757422084131065;-1.0509823457280574;-0.4907563327955497;0
-0.0112786829145246;1.4083542043789767;-0.8776930773271219;0.0434025666399854;-0.1373950938869245;2.7843825152834643;1.2321571005176604;0.8230238333567477;1.0939223484272087;-0.7560092412523208;-0.3969184402825354;0
1.424598226347106;-1.4957051006343065;0.9190110110672004;0.5398817985269124;-0.5835836681257113;0.3943610201801492;0.076977736803876;0.2401911037487083;-1.1731157641344871;-0.6970146203571735;-0.7722700103345941;0
2.860475135608737;-0.5463010970722718;1.5863582438993769;-0.4530766652469418;-0.3711129184881936;-0.0836432788405138;-0.1966173756546518;1.9357044989721008;-1.6265233866468252;-0.99198772483291;-1.3352973654126814;0
-0.1835839120259207;-0.4346065084179146;-0.2103458444949451;-0.2402998515811156;0.138816880641848;0.0119575809636187;-0.5310114019928526;-0.2896568322586054;-0.6549356241203849;-0.99198772483291;-0.2092426552565069;1
0.1035914698264054;-0.3787592140907361;0.2003293757094713;-0.2048370493034781;-0.2011363187781798;1.5415713378297404;0.3505728492624039;0.6640694525545712;0.1223345859007684;-0.6970146203571735;-0.584594225308564;0
-0.1261488356554556;1.4083542043789767;-0.2103458444949451;0.0434025666399854;-0.604830743089463;-1.0396518768818397;-0.9566037991505626;0.1342215165472573;0.3814246559078196;-0.579025378566879;0.822974162386655;0
0.8502474626424538;2.525300090922547;0.2516637782350234;-0.1693742470258406;-0.2011363187781798;1.828373917242138;3.2081218016070285;0.6640694525545712;-0.3958455541133338;-1.0509823457280574;-0.9599457953606226;0
-0.1261488356554556;1.4083542043789767;-0.2103458444949451;0.0434025666399854;-0.604830743089463;-1.0396518768818397;-0.9566037991505626;0.1342215165472573;0.3814246559078196;-0.579025378566879;0.822974162386655;0
-0.700499599360108;0.6823393781256558;-0.4670178571227055;-0.524002269802217;-0.3711129184881936;-0.274844998448779;-0.1966173756546518;0.1342215165472573;0.8348322784201576;-0.3430468949862904;-1.241459472899667;0
0.4482019280491966;0.6264920837984773;-0.2103458444949451;0.398030589416362;0.1600639556055998;-0.274844998448779;-0.2574162895343247;1.6177957373677478;-0.2015280016080468;-0.4020415158814376;-0.6784321178215799;0
-0.3558891411373163;0.7381866724528344;-1.1856994924804345;-0.6658534789127676;-1.029772242364498;-1.1352527366859724;-1.1390005407895811;-0.2896568322586054;0.5757422084131065;-1.1099769666232049;-0.9599457953606226;0
-0.1261488356554556;-0.8255375687081643;1.0730142186438565;-0.524002269802217;1.477382603358208;-1.0396518768818397;-0.8958048852708898;0.4521302781516692;-0.0719829666045213;2.311711045295336;-0.9599457953606226;0
-0.5281943702487119;3.670169624629707;-1.391037102582643;1.213675041802028;0.2025581055331033;-1.0396518768818397;-0.9870032560903992;-0.0777176578556446;2.065510110953649;-0.6970146203571735;0.259946807308566;0
0.5056370044196616;2.190216324959476;-0.1590114419693931;0.0434025666399854;-0.0099126441044142;-0.3704458582529116;1.414553842156679;1.6177957373677478;1.0939223484272087;-0.6970146203571735;-0.584594225308564;0
0.1610265461968704;-0.2112173311092006;1.227017426220513;-0.3821510606916664;7.107857468752419;0.0119575809636187;0.4721706770217496;0.6110846589538457;-1.820840939152115;3.019646496037103;-1.3352973654126814;0
0.3907668516787315;-0.2670646254363792;0.2516637782350234;0.1852537757505359;-0.0736538689956692;0.4899618799842817;2.2961380934119355;0.8760086269574732;0.0575620683990042;-0.2250576531959957;-0.9599457953606226;0
0.3907668516787315;-0.3229119197635578;0.2003293757094713;0.1143281711952608;-0.0736538689956692;0.7767644593966796;2.3873364642314447;0.8760086269574732;-0.007210449102757;-0.2840522740911431;-0.9599457953606226;0
-1.8492011267694128;-0.3229119197635578;-1.2883682975315385;-0.8786302925785935;-1.1360076171832565;0.2031593005718839;-0.0750195478953061;-2.4620333698885863;3.8143680835012415;-0.2250576531959957;2.230542550081874;1
-0.7579346757305729;0.6823393781256558;-1.2883682975315385;-0.311225456136391;-0.4561012183432007;-0.752849297469442;-0.6526092297521983;0.2401911037487083;1.0291498309254474;0.0699154512797407;-0.8661079028476084;1
-0.7579346757305729;0.6823393781256558;-1.2883682975315385;-0.311225456136391;-0.4561012183432007;-0.752849297469442;-0.6526092297521983;0.2401911037487083;1.0291498309254474;0.0699154512797407;-0.8661079028476084;1
0.6205071571605927;0.4868738479805308;0.0463261681328153;0.4689561939716374;-0.0099126441044142;0.2031593005718839;0.776165246420114;1.7767501181699243;-0.007210449102757;-0.7560092412523208;-0.6784321178215799;0
1.9989489900517583;-0.8255375687081643;1.432355036322721;-0.311225456136391;-0.3498658435244422;-1.0396518768818397;-0.8350059713912169;0.981978214158983;-1.3026607991380126;-0.2250576531959957;0.353784699821582;1
1.309728073606175;2.748689268231261;0.8163422060160961;0.2561793803058113;-0.2436304687056834;0.9679661790049447;1.2625565574574968;0.8760086269574732;-1.4969783516432995;-0.5200307576717322;-0.3030805477695211;1
-0.7579346757305729;0.6823393781256558;-1.2883682975315385;-0.311225456136391;-0.4561012183432007;-0.752849297469442;-0.6526092297521983;0.2401911037487083;1.0291498309254474;0.0699154512797407;-0.8661079028476084;1
-0.7579346757305729;0.6264920837984773;-1.2883682975315385;-0.311225456136391;-0.4348541433794489;-0.6572484376653094;-0.7134081436318712;0.1342215165472573;1.0291498309254474;0.0699154512797407;-0.9599457953606226;1
-0.4707592938782468;-0.8255375687081643;1.0730142186438565;0.0434025666399854;-0.3073716935969386;0.5855627397884143;1.1409587296981512;0.2401911037487083;0.0575620683990042;0.246899313965182;-0.7722700103345941;0
0.4482019280491966;1.3245832628882088;-1.1856994924804345;-0.6658534789127676;-0.2011363187781798;-1.1352527366859724;-0.9870032560903992;0.6640694525545712;-0.1367554841062826;-0.6970146203571735;-0.6784321178215799;0
0.0461563934559404;2.8324602097220284;-0.6210210646993617;2.454873121519346;-0.3073716935969386;-0.4660467180570442;0.2289750215030581;1.193917388561885;0.3814246559078196;-0.99198772483291;-0.4907563327955497;0
-0.7579346757305729;1.4083542043789767;-0.980361882378226;-0.3821510606916664;0.1175698056780963;-0.5616475778611768;-0.8350059713912169;-0.6075655938629585;0.5757422084131065;-1.1099769666232049;-0.3969184402825354;0
-0.5281943702487119;-0.2112173311092006;-0.4156834545971534;0.3271049848610866;-0.2223833937419316;0.0119575809636187;-0.2878157464741611;-0.0777176578556446;0.3814246559078196;-0.8739984830426154;0.0722710222825375;0
-0.2984540647668512;0.0959427876902814;-0.7750242722760179;-0.0275230379152898;-0.4136070684156972;-0.4660467180570442;-0.348614660353834;-0.3956264194600564;0.1871071034025298;-0.2840522740911431;1.1044878399256977;1
0.7928123862719878;-1.216468628998414;1.0216798161183045;-0.6658534789127676;-0.5410895181982078;-0.274844998448779;-0.4094135742335069;0.8230238333567477;-0.2663005191098082;0.0109208303845934;-0.3969184402825354;1
1.309728073606175;2.77661291539485;0.8163422060160961;0.1852537757505359;-0.1586421688506763;0.4899618799842817;1.1409587296981512;0.9289934205582576;-1.6265233866468252;-0.5200307576717322;-0.3030805477695211;0
0.3333317753082665;0.2076373763446379;0.3543325832861276;0.3271049848610866;0.1175698056780963;0.0119575809636187;1.9921435240135712;1.6177957373677478;0.4461971734095809;-0.2840522740911431;-0.8661079028476084;0
0.2184616225673354;0.9057285554343696;-1.391037102582643;0.4689561939716374;-0.0736538689956692;-0.274844998448779;-0.4094135742335069;1.299886975763336;0.3166521384060554;-1.227966208413499;-0.9599457953606226;0
-0.1835839120259207;-0.5463010970722718;0.4570013883372316;-0.1693742470258406;-0.2648775436694351;-0.5616475778611768;0.0465782798640396;0.4521302781516692;0.1871071034025298;-1.1689715875183515;-0.9599457953606226;0
0.9076825390129188;1.1849650270702623;0.0463261681328153;0.0434025666399854;-0.2011363187781798;0.4899618799842817;0.928162531119296;0.6640694525545712;-0.2015280016080468;-0.8739984830426154;-0.584594225308564;0
-0.6430645229896425;-0.2112173311092006;-0.4670178571227055;0.1143281711952608;-0.3923599934519454;-0.274844998448779;-0.3790141172936704;-0.0247328642549191;-0.1367554841062826;-1.0509823457280574;-1.1476215803866527;1
-0.1835839120259207;-0.5463010970722718;0.4570013883372316;-0.1693742470258406;-0.2648775436694351;-0.5616475778611768;0.0465782798640396;0.4521302781516692;0.1871071034025298;-1.1689715875183515;-0.9599457953606226;0
-0.4133242175077818;-0.3787592140907361;-0.82635867480157;0.0434025666399854;-0.179889243814428;-0.3704458582529116;0.076977736803876;0.0282519293458063;-0.6549356241203849;-0.5200307576717322;-0.3969184402825354;0
0.0461563934559404;0.1797137291810493;-1.1856994924804345;-0.3821510606916664;-0.1161480189231728;-0.5616475778611768;-0.7438076005717076;0.4521302781516692;-0.5901631066186207;-1.2869608293086463;-0.7722700103345941;0
-0.700499599360108;0.7381866724528344;-1.391037102582643;0.9654354258585645;-0.031159719068166;0.1075584407677513;-0.0446200909554696;0.4521302781516692;0.9643773134236832;-0.6970146203571735;-0.8661079028476084;0
0.0461563934559404;0.1797137291810493;-1.1856994924804345;-0.3821510606916664;-0.1161480189231728;-0.5616475778611768;-0.7438076005717076;0.4521302781516692;-0.5901631066186207;-1.2869608293086463;-0.7722700103345941;0
0.3333317753082665;-0.2670646254363792;-0.1590114419693931;0.2207165780281737;0.138816880641848;1.828373917242138;1.8097467823745528;0.7700390397560222;-1.367433316639774;-0.7560092412523208;-1.1476215803866527;0
-0.4133242175077818;-0.6021483913994504;-0.980361882378226;0.1143281711952608;-0.0736538689956692;-0.0836432788405138;0.0465782798640396;0.0282519293458063;-0.6549356241203849;-0.4020415158814376;-0.3969184402825354;0
-0.700499599360108;-1.216468628998414;0.1489949731839192;-0.2402998515811156;-0.7323131928719735;1.9239747770462707;2.4481353781111177;-0.1307024514563701;-2.4037935966679784;5.6744044363187305;-0.8661079028476084;0
-0.4707592938782468;3.279238564339457;-0.8776930773271219;0.398030589416362;-0.031159719068166;-1.0396518768818397;-1.047802169970072;-0.5015960066615075;1.4825574534377854;-0.3430468949862904;0.729136269873639;0
0.3907668516787315;0.7381866724528344;-0.5183522596482575;0.3271049848610866;-0.2223833937419316;-1.0396518768818397;-1.0174027130302354;0.4521302781516692;-0.1367554841062826;-0.6380199994620263;-0.0215668702304767;0
-0.1261488356554556;1.0732704384159053;-0.929027479852674;0.1852537757505359;-0.0736538689956692;0.2031593005718839;0.076977736803876;1.405856562964787;0.7700597609183962;0.3648885557554766;0.6352983773606248;1
-1.102545133953364;0.2355610235082272;-1.2883682975315385;-0.524002269802217;-0.4348541433794489;-1.1352527366859724;-1.0782016269099084;0.1342215165472573;0.9643773134236832;0.128910072174888;-0.8661079028476084;0
-1.102545133953364;0.2355610235082272;-1.2883682975315385;-0.524002269802217;-0.4348541433794489;-1.1352527366859724;-1.0782016269099084;0.1342215165472573;0.9643773134236832;0.128910072174888;-0.8661079028476084;0
-1.102545133953364;1.8830562061599936;-1.2370338950059865;0.4689561939716374;-0.3498658435244422;1.0635670388090774;0.3505728492624039;-0.9254743554673704;1.9359650759501237;-0.99198772483291;2.136704657568858;1
0.6779422335310578;0.1238664348538707;1.9970334641037937;-0.1693742470258406;6.36420984502111;-0.3704458582529116;-0.2878157464741611;0.7700390397560222;-0.914025694127436;0.0699154512797407;-0.7722700103345941;0
0.3333317753082665;1.9389035004871724;-0.7236898697504658;0.6462702053598257;0.0113344308593374;-1.1352527366859724;-0.9870032560903992;1.405856562964787;0.8348322784201576;-0.8150038621474681;1.0106499474126835;0
-0.5856294466191774;1.7155143231784582;-1.2370338950059865;-0.311225456136391;0.0963227307143445;-0.5616475778611768;-0.8350059713912169;-0.0777176578556446;0.5109696909113451;-1.1099769666232049;-0.7722700103345941;0
-0.7579346757305729;-0.4346065084179146;0.3543325832861276;0.1143281711952608;-0.1161480189231728;0.0119575809636187;0.776165246420114;0.6640694525545712;1.5473299709395467;-0.3430468949862904;-0.8661079028476084;0
-0.3558891411373163;0.1797137291810493;-0.3643490520716013;-0.3821510606916664;-0.2648775436694351;-0.6572484376653094;-0.2270168325944882;1.0349630077597085;1.0939223484272087;-0.2250576531959957;-1.0537836878736369;0
-0.3558891411373163;2.441529149431779;-0.8776930773271219;-0.311225456136391;0.5212642299893795;-0.4660467180570442;-0.7438076005717076;-0.2366720386578799;-0.3310730366115724;-0.9329931039377628;-0.8661079028476084;0
-0.3558891411373163;2.441529149431779;-0.8776930773271219;-0.311225456136391;0.5212642299893795;-0.4660467180570442;-0.7438076005717076;-0.2366720386578799;-0.3310730366115724;-0.9329931039377628;-0.8661079028476084;0
-0.0687137592849906;0.3472556121625844;-1.391037102582643;-0.0275230379152898;0.1175698056780963;0.2987601603760165;0.3505728492624039;1.8297349117706496;1.2234673834307344;-0.0480737905105538;-1.0537836878736369;1
0.3907668516787315;-0.3787592140907361;-0.2103458444949451;0.1852537757505359;0.0963227307143445;1.15916789861321;1.7489478684948798;0.8230238333567477;-1.367433316639774;-0.579025378566879;-1.1476215803866527;0
0.3907668516787315;0.9057285554343696;-1.391037102582643;-0.0984486424705652;0.0113344308593374;0.2987601603760165;-0.2574162895343247;1.193917388561885;0.251879620904294;-0.3430468949862904;-1.0537836878736369;0
-0.0112786829145246;1.2966596157246195;0.0976605706583671;1.1782122395243904;-0.2648775436694351;-0.3704458582529116;-0.9262043422107262;-0.1307024514563701;0.8996047959219218;0.128910072174888;1.0106499474126835;1
0.5056370044196616;0.0121718461995135;-0.1590114419693931;0.0434025666399854;-0.2011363187781798;1.15916789861321;2.812928861389155;0.6004877002336888;-0.6549356241203849;-0.5200307576717322;-0.8661079028476084;0
-1.045110057582899;0.4868738479805308;-1.391037102582643;-0.4530766652469418;-0.4773482933069525;-0.6572484376653094;-0.8654054283310534;0.2401911037487083;0.9643773134236832;-0.0480737905105538;-1.1476215803866527;0
1.8840788373108277;-0.6579956857266289;1.5863582438993769;0.1852537757505359;0.1813110305693516;0.8723653192008122;1.6577494976753704;1.850928829210964;-1.1731157641344871;-0.7560092412523208;-0.3969184402825354;0
1.596903455458501;-0.7696902743809858;1.381020633797169;0.1143281711952608;0.1600639556055998;0.4899618799842817;1.6577494976753704;1.7767501181699243;-1.1731157641344871;-0.8739984830426154;-0.8661079028476084;0
-0.5856294466191774;-0.0995227424548435;-0.4670178571227055;-0.311225456136391;-0.3711129184881936;-0.3704458582529116;-0.561410858932689;0.4945181130322378;1.3530124184342598;0.4238831766506239;-0.8661079028476084;1
-0.0687137592849906;-1.0489267460168783;0.5596701933883358;-0.0275230379152898;-0.1586421688506763;-0.3704458582529116;0.3201733923225675;0.5580998653531202;-0.0719829666045213;-1.1099769666232049;-1.3352973654126814;1
0.1610265461968704;-1.104774040344057;0.66233899843944;0.0434025666399854;-0.094900943959421;0.0119575809636187;0.6545674186607682;0.568696824073277;-0.0719829666045213;-1.0509823457280574;-0.9599457953606226;0
-0.6430645229896425;-0.1553700367820221;-0.4670178571227055;-0.311225456136391;-0.3498658435244422;-0.3704458582529116;-0.4702124881131797;0.4574287575117182;1.3530124184342598;0.3648885557554766;-0.7722700103345941;1
-0.5856294466191774;-0.0995227424548435;-0.4670178571227055;-0.311225456136391;-0.3711129184881936;-0.3704458582529116;-0.561410858932689;0.4945181130322378;1.3530124184342598;0.4238831766506239;-0.8661079028476084;1
-0.0112786829145246;0.6823393781256558;-0.8776930773271219;0.2561793803058113;0.0325815058230892;0.1075584407677513;-0.1966173756546518;0.679964890634777;-0.1367554841062826;-0.6380199994620263;-0.8661079028476084;0
-0.0112786829145246;0.6823393781256558;-0.8776930773271219;0.2561793803058113;0.0325815058230892;0.1075584407677513;-0.1966173756546518;0.679964890634777;-0.1367554841062826;-0.6380199994620263;-0.8661079028476084;0
-0.4133242175077818;0.0680191405266921;-0.7236898697504658;-0.0275230379152898;0.2025581055331033;0.7767644593966796;0.5937685047810953;0.5845922621534829;0.5109696909113451;-0.2840522740911431;-0.9599457953606226;0
-0.0112786829145246;0.6823393781256558;-0.8776930773271219;0.2561793803058113;0.0325815058230892;0.1075584407677513;-0.1966173756546518;0.679964890634777;-0.1367554841062826;-0.6380199994620263;-0.8661079028476084;0
-0.2984540647668512;-0.2670646254363792;2.099702269154898;-0.5949278743574924;6.959127944006157;-0.1792441386446464;-0.4398130311733433;-0.0989115752959583;-1.4322058341415382;2.370705666190484;-1.241459472899667;1
-0.2984540647668512;2.134369030632297;-1.031696284903778;-0.4530766652469418;-0.6260778180532147;0.5855627397884143;0.0161788229242031;-0.7930123714655566;1.2882399009324956;-1.3459554502037936;0.259946807308566;1
-1.1599802103238297;2.525300090922547;-1.3397027000570905;-0.3821510606916664;-0.6473248930169665;-0.0836432788405138;-0.4094135742335069;-0.9890561077882528;1.871192558448362;-1.1689715875183515;0.729136269873639;1
-0.1261488356554556;1.910979853323583;-1.391037102582643;-0.2402998515811156;-0.0736538689956692;-0.5616475778611768;-0.4702124881131797;-0.0989115752959583;-0.3958455541133338;-0.9329931039377628;-0.584594225308564;0
-0.1261488356554556;1.910979853323583;-1.391037102582643;-0.2402998515811156;-0.0736538689956692;-0.5616475778611768;-0.4702124881131797;-0.0989115752959583;-0.3958455541133338;-0.9329931039377628;-0.584594225308564;0
0.2758966989378015;-0.6021483913994504;-0.3130146495460493;-0.0275230379152898;0.0963227307143445;1.637172197633873;1.2625565574574968;0.785934477836228;-0.7844806591239104;-0.8150038621474681;-1.1476215803866527;0
0.3907668516787315;0.2914083178354058;-0.107677039443841;0.1852537757505359;-0.2648775436694351;-0.6572484376653094;1.7489478684948798;0.5528013859930123;-0.5253905891168593;-0.5200307576717322;-0.6784321178215799;0
0.5630720807901277;0.7102630252892451;-0.0563426369182889;-0.3821510606916664;0.1813110305693516;-1.0396518768818397;-0.348614660353834;0.3355637322300613;-0.3958455541133338;-1.4049500710989409;-0.7722700103345941;0
0.2758966989378015;0.961575849761548;-1.391037102582643;-0.5949278743574924;-0.3923599934519454;-0.752849297469442;-0.8350059713912169;0.1395199959073063;-0.007210449102757;-0.7560092412523208;-0.3969184402825354;1
0.5630720807901277;0.7102630252892451;-0.0563426369182889;-0.3821510606916664;0.1813110305693516;-1.0396518768818397;-0.348614660353834;0.3355637322300613;-0.3958455541133338;-1.4049500710989409;-0.7722700103345941;0
0.4482019280491966;0.8498812611071915;-0.82635867480157;0.1852537757505359;0.1175698056780963;-0.4660467180570442;-0.0750195478953061;1.1303356362410026;-0.007210449102757;-0.6380199994620263;-0.8661079028476084;1
0.5056370044196616;0.7940339667800129;-0.8776930773271219;0.3271049848610866;0.0750756557505927;-0.3704458582529116;0.0465782798640396;1.1303356362410026;-0.007210449102757;-0.6970146203571735;-0.8661079028476084;1
0.2758966989378015;0.3472556121625844;-0.4670178571227055;0.2561793803058113;0.0325815058230892;-0.3704458582529116;0.8369641602997868;0.3355637322300613;-1.1083432466327228;-0.6970146203571735;-0.9599457953606226;0
-0.4707592938782468;0.403102906489763;0.2516637782350234;0.1143281711952608;0.3300405553156136;-0.274844998448779;1.5665511268558612;1.395259604244689;0.8996047959219218;-0.2250576531959957;-0.8661079028476084;0
-0.700499599360108;0.3472556121625844;-1.2883682975315385;-0.1693742470258406;-0.1161480189231728;0.7767644593966796;1.4449532990965157;0.367354608390473;1.5473299709395467;-0.7560092412523208;-0.6784321178215799;1
-0.2410189883963857;1.0732704384159053;-1.3397027000570905;-0.4530766652469418;-0.2436304687056834;-0.8484501572735746;-0.4398130311733433;-0.035329822975076;0.5109696909113451;-0.6970146203571735;-0.7722700103345941;0
-0.700499599360108;0.3472556121625844;-1.2883682975315385;-0.1693742470258406;-0.1161480189231728;0.7767644593966796;1.4449532990965157;0.367354608390473;1.5473299709395467;-0.7560092412523208;-0.6784321178215799;1
0.6205071571605927;0.8778049082707808;-0.0563426369182889;-0.0984486424705652;-0.1161480189231728;0.6811635995925469;2.9345266891485005;0.5580998653531202;-0.2015280016080468;-0.6380199994620263;-0.9599457953606226;0
0.6779422335310578;0.2355610235082272;-0.0050082343927367;-0.1693742470258406;-0.1161480189231728;0.6811635995925469;2.964926146088337;0.568696824073277;-0.2663005191098082;-0.6380199994620263;-0.9599457953606226;0
-0.2410189883963857;-0.7138429800538072;0.0976605706583671;-0.524002269802217;1.477382603358208;-1.4220553160983702;-0.0750195478953061;0.2931758973494338;-0.0719829666045213;1.5447809736584222;-0.8661079028476084;1
-0.2410189883963857;-0.7138429800538072;0.1489949731839192;-0.524002269802217;1.477382603358208;-1.3264544562942375;-0.0446200909554696;0.2772804592692279;-0.007210449102757;1.4857863527632749;-0.8661079028476084;1
-0.6430645229896425;2.636994679576904;-1.391037102582643;0.3271049848610866;0.3087934803518619;-0.8484501572735746;-0.9262043422107262;-0.4698051305010957;0.7700597609183962;-1.1689715875183515;-0.3969184402825354;0
-0.815369752101038;1.3245832628882088;-0.4670178571227055;-0.0984486424705652;3.304631050240858;-0.9918514469797736;0.0465782798640396;-0.3320446671391741;0.5757422084131065;-0.3430468949862904;-0.1154047627434909;1
-0.815369752101038;0.598568436634888;-0.5183522596482575;-0.0984486424705652;3.2621369003133545;-0.9440510170777072;-0.8654054283310534;-0.3426416258593309;0.5757422084131065;-0.4020415158814376;-0.1154047627434909;1
-0.0112786829145246;-0.5463010970722718;0.1489949731839192;0.6108074030821878;-0.179889243814428;-0.8484501572735746;-0.3790141172936704;0.6004877002336888;0.3166521384060554;-0.2840522740911431;0.0722710222825375;0
-0.700499599360108;-0.0436754481276649;-1.2370338950059865;0.0434025666399854;-0.2436304687056834;0.4899618799842817;1.3841543852168423;0.3726530877505221;1.2234673834307344;-0.3430468949862904;-0.584594225308564;0
-0.7579346757305729;0.2355610235082272;-1.391037102582643;-0.3821510606916664;2.178536077162016;-0.3704458582529116;-0.0446200909554696;0.0070580119054926;-0.007210449102757;-0.3430468949862904;-0.9599457953606226;1
-1.045110057582899;-0.3787592140907361;-0.6723554672249137;-0.0984486424705652;0.563758379916883;-0.6572484376653094;-0.2878157464741611;0.3037728560695907;2.2598276634589385;-0.0480737905105538;-0.584594225308564;0
0.3907668516787315;1.6317433816876905;-1.1343650899548825;-0.0984486424705652;-0.1373950938869245;0.9679661790049447;1.5057522129761882;0.7382481635956104;0.3166521384060554;-0.7560092412523208;-0.3969184402825354;0
-1.045110057582899;-0.3787592140907361;-0.6723554672249137;-0.0984486424705652;0.563758379916883;-0.6572484376653094;-0.2878157464741611;0.3037728560695907;2.2598276634589385;-0.0480737905105538;-0.584594225308564;0
-0.700499599360108;0.3472556121625844;-1.3397027000570905;-0.0275230379152898;-0.2223833937419316;0.3943610201801492;1.1713581866379876;0.3779515671106299;1.5473299709395467;-0.4020415158814376;-0.584594225308564;0
0.9076825390129188;-0.9930794516897;0.7136734009649919;-0.1693742470258406;-0.094900943959421;-0.4660467180570442;0.4417712200819132;0.7700390397560222;-0.6549356241203849;-0.9329931039377628;-0.8661079028476084;0
0.9076825390129188;-0.9930794516897;0.7136734009649919;-0.1693742470258406;-0.094900943959421;-0.4660467180570442;0.4417712200819132;0.7700390397560222;-0.6549356241203849;-0.9329931039377628;-0.8661079028476084;0
0.9651176153833838;0.1797137291810493;-0.1590114419693931;-0.2402998515811156;-0.179889243814428;0.2987601603760165;0.3505728492624039;1.2469021821626105;-0.8492531766256718;-0.579025378566879;-0.3030805477695211;1
0.9651176153833838;0.1797137291810493;-0.1590114419693931;-0.2402998515811156;-0.179889243814428;0.2987601603760165;0.3505728492624039;1.2469021821626105;-0.8492531766256718;-0.579025378566879;-0.3030805477695211;1
0.1610265461968704;0.5706447894712987;-0.5183522596482575;0.2561793803058113;0.2450522554606068;0.4899618799842817;2.2049397225924263;0.6640694525545712;-1.4322058341415382;-0.8150038621474681;-1.0537836878736369;0
-0.5281943702487119;-0.8813848630353429;0.8163422060160961;0.0434025666399854;-0.1161480189231728;0.2031593005718839;1.0801598158184782;0.176609351427826;0.1223345859007684;0.128910072174888;-0.6784321178215799;1
0.2758966989378015;0.6264920837984773;-0.5183522596482575;0.2561793803058113;-0.0736538689956692;0.8723653192008122;2.539333748930627;0.7594420810358653;-0.5253905891168593;-0.6970146203571735;-0.7722700103345941;0
-0.700499599360108;0.4589502008169415;-1.2883682975315385;-0.0275230379152898;-0.1373950938869245;0.1075584407677513;1.2321571005176604;0.3726530877505221;1.0939223484272087;-0.3430468949862904;-0.6784321178215799;1
-0.3558891411373163;0.403102906489763;-1.391037102582643;0.0434025666399854;-0.6898190429444699;-0.8484501572735746;-1.0174027130302354;-0.1889857244172035;0.4461971734095809;-0.579025378566879;0.353784699821582;0
1.0225526917538488;-1.439857806307128;1.381020633797169;-0.1693742470258406;-0.4773482933069525;-0.8484501572735746;-0.6222097728123619;-0.761221495305086;-0.914025694127436;-0.7560092412523208;1.9490288725428293;1
1.424598226347106;2.0226744419779403;0.1489949731839192;0.0434025666399854;0.9462057292644144;-0.8484501572735746;0.4113717631420768;0.5898907415135319;-2.079931009159163;3.07864111693225;-0.2092426552565069;0
0.2184616225673354;-0.3787592140907361;0.2003293757094713;-0.0275230379152898;0.8187232794819039;0.7767644593966796;0.5329695909014225;0.3779515671106299;-1.367433316639774;0.4828777975457712;-0.7722700103345941;0
0.5630720807901277;-0.8813848630353429;0.8676766085416482;-0.6658534789127676;-1.0510193173282496;0.4899618799842817;-0.135818461774979;-0.7877138921054487;-0.4606180716150951;0.8958401438118023;0.353784699821582;1
0.6205071571605927;-0.1553700367820221;0.3543325832861276;0.7526586121927386;-0.1161480189231728;-1.0396518768818397;-0.9870032560903992;1.0349630077597085;-0.1367554841062826;-0.8150038621474681;0.259946807308566;1
0.6205071571605927;-0.1553700367820221;0.3543325832861276;0.7526586121927386;-0.1161480189231728;-1.0396518768818397;-0.9870032560903992;1.0349630077597085;-0.1367554841062826;-0.8150038621474681;0.259946807308566;1
-0.6430645229896425;0.4589502008169415;-0.980361882378226;1.0363610304138398;-0.1161480189231728;0.9679661790049447;1.8705456962542253;-0.1783887656970466;-0.3958455541133338;-0.8739984830426154;-0.9599457953606226;0
0.1610265461968704;0.1238664348538707;-0.929027479852674;0.5398817985269124;-0.4136070684156972;-0.752849297469442;-0.8958048852708898;0.3196682941497966;-0.5253905891168593;-1.2869608293086463;-0.3969184402825354;0
-1.8492011267694128;0.3193319649989951;-1.391037102582643;-0.5949278743574924;-0.9235368675457392;-0.1792441386446464;1.201757643577824;-2.175915484444645;1.6121024884413109;1.662770215448716;2.324380442594888;1
-0.3558891411373163;0.1797137291810493;-0.980361882378226;-0.0275230379152898;0.563758379916883;-0.1792441386446464;-0.0142206340156332;0.1872063101479828;-0.4606180716150951;0.0109208303845934;-0.7722700103345941;1
0.0461563934559404;-0.0436754481276649;-0.2616802470204972;0.1143281711952608;-0.0736538689956692;-1.1352527366859724;-0.8654054283310534;0.0388488880659632;-0.3310730366115724;-0.5200307576717322;-0.4907563327955497;1
-0.0687137592849906;-1.3840105119799495;0.66233899843944;-0.0984486424705652;-0.7535602678357253;-1.1352527366859724;-1.1086010838497449;-1.6884553833179;0.1223345859007684;0.246899313965182;2.230542550081874;1
0.0461563934559404;-1.5515523949614851;0.6110045959138879;-0.3821510606916664;-0.9872780924369944;-1.1352527366859724;-1.1086010838497449;-1.5295010025157234;-0.2663005191098082;0.3058939348603293;1.9490288725428293;1
-0.0687137592849906;-1.3840105119799495;0.66233899843944;-0.0984486424705652;-0.7535602678357253;-1.1352527366859724;-1.1086010838497449;-1.6884553833179;0.1223345859007684;0.246899313965182;2.230542550081874;1
-0.5281943702487119;0.0121718461995135;-0.7750242722760179;-0.4530766652469418;1.647359203068222;-1.1352527366859724;-1.047802169970072;0.1448184752674142;-0.3310730366115724;1.1908132482875382;-1.1476215803866527;0
-0.4133242175077818;-0.2670646254363792;0.2003293757094713;0.1852537757505359;-0.3711129184881936;-1.1352527366859724;-0.9566037991505626;0.0971321610267377;-0.5901631066186207;-0.6380199994620263;-0.1154047627434909;1
-0.5856294466191774;-0.2112173311092006;-0.8776930773271219;0.0434025666399854;-0.4136070684156972;-1.1352527366859724;-0.9870032560903992;-0.5969686351428605;-0.0719829666045213;-1.1099769666232049;0.0722710222825375;0
2.630734830126876;-0.1553700367820221;1.432355036322721;0.1852537757505359;-0.3286187685606904;-0.8484501572735746;-0.6830086866920347;1.7873470768900224;-1.4322058341415382;0.128910072174888;0.4476225923345963;1
1.424598226347106;-0.4346065084179146;0.3029981807605755;-0.0275230379152898;0.2450522554606068;0.3943610201801492;-0.2574162895343247;0.7594420810358653;-0.4606180716150951;0.3058939348603293;0.353784699821582;0
-0.815369752101038;-0.7696902743809858;-0.1590114419693931;-0.311225456136391;0.3087934803518619;-1.1352527366859724;-1.199799454669254;-1.1268165711501743;0.8348322784201576;-0.4610361367765849;0.9168120548996692;0
2.45842960101548;-0.6579956857266289;1.381020633797169;0.1852537757505359;0.3300405553156136;0.2987601603760165;-0.1662179187148154;1.400558083604738;-0.6549356241203849;0.6008670393360659;0.822974162386655;1
1.424598226347106;-0.4346065084179146;0.3029981807605755;-0.0275230379152898;0.2450522554606068;0.3943610201801492;-0.2574162895343247;0.7594420810358653;-0.4606180716150951;0.3058939348603293;0.353784699821582;0
0.8502474626424538;-0.0995227424548435;-0.4156834545971534;0.4689561939716374;-0.1373950938869245;-0.752849297469442;-0.5006119450530162;0.8760086269574732;-0.5253905891168593;-0.4610361367765849;0.0722710222825375;1
1.424598226347106;-1.3281632176527711;0.765007803490544;-0.6658534789127676;-0.0736538689956692;0.2987601603760165;-0.5918103158725254;-0.6870427842641056;-0.2015280016080468;0.4238831766506239;1.3860015174647422;1
-0.700499599360108;1.045346791252316;-1.391037102582643;-0.1339114447482027;-0.3498658435244422;0.4899618799842817;0.0161788229242031;-0.2260750799377231;-0.1367554841062826;-1.227966208413499;-0.9599457953606226;0
0.4482019280491966;0.7381866724528344;-0.6210210646993617;0.4689561939716374;0.2025581055331033;-0.6572484376653094;0.3809723062022403;1.596601819927434;-0.2015280016080468;-0.6970146203571735;-0.7722700103345941;0
-0.7579346757305729;0.8778049082707808;-1.391037102582643;-0.4530766652469418;0.2450522554606068;-0.6572484376653094;-0.7438076005717076;-0.3638355432996447;0.1871071034025298;-0.3430468949862904;-0.6784321178215799;0
-1.9640712795103423;-0.6021483913994504;-1.391037102582643;-0.311225456136391;-0.8385485676907322;0.0119575809636187;-0.135818461774979;-2.758748214052684;2.5836902509677517;0.4828777975457712;3.3565972602380483;1
-0.9302399048419686;0.0680191405266921;-0.7236898697504658;-0.3821510606916664;-0.2436304687056834;-0.0836432788405138;-0.3182152034139975;0.2931758973494338;1.9359650759501237;-0.1070684114057011;-0.584594225308564;0
-0.9302399048419686;0.0680191405266921;-0.7236898697504658;-0.3821510606916664;-0.2436304687056834;-0.0836432788405138;-0.3182152034139975;0.2931758973494338;1.9359650759501237;-0.1070684114057011;-0.584594225308564;0
-0.700499599360108;-0.2670646254363792;0.0463261681328153;0.1852537757505359;-0.4136070684156972;-0.9440510170777072;-0.9262043422107262;0.0388488880659632;-0.4606180716150951;-0.7560092412523208;-0.1154047627434909;0
-0.700499599360108;-0.3787592140907361;-0.6723554672249137;0.1852537757505359;-0.2436304687056834;-0.0836432788405138;-0.2878157464741611;-0.2684629148182917;0.3166521384060554;-0.99198772483291;0.259946807308566;0
-0.4707592938782468;-1.439857806307128;0.3543325832861276;-0.1693742470258406;-0.7960544177632286;-1.1352527366859724;-1.1693999977294176;-0.8724895618666448;0.5757422084131065;-0.1070684114057011;0.5414604848476106;1
-0.700499599360108;-0.3787592140907361;-0.6723554672249137;0.1852537757505359;-0.2436304687056834;-0.0836432788405138;-0.2878157464741611;-0.2684629148182917;0.3166521384060554;-0.99198772483291;0.259946807308566;0
-0.2984540647668512;0.2355610235082272;-0.929027479852674;-0.1693742470258406;-0.4773482933069525;1.7327730574380056;-0.0446200909554696;-1.365248142353439;0.9643773134236832;0.4828777975457712;2.136704657568858;1
-1.3897205158056902;0.4589502008169415;-0.980361882378226;-0.311225456136391;-0.3498658435244422;0.0119575809636187;-0.6830086866920347;-1.582485796116449;1.6121024884413109;0.6598616602312132;0.6352983773606248;1
-0.4707592938782468;0.8778049082707808;-1.031696284903778;-0.0275230379152898;-0.6260778180532147;-1.0396518768818397;-1.1390005407895811;-0.2260750799377231;0.4461971734095809;-0.6380199994620263;0.4476225923345963;0
-1.3897205158056902;0.4589502008169415;-0.980361882378226;-0.311225456136391;-0.3498658435244422;0.0119575809636187;-0.6830086866920347;-1.582485796116449;1.6121024884413109;0.6598616602312132;0.6352983773606248;1
1.194857920865245;-0.4904538027450932;0.765007803490544;-0.736779083468043;1.222417703793187;1.7327730574380056;0.0465782798640396;0.8336207920769045;0.4461971734095809;1.1908132482875382;-0.4907563327955497;0
1.8840788373108277;-0.3229119197635578;0.8676766085416482;-0.6658534789127676;1.2649118537206905;1.9239747770462707;0.1377766506835488;0.8548147095172183;0.4461971734095809;1.1908132482875382;-0.4907563327955497;0
0.2758966989378015;0.8778049082707808;-0.0563426369182889;-0.6658534789127676;0.0113344308593374;0.0119575809636187;-0.7134081436318712;0.1024306403868455;0.0575620683990042;-1.1099769666232049;-0.9599457953606226;0
-0.4133242175077818;0.7661103196164237;-0.8776930773271219;-0.736779083468043;-0.4561012183432007;1.0635670388090774;0.2593744784428946;-0.1042100546560074;0.5109696909113451;-0.8739984830426154;-1.0537836878736369;0
-0.9302399048419686;-1.3840105119799495;0.0463261681328153;-0.0984486424705652;-1.6034432663857952;1.9239747770462707;1.627350040735534;-3.235611356459273;-0.3310730366115724;-1.5819339337843823;1.198325732438712;1
-0.9302399048419686;-1.3840105119799495;0.0463261681328153;-0.0984486424705652;-1.6034432663857952;1.9239747770462707;1.627350040735534;-3.235611356459273;-0.3310730366115724;-1.5819339337843823;1.198325732438712;1
1.0225526917538488;-1.216468628998414;0.4056669858116795;-0.6658534789127676;-0.2648775436694351;-0.6572484376653094;-0.561410858932689;-0.0141359055347622;-0.4606180716150951;1.0138293856020963;0.729136269873639;1
-1.3322854394352253;-0.1553700367820221;-1.1856994924804345;-0.2402998515811156;0.0963227307143445;-0.274844998448779;-0.6222097728123619;-0.1465978895366348;0.9643773134236832;-1.1099769666232049;-0.3969184402825354;0
1.596903455458501;-0.6021483913994504;1.0216798161183045;0.078865368917623;-0.0524067940319175;-0.6572484376653094;-0.3790141172936704;0.3249667735099044;-0.4606180716150951;0.6598616602312132;1.5736773024907706;1
-0.987674981212434;0.7381866724528344;-1.391037102582643;0.3271049848610866;0.5850054548806348;0.4899618799842817;-0.4702124881131797;-0.241970518017929;0.8996047959219218;-0.1660630323008484;-0.1154047627434909;0
1.309728073606175;-0.1553700367820221;0.9190110110672004;0.0434025666399854;0.6699937547356416;1.7327730574380056;0.6545674186607682;0.176609351427826;-0.5253905891168593;0.3648885557554766;0.4476225923345963;1
-0.700499599360108;0.8778049082707808;0.4056669858116795;-0.3821510606916664;0.0113344308593374;-0.6572484376653094;1.3841543852168423;-0.2366720386578799;-0.2015280016080468;-0.2250576531959957;-0.9599457953606226;0
0.9076825390129188;-1.5515523949614851;0.9703454135927524;-0.5949278743574924;-0.5410895181982078;0.9679661790049447;-0.135818461774979;-0.4486112130607819;-0.8492531766256718;1.0138293856020963;0.1661089147955518;1
-1.102545133953364;0.6264920837984773;-0.3130146495460493;-0.524002269802217;-0.1373950938869245;-0.1792441386446464;-0.4702124881131797;0.0759382435864828;1.8064200409465976;0.0109208303845934;-0.584594225308564;0
-1.102545133953364;0.6264920837984773;-0.3130146495460493;-0.524002269802217;-0.1373950938869245;-0.1792441386446464;-0.4702124881131797;0.0759382435864828;1.8064200409465976;0.0109208303845934;-0.584594225308564;0
-0.5281943702487119;0.8498812611071915;-0.5696866621738096;-0.524002269802217;-0.2011363187781798;-0.3704458582529116;-0.2270168325944882;0.5051150717523947;1.2234673834307344;0.246899313965182;-0.4907563327955497;1
-1.102545133953364;0.6264920837984773;-0.3130146495460493;-0.524002269802217;-0.1373950938869245;-0.1792441386446464;-0.4702124881131797;0.0759382435864828;1.8064200409465976;0.0109208303845934;-0.584594225308564;0
-1.102545133953364;0.5706447894712987;-0.3130146495460493;-0.6658534789127676;-0.1586421688506763;-0.3704458582529116;-0.4398130311733433;0.0759382435864828;1.7416475234448363;0.0109208303845934;-0.584594225308564;0
0.5630720807901277;-0.5463010970722718;0.8676766085416482;-0.4530766652469418;-0.0524067940319175;-0.6572484376653094;-0.7438076005717076;0.176609351427826;-0.2015280016080468;-0.6380199994620263;-0.8661079028476084;0
0.5630720807901277;-0.5463010970722718;0.8676766085416482;-0.4530766652469418;-0.0524067940319175;-0.6572484376653094;-0.7438076005717076;0.176609351427826;-0.2015280016080468;-0.6380199994620263;-0.8661079028476084;0
-0.1835839120259207;-0.6021483913994504;0.2516637782350234;-0.0275230379152898;-0.1586421688506763;0.9679661790049447;2.2961380934119355;0.6693679319146202;-0.5901631066186207;2.429700287085631;-0.6784321178215799;0
0.5630720807901277;-0.9372321573625216;0.6110045959138879;-0.736779083468043;-0.1586421688506763;2.401979076066933;0.2593744784428946;-0.1201054927362721;1.0291498309254474;0.4238831766506239;0.4476225923345963;1
0.5630720807901277;-0.9372321573625216;0.6110045959138879;-0.736779083468043;-0.1586421688506763;2.401979076066933;0.2593744784428946;-0.1201054927362721;1.0291498309254474;0.4238831766506239;0.4476225923345963;1
-0.4133242175077818;1.157041379906673;-1.2883682975315385;-0.0275230379152898;-0.3498658435244422;-0.5616475778611768;-0.9870032560903992;-0.7241321397845664;1.2882399009324956;0.3058939348603293;1.198325732438712;1
0.5630720807901277;-0.9372321573625216;0.6110045959138879;-0.736779083468043;-0.1586421688506763;2.401979076066933;0.2593744784428946;-0.1201054927362721;1.0291498309254474;0.4238831766506239;0.4476225923345963;1
-0.0687137592849906;-1.4957051006343065;0.3543325832861276;-0.0275230379152898;-0.3073716935969386;0.0119575809636187;0.0161788229242031;-0.4274172956204682;0.5757422084131065;0.7188562811263605;0.822974162386655;1
1.941513913681292;-1.3840105119799495;1.0216798161183045;-0.5949278743574924;-0.7110661179082217;0.1075584407677513;-0.4398130311733433;0.0600428055062181;-1.0435707291309615;0.0699154512797407;0.1661089147955518;1
-0.8728048284715035;0.1797137291810493;-0.2616802470204972;-0.524002269802217;-0.2861246186331869;-0.0836432788405138;-0.6830086866920347;-1.2539800757918802;0.5757422084131065;0.9548347647069492;0.729136269873639;1
-0.6430645229896425;0.5147974951441201;-1.0830306874293305;0.1143281711952608;-0.2223833937419316;-0.0836432788405138;1.1713581866379876;0.3779515671106299;1.2882399009324956;-0.6970146203571735;-0.8661079028476084;0
-1.447155592176156;2.6928419739040828;1.9970334641037937;-0.3821510606916664;-1.029772242364498;-0.0836432788405138;1.2625565574574968;-1.683156903957851;2.2598276634589385;-0.3430468949862904;1.0106499474126835;1
-0.4707592938782468;-0.6021483913994504;0.2516637782350234;0.1143281711952608;-0.4348541433794489;-0.8484501572735746;-0.6526092297521983;-0.247268997377978;-0.4606180716150951;-1.2869608293086463;-0.0215668702304767;0
-0.6430645229896425;0.5147974951441201;-1.0830306874293305;-0.0275230379152898;-0.2011363187781798;0.1075584407677513;1.1409587296981512;0.3779515671106299;1.2882399009324956;-0.7560092412523208;-0.6784321178215799;0
-0.6430645229896425;0.5147974951441201;-1.0830306874293305;0.1143281711952608;-0.2223833937419316;-0.0836432788405138;1.1713581866379876;0.3779515671106299;1.2882399009324956;-0.6970146203571735;-0.8661079028476084;0
-0.6430645229896425;0.598568436634888;-1.031696284903778;0.0434025666399854;-0.2223833937419316;0.0119575809636187;1.201757643577824;0.3885485258307868;1.2882399009324956;-0.6970146203571735;-0.6784321178215799;0
-0.8728048284715035;-0.2112173311092006;-0.2616802470204972;-0.1693742470258406;-0.3498658435244422;-0.274844998448779;-0.6830086866920347;-1.2539800757918802;0.6405147259148707;1.0138293856020963;0.822974162386655;1
-0.815369752101038;-0.0995227424548435;-0.2103458444949451;-0.3821510606916664;-0.3286187685606904;-0.274844998448779;-0.7438076005717076;-1.2539800757918802;0.5757422084131065;1.0728240064972436;0.729136269873639;1
-0.8728048284715035;0.1797137291810493;-0.2616802470204972;-0.524002269802217;-0.2861246186331869;-0.0836432788405138;-0.6830086866920347;-1.2539800757918802;0.5757422084131065;0.9548347647069492;0.729136269873639;1
-0.4133242175077818;0.5706447894712987;-1.2370338950059865;-0.3821510606916664;-0.1586421688506763;1.0635670388090774;-0.1054190048351425;-0.5121929653816644;0.8348322784201576;-0.1070684114057011;0.4476225923345963;1
-0.3558891411373163;1.045346791252316;-1.3397027000570905;-0.311225456136391;-0.4985953682707043;1.4459704780256075;-0.1054190048351425;-1.6089781929168117;0.6405147259148707;-0.5200307576717322;1.292163624951728;1
-0.815369752101038;0.1797137291810493;-1.2370338950059865;-0.736779083468043;-0.031159719068166;1.9239747770462707;-0.0142206340156332;-0.8089078095457625;1.417784935936021;-0.5200307576717322;0.1661089147955518;0
-0.5856294466191774;-0.9930794516897;-0.1590114419693931;-0.3821510606916664;-0.4348541433794489;1.15916789861321;0.0465782798640396;-0.5227899241018212;0.7700597609183962;-0.6970146203571735;-0.3969184402825354;0
0.4482019280491966;-1.7749415722701996;0.5083357908627837;-0.6658534789127676;-0.4348541433794489;-0.9440510170777072;-1.1086010838497449;-0.649953428743586;-0.5253905891168593;-0.4610361367765849;0.6352983773606248;1
1.194857920865245;-0.8255375687081643;0.9703454135927524;-0.311225456136391;0.3512876302793654;-0.9440510170777072;-1.1086010838497449;-0.0565237404153897;-1.2378882816362484;-0.0480737905105538;1.292163624951728;1
0.2758966989378015;-1.216468628998414;0.66233899843944;0.1852537757505359;0.4575230050981242;-0.8484501572735746;-0.9262043422107262;-0.3214477084190172;-0.007210449102757;0.7778509020215078;1.292163624951728;1
-0.700499599360108;-0.3229119197635578;-1.391037102582643;-0.2402998515811156;-0.4348541433794489;-0.8484501572735746;-0.9870032560903992;-0.8354002063461252;0.5757422084131065;-0.4610361367765849;0.4476225923345963;0
-0.3558891411373163;1.045346791252316;-1.3397027000570905;-0.311225456136391;-0.4985953682707043;1.4459704780256075;-0.1054190048351425;-1.6089781929168117;0.6405147259148707;-0.5200307576717322;1.292163624951728;1
0.2758966989378015;0.4589502008169415;-0.4156834545971534;1.0363610304138398;0.138816880641848;1.350369618221475;0.6849668756006047;0.5951892208736398;-0.5901631066186207;-0.9329931039377628;-0.3969184402825354;1
-0.6430645229896425;0.403102906489763;-1.1856994924804345;-0.0275230379152898;-0.2436304687056834;0.2031593005718839;1.2625565574574968;0.3726530877505221;1.417784935936021;-0.6380199994620263;-0.8661079028476084;0
0.5056370044196616;0.1797137291810493;-0.4670178571227055;-0.6658534789127676;-0.2011363187781798;-0.5616475778611768;-0.7742070575115441;-0.5227899241018212;-1.0435707291309615;-0.99198772483291;-0.4907563327955497;0
-0.4133242175077818;1.045346791252316;-1.391037102582643;-0.311225456136391;-0.4136070684156972;1.350369618221475;-0.348614660353834;-0.7506245365849291;1.0939223484272087;-0.0480737905105538;0.9168120548996692;1
0.0461563934559404;-1.216468628998414;0.0976605706583671;0.398030589416362;2.263524377017023;-0.1792441386446464;-0.6222097728123619;-0.7347290985047232;-0.5901631066186207;0.7188562811263605;1.4798394099777563;1
-0.6430645229896425;0.403102906489763;-1.1856994924804345;-0.0275230379152898;-0.2436304687056834;0.2031593005718839;1.2625565574574968;0.3726530877505221;1.417784935936021;-0.6380199994620263;-0.8661079028476084;0
0.2758966989378015;0.4589502008169415;-0.4156834545971534;1.0363610304138398;0.138816880641848;1.350369618221475;0.6849668756006047;0.5951892208736398;-0.5901631066186207;-0.9329931039377628;-0.3969184402825354;1
0.3333317753082665;1.240812321397441;-0.6723554672249137;-0.0275230379152898;-0.031159719068166;-0.6572484376653094;-0.5006119450530162;0.7912329571963359;0.1871071034025298;-0.1070684114057011;0.0722710222825375;0
0.3907668516787315;1.5200487930333335;-0.7750242722760179;-0.0984486424705652;-0.094900943959421;-0.752849297469442;-0.561410858932689;0.8548147095172183;0.1223345859007684;-0.0480737905105538;-0.0215668702304767;1
1.36716314997664;-0.0436754481276649;0.5596701933883358;0.0434025666399854;-0.4561012183432007;1.2547687584173426;0.289773935382731;-0.5174914447417134;-1.0435707291309615;0.7778509020215078;1.5736773024907706;1
-0.8728048284715035;0.2355610235082272;-1.391037102582643;-0.0275230379152898;-0.3286187685606904;1.5415713378297404;0.5329695909014225;-0.9731606697080468;0.7700597609183962;-0.579025378566879;0.729136269873639;1
1.36716314997664;2.078521736305119;0.3543325832861276;2.8804267488509976;0.5212642299893795;0.6811635995925469;1.5969505837956977;3.255025859630366;-0.5901631066186207;0.128910072174888;-1.0537836878736369;0
-0.6430645229896425;-1.0489267460168783;-0.1590114419693931;-0.3821510606916664;-0.3498658435244422;1.350369618221475;0.1681761076233853;-0.5227899241018212;0.8348322784201576;-0.4610361367765849;-0.3030805477695211;0
-0.6430645229896425;0.7381866724528344;-1.2370338950059865;-0.1693742470258406;-0.2011363187781798;0.0119575809636187;1.201757643577824;0.362056129030424;1.417784935936021;-0.5200307576717322;-0.6784321178215799;0
1.0225526917538488;-0.4346065084179146;-0.2103458444949451;-0.4530766652469418;-0.1161480189231728;-0.5616475778611768;-0.8654054283310534;0.5263089891926496;-0.5901631066186207;-0.0480737905105538;-1.0537836878736369;1
-0.6430645229896425;0.7381866724528344;-1.2370338950059865;-0.1693742470258406;-0.2011363187781798;0.0119575809636187;1.201757643577824;0.362056129030424;1.417784935936021;-0.5200307576717322;-0.6784321178215799;0
-0.6430645229896425;0.5706447894712987;-1.2370338950059865;-0.2402998515811156;-0.1586421688506763;0.1075584407677513;1.2625565574574968;0.3726530877505221;1.417784935936021;-0.4610361367765849;-0.584594225308564;1
-0.700499599360108;0.3472556121625844;-1.3397027000570905;-0.1693742470258406;-0.1586421688506763;1.0635670388090774;-0.1054190048351425;-0.660550387463684;0.7052872434166321;-0.4610361367765849;0.259946807308566;1
-0.0112786829145246;-1.216468628998414;0.6110045959138879;-0.0984486424705652;-0.2011363187781798;0.1075584407677513;-0.1054190048351425;-1.2221891996314684;-0.007210449102757;0.6598616602312132;1.9490288725428293;1
-0.700499599360108;0.3472556121625844;-1.3397027000570905;-0.1693742470258406;-0.1586421688506763;1.0635670388090774;-0.1054190048351425;-0.660550387463684;0.7052872434166321;-0.4610361367765849;0.259946807308566;1
-0.0112786829145246;-1.216468628998414;0.6110045959138879;-0.0984486424705652;-0.2011363187781798;0.1075584407677513;-0.1054190048351425;-1.2221891996314684;-0.007210449102757;0.6598616602312132;1.9490288725428293;1
-0.0112786829145246;2.748689268231261;-1.2883682975315385;0.6108074030821878;-0.0736538689956692;-0.9440510170777072;-1.0782016269099084;1.1515295536813164;1.0939223484272087;-0.99198772483291;0.5414604848476106;0
0.3333317753082665;-1.216468628998414;0.4570013883372316;0.0434025666399854;-0.6685719679807182;-0.5616475778611768;-0.2270168325944882;-0.5969686351428605;0.5757422084131065;0.1879046930700347;1.292163624951728;0
-0.5281943702487119;0.598568436634888;-0.8776930773271219;-0.0984486424705652;-0.1586421688506763;0.0119575809636187;-0.4094135742335069;0.3249667735099044;1.7416475234448363;0.1879046930700347;0.353784699821582;1
-0.5281943702487119;0.598568436634888;-0.8776930773271219;-0.0984486424705652;-0.1586421688506763;0.0119575809636187;-0.4094135742335069;0.3249667735099044;1.7416475234448363;0.1879046930700347;0.353784699821582;1
-0.8728048284715035;0.3472556121625844;-1.0830306874293305;2.454873121519346;-0.5835836681257113;-0.4660467180570442;-0.8654054283310534;-0.2896568322586054;0.6405147259148707;-0.4020415158814376;0.353784699821582;1
-0.8728048284715035;0.3472556121625844;-1.0830306874293305;2.454873121519346;-0.5835836681257113;-0.4660467180570442;-0.8654054283310534;-0.2896568322586054;0.6405147259148707;-0.4020415158814376;0.353784699821582;1
0.5056370044196616;0.2914083178354058;-0.3643490520716013;0.3271049848610866;-0.1373950938869245;-0.0836432788405138;2.0833418948330804;0.6640694525545712;-0.5253905891168593;-0.4020415158814376;-0.8661079028476084;0
-0.6430645229896425;0.0680191405266921;-0.0050082343927367;0.0434025666399854;-0.0736538689956692;-0.3704458582529116;0.9585619880591324;-0.1836872450571544;0.5109696909113451;0.3058939348603293;0.5414604848476106;0
-1.2748503630647603;0.1797137291810493;-1.391037102582643;-0.2402998515811156;-0.179889243814428;-0.9440510170777072;-1.1390005407895811;-1.0314439426688211;1.8064200409465976;-0.6970146203571735;1.0106499474126835;1
-0.5281943702487119;-0.0436754481276649;-0.7236898697504658;-0.0984486424705652;-0.2011363187781798;1.7327730574380056;0.4417712200819132;-0.7771169333852919;0.7700597609183962;-0.4020415158814376;0.353784699821582;1
-0.5856294466191774;-1.2443922761620034;0.6110045959138879;-0.9495558971338688;-0.604830743089463;-0.8484501572735746;-1.0782016269099084;-1.8209173673197137;-0.1367554841062826;-0.8150038621474681;1.0106499474126835;1
0.5630720807901277;-0.8255375687081643;1.0730142186438565;0.8945098213032889;0.9462057292644144;-1.230853596490105;-1.0782016269099084;-0.5174914447417134;-0.5253905891168593;-0.5200307576717322;2.605894120133931;1
0.4482019280491966;-1.3840105119799495;0.9703454135927524;4.582641258177605;0.563758379916883;-1.230853596490105;-1.1390005407895811;1.199215867921934;-0.8492531766256718;-0.3430468949862904;0.4476225923345963;1
0.9651176153833838;-0.3787592140907361;0.8676766085416482;0.2561793803058113;-0.4773482933069525;-1.1352527366859724;-1.1693999977294176;-0.0035389468146642;0.1223345859007684;-0.2250576531959957;1.667515195003785;1
0.6205071571605927;-0.7417666272173965;0.9703454135927524;1.4619146577454911;0.138816880641848;-1.230853596490105;-1.1086010838497449;-0.1889857244172035;-0.2663005191098082;-0.1070684114057011;1.667515195003785;1
-0.5856294466191774;-1.2443922761620034;0.6110045959138879;-0.9495558971338688;-0.604830743089463;-0.8484501572735746;-1.0782016269099084;-1.8209173673197137;-0.1367554841062826;-0.8150038621474681;1.0106499474126835;1
0.1610265461968704;-1.1885449818348248;0.66233899843944;-0.2402998515811156;-0.179889243814428;-1.230853596490105;-1.2301989116090906;-0.861892603146488;-0.2663005191098082;0.0699154512797407;1.3860015174647422;1
-1.734330974028482;1.045346791252316;-0.4156834545971534;-0.736779083468043;1.5623709032132151;-0.8484501572735746;0.4721706770217496;-1.481814688275047;2.000737593451888;-0.2840522740911431;0.5414604848476106;0
-0.8728048284715035;-0.6579956857266289;0.2003293757094713;4.440790049067055;-0.0736538689956692;0.9679661790049447;-0.0446200909554696;0.7912329571963359;0.4461971734095809;-0.1070684114057011;-0.3030805477695211;1
0.0461563934559404;-0.9372321573625216;0.2516637782350234;-0.2402998515811156;-0.1373950938869245;1.5415713378297404;0.988961444998969;-0.1836872450571544;-0.0719829666045213;0.3648885557554766;0.5414604848476106;1
0.0461563934559404;0.5147974951441201;-0.7750242722760179;-0.524002269802217;-0.3286187685606904;2.115176496654536;-0.0142206340156332;-0.9042804380270566;0.4461971734095809;1.36779711097298;1.292163624951728;1
0.7353773099015227;-0.6579956857266289;0.5083357908627837;-0.1693742470258406;0.0750756557505927;-0.5616475778611768;-0.7134081436318712;0.5898907415135319;-0.4606180716150951;-0.579025378566879;0.0722710222825375;0
0.0461563934559404;-0.9372321573625216;0.2516637782350234;-0.2402998515811156;-0.1373950938869245;1.5415713378297404;0.988961444998969;-0.1836872450571544;-0.0719829666045213;0.3648885557554766;0.5414604848476106;1
0.0461563934559404;0.5147974951441201;-0.7750242722760179;-0.524002269802217;-0.3286187685606904;2.115176496654536;-0.0142206340156332;-0.9042804380270566;0.4461971734095809;1.36779711097298;1.292163624951728;1
-0.8728048284715035;-0.6579956857266289;0.2003293757094713;4.440790049067055;-0.0736538689956692;0.9679661790049447;-0.0446200909554696;0.7912329571963359;0.4461971734095809;-0.1070684114057011;-0.3030805477695211;1
0.1610265461968704;-0.3229119197635578;-0.0050082343927367;-0.1693742470258406;-0.6898190429444699;-0.1792441386446464;-0.561410858932689;-0.8406986857061742;-0.8492531766256718;0.836845522916655;0.729136269873639;0
0.1610265461968704;-1.719094277943021;0.4570013883372316;-0.4530766652469418;-0.4985953682707043;3.549189393716525;0.928162531119296;-0.3744325020197427;1.0291498309254474;1.2498078691826855;0.5414604848476106;1
0.6205071571605927;-1.6073996892886635;0.3029981807605755;-0.1693742470258406;-0.5623365931619595;3.4535885339123924;0.8065647033599503;0.5898907415135319;1.0291498309254474;1.4267917318681274;-0.2092426552565069;1
0.0461563934559404;0.7940339667800129;-0.4156834545971534;-0.2402998515811156;0.1175698056780963;-0.4660467180570442;0.8673636172396232;0.3249667735099044;-0.7197081416221462;-0.4020415158814376;-1.1476215803866527;0
0.1610265461968704;-0.3229119197635578;-0.0050082343927367;-0.1693742470258406;-0.6898190429444699;-0.1792441386446464;-0.561410858932689;-0.8406986857061742;-0.8492531766256718;0.836845522916655;0.729136269873639;0
0.2184616225673354;-1.104774040344057;0.5596701933883358;0.5398817985269124;-0.519842443234456;-0.5616475778611768;-0.8350059713912169;-1.0950256949897037;-0.0719829666045213;0.4238831766506239;1.4798394099777563;1
-0.987674981212434;0.4589502008169415;-1.3397027000570905;-0.4530766652469418;-0.1586421688506763;-0.752849297469442;-0.6526092297521983;0.3779515671106299;2.4541452159642256;0.4238831766506239;0.0722710222825375;0
-0.5281943702487119;0.4589502008169415;-1.3397027000570905;-0.3821510606916664;-0.2861246186331869;-0.274844998448779;-0.2574162895343247;0.3885485258307868;1.0939223484272087;-0.0480737905105538;-0.584594225308564;0
-0.4133242175077818;-0.7138429800538072;0.0976605706583671;-0.4530766652469418;-0.2011363187781798;1.2547687584173426;0.5937685047810953;0.1872063101479828;0.8996047959219218;-0.4020415158814376;-0.8661079028476084;1
-0.5281943702487119;0.4589502008169415;-1.3397027000570905;-0.3821510606916664;-0.2861246186331869;-0.274844998448779;-0.2574162895343247;0.3885485258307868;1.0939223484272087;-0.0480737905105538;-0.584594225308564;0
-0.987674981212434;0.4589502008169415;-1.3397027000570905;-0.4530766652469418;-0.1586421688506763;-0.752849297469442;-0.6526092297521983;0.3779515671106299;2.4541452159642256;0.4238831766506239;0.0722710222825375;0
0.2758966989378015;-1.2723159233255923;0.5596701933883358;-0.1693742470258406;-0.5835836681257113;0.2987601603760165;0.776165246420114;-0.6976397429842036;0.5109696909113451;0.3648885557554766;1.292163624951728;1
0.2758966989378015;-1.2723159233255923;0.5596701933883358;-0.1693742470258406;-0.5835836681257113;0.2987601603760165;0.776165246420114;-0.6976397429842036;0.5109696909113451;0.3648885557554766;1.292163624951728;1
2.113819142792688;0.5706447894712987;1.1756830236949605;-0.8077046880233183;-0.3498658435244422;-0.9440510170777072;-0.6222097728123619;0.6163831383138947;-1.5617508691450637;-0.3430468949862904;-0.0215668702304767;0
-0.6430645229896425;-0.8255375687081643;0.5596701933883358;0.1852537757505359;-0.4136070684156972;0.6811635995925469;-0.135818461774979;-1.6884553833179;0.1871071034025298;0.3648885557554766;2.324380442594888;1
-1.2174152866942949;-0.3787592140907361;-0.5183522596482575;-0.6658534789127676;-0.3073716935969386;-0.8484501572735746;-1.0782016269099084;-1.3228603074728704;1.9359650759501237;-0.6970146203571735;0.9168120548996692;0
0.7353773099015227;-1.104774040344057;1.278351828746065;-0.2402998515811156;-0.2861246186331869;-0.274844998448779;-0.6526092297521983;-0.8777880412266938;0.3166521384060554;0.6008670393360659;1.8551909800298152;1
0.9076825390129188;-1.439857806307128;1.1243486211694085;1.7456170759665928;-0.1161480189231728;-0.6572484376653094;-0.8958048852708898;-1.0102500252285664;-0.7844806591239104;-0.8150038621474681;1.9490288725428293;1
1.0225526917538488;-0.5463010970722718;0.66233899843944;0.0434025666399854;0.0963227307143445;-0.274844998448779;0.1681761076233853;0.8442177507970614;-0.5901631066186207;-0.1070684114057011;-0.3969184402825354;1
0.8502474626424538;-0.1553700367820221;0.3543325832861276;-0.1693742470258406;0.138816880641848;-0.5616475778611768;-0.0446200909554696;1.003172131599238;-0.4606180716150951;-0.3430468949862904;-0.6784321178215799;1
-0.0112786829145246;-1.2723159233255923;1.1243486211694085;0.8945098213032889;0.053828580786841;-0.4660467180570442;-0.6830086866920347;-0.9360713141875272;-0.2663005191098082;-0.1070684114057011;1.5736773024907706;1
1.079987768124314;-0.4904538027450932;0.765007803490544;-0.3821510606916664;-0.3498658435244422;-0.8484501572735746;-0.8046065144513804;-0.5757747177025467;-1.1083432466327228;0.7778509020215078;0.6352983773606248;1
1.079987768124314;-0.4904538027450932;1.5863582438993769;1.1072866349691148;0.0963227307143445;-0.4660467180570442;-0.6830086866920347;0.3726530877505221;-0.1367554841062826;1.9577433199244525;1.4798394099777563;1
-0.0112786829145246;-1.3840105119799495;1.0730142186438565;-0.311225456136391;0.1175698056780963;-0.9440510170777072;-1.047802169970072;-1.4129344565941155;-0.3310730366115724;-0.2250576531959957;1.8551909800298152;1
0.3333317753082665;-2.277567221214806;0.9190110110672004;-0.524002269802217;-0.2648775436694351;-0.5616475778611768;-0.7742070575115441;-0.649953428743586;0.6405147259148707;0.6008670393360659;1.3860015174647422;1
0.3333317753082665;-2.277567221214806;0.9190110110672004;-0.524002269802217;-0.2648775436694351;-0.5616475778611768;-0.7742070575115441;-0.649953428743586;0.6405147259148707;0.6008670393360659;1.3860015174647422;1
0.3333317753082665;-2.277567221214806;0.9190110110672004;-0.524002269802217;-0.2648775436694351;-0.5616475778611768;-0.7742070575115441;-0.649953428743586;0.6405147259148707;0.6008670393360659;1.3860015174647422;1
-0.0112786829145246;-1.3840105119799495;1.0730142186438565;-0.311225456136391;0.1175698056780963;-0.9440510170777072;-1.047802169970072;-1.4129344565941155;-0.3310730366115724;-0.2250576531959957;1.8551909800298152;1
-0.0687137592849906;-1.216468628998414;0.66233899843944;-0.2402998515811156;-0.6260778180532147;-0.9440510170777072;-1.1086010838497449;-0.7347290985047232;-0.007210449102757;0.128910072174888;0.729136269873639;1
1.079987768124314;-1.0489267460168783;1.0730142186438565;-0.311225456136391;-0.7535602678357253;-1.0396518768818397;-1.1390005407895811;-1.1480104885904292;-0.7197081416221462;0.1879046930700347;1.5736773024907706;1
-0.4133242175077818;-0.5463010970722718;0.66233899843944;0.1143281711952608;-0.1161480189231728;-0.9440510170777072;-1.0782016269099084;-0.7241321397845664;0.8348322784201576;-0.6970146203571735;1.667515195003785;1
0.1035914698264054;-1.7749415722701996;1.278351828746065;-0.4530766652469418;0.053828580786841;-0.6572484376653094;-0.7134081436318712;-0.141299410176527;0.3166521384060554;0.0699154512797407;-0.0215668702304767;0
0.3907668516787315;-0.9372321573625216;1.278351828746065;-0.311225456136391;0.5000171550256277;-1.0396518768818397;-1.1086010838497449;-0.5651777589823899;-0.007210449102757;-0.2250576531959957;0.822974162386655;1
0.6779422335310578;-0.8813848630353429;1.278351828746065;-0.3821510606916664;0.0113344308593374;-0.3704458582529116;0.1377766506835488;-0.326746187779125;-0.1367554841062826;-0.4610361367765849;0.6352983773606248;1
-1.102545133953364;0.2355610235082272;-0.7750242722760179;-0.1693742470258406;0.6912408296993934;0.8723653192008122;-0.3182152034139975;-0.8248032476259683;1.0291498309254474;0.3058939348603293;0.822974162386655;1
