fixed acidity;volatile acidity;citric acid;residual sugar;chlorides;free sulfur dioxide;total sulfur dioxide;density;pH;sulphates;alcohol;label
-0.5237586088687549;0.9907232373111404;-1.3796312124909442;-0.5499914457163226;-0.2520334555332482;-0.46432321485823763;-0.36975137506523437;0.5857171253900222;1.2765920270004951;-0.6230122577180627;-0.9842013578839007;0
-0.29649862478975375;2.020119770547464;-1.3796312124909442;0.17012433034885574;0.8291089124561394;0.9139626217315461;0.6856433018655467;0.0484906507286146;-0.7755999828261174;0.237373660693061;-0.6082977198077653;0
-0.29649862478975375;1.3338554150565818;-1.1717280999827797;-0.1384967165362209;0.534251903004488;-0.07052726154687088;0.2698817624685723;0.1559359456608842;-0.3784015293112913;0.022277181090279895;-0.6082977198077653;0
1.6352112398817582;-1.411202006906947;1.531012362623358;-0.5499914457163226;-0.30117629044185673;0.1263707151088125;0.46177170372871434;0.6931624203222918;-1.0403989518360035;-0.47961460464954275;-0.6082977198077653;1
-0.5237586088687549;0.9907232373111404;-1.3796312124909442;-0.5499914457163226;-0.2520334555332482;-0.46432321485823763;-0.36975137506523437;0.5857171253900222;1.2765920270004951;-0.6230122577180627;-0.9842013578839007;0
-0.5237586088687549;0.7619684521475134;-1.3796312124909442;-0.6528651280113479;-0.30117629044185673;-0.26742523820255426;-0.17786143380509237;0.5857171253900222;1.2765920270004951;-0.6230122577180627;-0.9842013578839007;0
-0.2396836287700031;0.418836274402072;-1.0677765437286977;-0.8586124926013987;-0.5960332998935074;-0.07052726154687088;0.429790046852024;-0.16639993913598422;-0.11360256030140518;-1.340000523060666;-0.9842013578839007;0
-0.5805736048885056;0.7047797558566065;-1.3796312124909442;-1.2701072217815006;-0.7926046395279416;-0.07052726154687088;-0.7855129144622087;-1.1334075935264702;0.4821951199708399;-1.268301696526406;-0.4203459007696984;1
-0.29649862478975375;0.30445888182025815;-1.275679656236862;-0.44711776342129705;-0.3994619602590739;-0.661221191513921;-0.8814578850922797;0.0484906507286146;0.28359589321342393;-0.5513134311838032;-0.8902254483648673;1
-0.46694361284900476;-0.15305068850699644;0.4914968000825356;3.770703210674746;-0.49774763007629097;0.1263707151088125;1.8050012925497085;0.5857171253900222;0.21739615096095385;1.0977595791041848;0.04953364682547054;0
-0.9214635810070075;0.30445888182025815;-0.9638249874746153;-0.6528651280113479;0.7799660775475308;-0.07052726154687088;0.6216799881121661;-0.4350131764666582;-0.2460020448063482;-0.7664099107865834;-1.1721531769219693;0
-0.46694361284900476;-0.15305068850699644;0.4914968000825356;3.770703210674746;-0.49774763007629097;0.1263707151088125;1.8050012925497085;0.5857171253900222;0.21739615096095385;1.0977595791041848;0.04953364682547054;0
-1.5464285372242619;0.5046193188384324;-1.3796312124909442;-0.8586124926013987;0.38682339827866236;0.02792172678097082;0.429790046852024;-1.2945755359249342;1.7399902227677972;-0.9098075638551042;-0.5143218102887318;0
0.32846633142750054;0.5332136669838858;-0.4440672062042043;1.4046085178891607;4.662250035327602;3.572085306583272;3.180212538247393;1.0154983051191602;-1.0403989518360035;1.671350191378267;-1.1721531769219693;0
0.32846633142750054;0.5332136669838858;-0.39209142807716313;1.5074822001841863;4.367393025875953;3.4736363182554304;3.2761575088774637;1.0154983051191602;-0.9741992095835335;2.0298443240495687;-1.1721531769219693;0
0.10120634734849886;-1.411202006906947;1.531012362623358;-0.6528651280113479;0.534251903004488;1.8984525050099632;1.8369829494263987;0.1022132981947494;-0.11360256030140518;0.7392654464328828;0.04953364682547054;1
-0.5237586088687549;0.36164757811116505;-0.9638249874746153;2.021850611659314;0.23939489355283666;-0.9565681564974461;-0.5296596594486861;0.3708265355254234;0.4159953777183669;-1.053205216923625;-1.3601049959600362;0
0.32846633142750054;-1.7543341846523886;1.1152061376070288;-0.6528651280113479;-0.20289062062463964;1.3077585750429128;0.46177170372871434;0.0484906507286146;0.4821951199708399;-0.8381087373208438;-0.9842013578839007;1
-0.4101286168292546;-0.7821263477069718;0.23161790944733013;-0.1384967165362209;0.04282355391840313;0.7170646450758627;0.8135699293723081;0.8006077152545614;1.3427917692529683;0.022277181090279895;-0.7022736293268004;0
-0.2396836287700031;-0.5533715625433444;-0.288139871823081;-0.8586124926013987;1.2222515917250072;-0.5627722031860793;-0.27380640443516335;-0.058954644203654996;-0.9741992095835335;1.8864466709810481;-0.8902254483648673;0
0.10120634734849886;-0.21023938479790336;-0.8078976530934922;-0.1384967165362209;0.14110922373562024;-0.661221191513921;0.6856433018655467;0.0484906507286146;-0.9741992095835335;-0.8381087373208438;-0.9842013578839007;0
-0.8078335889675067;-0.7249376514160648;-0.6519703187123687;-0.035623034241195346;0.1902520586442288;0.5201666684201793;-0.17786143380509237;0.0484906507286146;0.7469940889807261;-0.12112047197824086;-0.7022736293268004;1
-1.1487235650860093;-0.7821263477069718;-0.5480187624582865;-1.0643598571914499;-0.05546211589881398;-0.46432321485823763;-0.7215496007088281;-0.6499037663311974;0.1511964087084809;-0.6230122577180627;-1.0781772674029342;0
-0.4101286168292546;-0.6677489551251583;-0.13221253744195766;-0.6528651280113479;-0.05546211589881398;-1.1534661331531295;-1.105329483229112;-0.27384523406825384;-0.2460020448063482;-0.40791577811528235;-0.8902254483648673;0
-0.2396836287700031;-0.5533715625433444;-0.288139871823081;-0.8586124926013987;1.2222515917250072;-0.5627722031860793;-0.27380640443516335;-0.058954644203654996;-0.9741992095835335;1.8864466709810481;-0.8902254483648673;0
-0.6942035969280064;1.0479119336020473;-1.3796312124909442;-0.5499914457163226;-0.05546211589881398;-0.16897624987471258;-0.33776971818854407;0.2633812405931538;1.011793057990612;-0.6947110842523231;-0.9842013578839007;0
-0.29649862478975375;0.6761854077111531;-1.3796312124909442;-0.44711776342129705;0.04282355391840313;-0.7596701798417628;-0.9454211988456604;-0.16639993913598422;0.4159953777183669;-0.40791577811528235;-0.6082977198077653;1
-0.9214635810070075;0.8477514965838737;-1.0158007656016563;-0.035623034241195346;0.38682339827866236;0.1263707151088125;1.1653681550159019;-0.488735823932793;0.21739615096095385;-0.7664099107865834;-0.32636999125066496;0
-0.8078335889675067;0.9049401928747807;-1.3796312124909442;0.06725064805383019;1.1731087568163985;0.618615656748021;-0.27380640443516335;-0.058954644203654996;0.9455933157381391;-0.5513134311838032;0.143509556344504;1
-0.012423644691001457;0.7333741040020599;-0.7559218749664509;-0.1384967165362209;0.09196638882701169;-0.07052726154687088;2.156799518193302;-0.058954644203654996;-0.9741992095835335;0.09397600762454027;-0.6082977198077653;0
-1.773688521303263;-1.1824472217433197;-0.08023675931491651;-0.6528651280113479;1.0748230869991815;-0.26742523820255426;0.141955134961811;-0.5424584713989278;0.4159953777183669;-0.6947110842523231;-1.1721531769219693;0
-0.29649862478975375;0.6761854077111531;-1.3796312124909442;3.1534611169045936;0.23939489355283666;-1.0550171448252879;-0.8814578850922797;1.0154983051191602;0.54839486222331;-0.6947110842523231;-0.7962495388458338;1
-0.29649862478975375;0.418836274402072;-0.6519703187123687;-0.035623034241195346;0.23939489355283666;-1.2519151214809712;-0.9774028557223507;0.4245491829916178;0.680794346728253;-0.336216951581022;0.3314613753825726;1
-0.1260536367305028;-0.8393150439978787;0.07569057506620695;-0.34424408112627153;-0.7434618046193331;-0.26742523820255426;-0.49767800257199574;0.0484906507286146;-0.5770007560687044;0.5958677933643621;-0.7022736293268004;1
-1.489613541204511;3.4498371778201347;-0.9118492093475743;-0.9614861748964243;4.465678695693168;-0.8581191681696044;-0.8494762282155894;-1.4557434783233387;1.210392284748025;-1.1966028699921456;-0.6082977198077653;0
-0.5805736048885056;-0.4389941699615306;0.4914968000825356;3.564955846084696;-0.35031912535046533;-0.365874226530396;1.3252764393993535;0.5857171253900222;0.08499666645601084;1.312856058706965;0.04953364682547054;0
-0.5805736048885056;-0.4389941699615306;0.4914968000825356;3.564955846084696;-0.35031912535046533;-0.365874226530396;1.3252764393993535;0.5857171253900222;0.08499666645601084;1.312856058706965;0.04953364682547054;0
0.2716513354077503;0.4760249706929789;0.17964213132028897;0.3758716949389064;0.3376805633700538;0.1263707151088125;0.014028507455049645;0.4782718304577526;-0.3784015293112913;-0.9815063903893646;-1.0781772674029342;0
-0.1260536367305028;0.7619684521475134;-0.23616409369603983;-0.24137039883124597;-0.5960332998935074;-0.661221191513921;-0.7215496007088281;0.0484906507286146;-0.11360256030140518;3.9657126404745964;-0.13841817221259636;0
-0.8646485849872574;0.8191571484384204;-1.275679656236862;-0.6528651280113479;-1.5297471631570694;-1.0550171448252879;-1.105329483229112;-0.27384523406825384;1.077992800243082;-0.9098075638551042;-0.8902254483648673;0
-2.1145784974217654;-0.03867329592518263;-0.5999945405853276;-0.34424408112627153;-1.3331758235226354;-0.7596701798417628;0.6216799881121661;-1.7780793631202072;3.858381974846883;-0.6230122577180627;2.4929072943203487;0
-0.3533136208095039;2.334657600147452;0.8553272469718234;-0.24137039883124597;1.6153942709938756;0.618615656748021;2.1887811750699924;0.1559359456608842;-0.4446012715637613;0.5958677933643621;-1.1721531769219693;0
0.21483633938799918;-1.3540133106160406;1.3231092501151935;-0.8586124926013987;1.566251436085267;-0.365874226530396;-0.27380640443516335;0.1022132981947494;-0.4446012715637613;-0.47961460464954275;-0.8902254483648673;0
-1.0919085690662584;-0.7249376514160648;-0.18418831556899867;-0.8586124926013987;-0.7434618046193331;-1.0550171448252879;-1.0733478263524219;-0.488735823932793;0.1511964087084809;-0.6230122577180627;-1.1721531769219693;0
-1.5464285372242619;-1.2396359180342267;0.5434725782095767;-1.0643598571914499;-0.35031912535046533;-0.365874226530396;1.6131113512895665;-0.7036264137973919;0.018796924203537846;-0.47961460464954275;-1.1721531769219693;0
0.2716513354077503;0.7619684521475134;-0.02826098118787536;-0.7557388103063735;-0.35031912535046533;-1.1534661331531295;-0.7215496007088281;0.20965859312701898;-1.1065986940884764;0.6675666198986224;-1.1721531769219693;0
-0.9782785770267582;-0.03867329592518263;-1.1717280999827797;-0.24137039883124597;-0.5960332998935074;-0.7596701798417628;-0.9774028557223507;-0.5961811188650626;0.54839486222331;-0.12112047197824086;-0.9842013578839007;1
-0.9782785770267582;-0.15305068850699644;-1.1717280999827797;-0.34424408112627153;-0.645176134802116;-0.9565681564974461;-1.009384512599041;-0.6499037663311974;0.4821951199708399;-0.04942164544398048;-0.9842013578839007;1
0.15802134336824902;-0.8393150439978787;0.4914968000825356;0.5816190595289574;-0.006319280990205422;1.4062075633707545;2.348689459453444;0.1559359456608842;-0.7755999828261174;-0.6230122577180627;-0.9842013578839007;0
-0.4101286168292546;-0.09586199221608953;-0.5999945405853276;0.3758716949389064;1.4188229313594414;1.70155452835428;0.8775332431256887;-0.6499037663311974;-0.9741992095835335;-0.12112047197824086;-0.23239408173163148;1
-0.3533136208095039;0.5332136669838858;-1.1717280999827797;1.4046085178891607;0.14110922373562024;0.9139626217315461;-0.01795314942164069;0.5857171253900222;0.1511964087084809;-0.8381087373208438;-0.8902254483648673;0
1.0670612796842547;-0.6105602588342514;1.5829881407503987;0.9931137887090591;-0.5468904649848988;-1.1534661331531295;-1.1373111401058025;0.20965859312701898;-1.8347958588656617;-0.12112047197824086;-0.7962495388458338;0
-0.46694361284900476;0.5904023632747927;-0.7559218749664509;2.7419663877244913;1.4679657662680499;3.3751873299275887;2.060854547563231;0.8543303627206962;-0.3784015293112913;0.8826630995014036;-0.9842013578839007;0
-0.29649862478975375;0.36164757811116505;-0.4440672062042043;-0.1384967165362209;-0.2520334555332482;0.1263707151088125;0.2698817624685723;0.4245491829916178;0.7469940889807261;-0.40791577811528235;-0.4203459007696984;0
-0.5805736048885056;-0.7821263477069718;0.23161790944733013;-0.035623034241195346;-0.35031912535046533;-0.661221191513921;0.014028507455049645;-0.27384523406825384;0.614594604475783;-0.7664099107865834;-0.9842013578839007;1
0.2716513354077503;-0.7249376514160648;0.6993999125907002;-0.24137039883124597;-0.10460495080742253;0.3232686917644959;0.20591844871519166;0.6931624203222918;0.813193831233196;-0.04942164544398048;-1.1721531769219693;0
-0.3533136208095039;0.9335345410202335;1.1671819157340702;-0.6528651280113479;1.664537105902484;0.4217176800923376;2.124817861316612;0.0484906507286146;-0.7094002405736474;0.45247014029584137;-1.0781772674029342;0
-0.46694361284900476;-0.03867329592518263;-0.5480187624582865;-0.5499914457163226;0.1902520586442288;-0.365874226530396;-0.33776971818854407;0.0484906507286146;0.4159953777183669;-0.19281929851250124;-0.8902254483648673;1
-0.7510185929477565;1.1908836743293145;-1.1197523218557388;-0.44711776342129705;-0.006319280990205422;-0.26742523820255426;0.2698817624685723;-0.058954644203654996;0.4821951199708399;-0.5513134311838032;-0.6082977198077653;0
-0.6373886009082558;1.1336949780384076;-1.1197523218557388;2.2790348173968775;0.23939489355283666;-1.1534661331531295;-1.105329483229112;-0.27384523406825384;0.614594604475783;-1.8418923088004884;0.42543728490160604;0
-0.6373886009082558;1.1336949780384076;-1.1197523218557388;2.2790348173968775;0.23939489355283666;-1.1534661331531295;-1.105329483229112;-0.27384523406825384;0.614594604475783;-1.8418923088004884;0.42543728490160604;0
-0.46694361284900476;-0.03867329592518263;-0.8078976530934922;-0.9614861748964243;-0.10460495080742253;-0.46432321485823763;-0.2098430906817827;0.0484906507286146;0.680794346728253;-0.47961460464954275;-0.7962495388458338;0
-0.9782785770267582;1.019317585456594;-1.0158007656016563;-0.8586124926013987;-0.2520334555332482;-0.9565681564974461;-0.9774028557223507;-0.27384523406825384;0.813193831233196;-0.47961460464954275;0.23748546586353744;0
0.5557263155065022;-1.1824472217433197;1.5829881407503987;-0.44711776342129705;-0.35031912535046533;1.1108605983872295;0.6216799881121661;0.1022132981947494;-0.2460020448063482;1.0260607525699244;0.23748546586353744;0
-0.18286863275025295;1.019317585456594;-1.1197523218557388;-0.5499914457163226;-0.35031912535046533;-0.7596701798417628;-0.8494762282155894;-0.27384523406825384;0.1511964087084809;2.1732419771180886;0.04953364682547054;1
-0.3533136208095039;0.5904023632747927;-0.9638249874746153;-0.5499914457163226;-0.2520334555332482;-0.07052726154687088;-0.5936229732020667;-0.005231996737520196;0.018796924203537846;-0.7664099107865834;-0.8902254483648673;1
-0.3533136208095039;0.8191571484384204;-0.18418831556899867;-0.34424408112627153;0.3376805633700538;0.1263707151088125;1.6131113512895665;-0.27384523406825384;0.018796924203537846;-1.1966028699921456;-0.8902254483648673;0
-0.3533136208095039;0.9335345410202335;-0.23616409369603983;-0.5499914457163226;0.14110922373562024;0.22481970343665422;1.5491480375361857;-0.32756788153438865;-0.047402818048932205;-1.1966028699921456;-0.8902254483648673;0
-0.012423644691001457;0.8477514965838737;-0.02826098118787536;-0.34424408112627153;0.14110922373562024;-0.46432321485823763;-0.08191646317502137;0.4782718304577526;-0.047402818048932205;-0.8381087373208438;-1.1721531769219693;0
0.7829862995855028;-1.1824472217433197;1.4270608063692758;0.06725064805383019;0.6325375728217051;1.2093095867150712;1.197349811892592;0.908053010186831;-0.2460020448063482;1.2411572321727047;-0.7962495388458338;0
0.2716513354077503;-0.6677489551251583;1.9468185876396868;-0.24137039883124597;0.5833947379130966;-0.661221191513921;-0.1138981200517117;1.0154983051191602;1.4751912537579113;0.09397600762454027;0.04953364682547054;0
0.2716513354077503;-0.6677489551251583;1.9468185876396868;-0.24137039883124597;0.5833947379130966;-0.661221191513921;-0.1138981200517117;1.0154983051191602;1.4751912537579113;0.09397600762454027;0.04953364682547054;0
-0.8646485849872574;1.476827155783849;-1.3796312124909442;-0.035623034241195346;1.12396592190779;-0.16897624987471258;-0.49767800257199574;-0.058954644203654996;1.3427917692529683;-0.6947110842523231;0.23748546586353744;1
-0.9214635810070075;1.2766667187656748;-0.7559218749664509;-0.44711776342129705;0.23939489355283666;-0.365874226530396;1.101404841262521;-0.488735823932793;0.4159953777183669;-0.9098075638551042;-0.32636999125066496;0
-0.012423644691001457;0.5618080151293392;-0.340115649950122;-0.9614861748964243;-0.05546211589881398;1.1108605983872295;2.348689459453444;0.2633812405931538;-1.0403989518360035;3.3921220282005153;-1.2661290864410029;0
-1.2055385611057594;-0.4389941699615306;-0.340115649950122;-0.8586124926013987;-0.5960332998935074;-1.2519151214809712;-0.9774028557223507;-0.488735823932793;0.614594604475783;-0.6230122577180627;-1.1721531769219693;0
-0.5237586088687549;-0.15305068850699644;1.0632303594799877;-0.44711776342129705;0.23939489355283666;0.5201666684201793;0.8775332431256887;0.1559359456608842;0.28359589321342393;-0.5513134311838032;-1.2661290864410029;0
-1.1487235650860093;-1.2968246143251336;1.1152061376070288;-0.6528651280113479;-0.5960332998935074;0.22481970343665422;0.4937533606054047;-0.4350131764666582;0.813193831233196;0.9543619260356639;-0.13841817221259636;1
-0.8078335889675067;0.13289279294753809;-0.5999945405853276;-0.24137039883124597;-0.2520334555332482;0.3232686917644959;-0.17786143380509237;-0.32756788153438865;0.614594604475783;-0.40791577811528235;-0.32636999125066496;0
-0.3533136208095039;-0.21023938479790336;-0.02826098118787536;-0.5499914457163226;-0.9400331442537673;-0.661221191513921;-0.4656963456953054;-0.058954644203654996;0.4821951199708399;-0.04942164544398048;-0.7962495388458338;0
0.5557263155065022;-0.7821263477069718;0.9073030250988646;-0.34424408112627153;1.2713944266336157;1.8000035166821216;2.540579400713586;0.5857171253900222;-1.1727984363409465;4.109110293543117;-0.8902254483648673;0
-0.7510185929477565;0.5332136669838858;-0.9638249874746153;-0.6528651280113479;-0.2520334555332482;-0.7596701798417628;-0.6895679438321377;0.5857171253900222;1.077992800243082;-0.8381087373208438;-1.3601049959600362;0
-0.2396836287700031;-0.03867329592518263;-0.02826098118787536;-0.5499914457163226;-0.10460495080742253;2.587595423304855;3.0203042538639413;-0.16639993913598422;-0.5770007560687044;-0.7664099107865834;-0.8902254483648673;0
-0.3533136208095039;-0.21023938479790336;-0.02826098118787536;-0.5499914457163226;-0.9400331442537673;-0.661221191513921;-0.4656963456953054;-0.058954644203654996;0.4821951199708399;-0.04942164544398048;-0.7962495388458338;0
-1.887318513342764;2.8207615186201602;-1.1717280999827797;-1.0643598571914499;-1.775461337700112;2.4891464349770134;1.2613131256459726;-1.5631887732556082;2.8653858410598114;-1.1966028699921456;0.04953364682547054;0
-2.0577635014020146;0.418836274402072;-0.49604298433124533;-0.1384967165362209;-1.1366044838882012;0.1263707151088125;1.9329279200564697;-1.8855246580524767;3.5273832635845266;-0.336216951581022;2.3049554752822816;1
-0.8646485849872574;1.419638459492942;-1.3796312124909442;0.5816190595289574;1.0256802520905728;-0.7596701798417628;-0.7215496007088281;-0.11267729166978979;0.879393573485669;-0.6230122577180627;0.23748546586353744;0
-0.7510185929477565;-0.15305068850699644;-0.08023675931491651;-0.44711776342129705;-0.5468904649848988;-1.2519151214809712;-0.7535312575855184;-0.22012258660211903;-0.4446012715637613;-0.12112047197824086;-1.1721531769219693;0
-0.4101286168292546;2.1344971631292777;-1.0677765437286977;0.06725064805383019;-0.10460495080742253;-1.0550171448252879;-1.1373111401058025;-0.005231996737520196;0.4821951199708399;-0.6230122577180627;-0.6082977198077653;0
-0.1260536367305028;0.10429844480208464;-0.4440672062042043;-0.5499914457163226;-0.05546211589881398;-0.26742523820255426;-0.33776971818854407;0.2633812405931538;-0.11360256030140518;-0.40791577811528235;-1.3601049959600362;1
-0.012423644691001457;0.4760249706929789;0.17964213132028897;-0.34424408112627153;0.14110922373562024;-0.46432321485823763;0.141955134961811;0.2633812405931538;0.54839486222331;-0.2645181250467616;-0.23239408173163148;1
-0.29649862478975375;-0.15305068850699644;0.17964213132028897;-0.5499914457163226;-0.30117629044185673;-0.7596701798417628;-0.7535312575855184;-0.4350131764666582;-0.047402818048932205;-0.6230122577180627;-0.04444226269356291;1
-0.1260536367305028;0.10429844480208464;-0.4440672062042043;-0.5499914457163226;-0.05546211589881398;-0.26742523820255426;-0.33776971818854407;0.2633812405931538;-0.11360256030140518;-0.40791577811528235;-1.3601049959600362;1
-0.1260536367305028;0.27586453367480473;-0.23616409369603983;-0.34424408112627153;-0.20289062062463964;-0.365874226530396;0.6216799881121661;-0.005231996737520196;-0.17980230255387525;-0.9815063903893646;-1.1721531769219693;0
-0.6373886009082558;-0.21023938479790336;-0.13221253744195766;-0.24137039883124597;-0.5468904649848988;-1.0550171448252879;-0.3057880613118537;-0.3812905290005234;0.08499666645601084;-1.1966028699921456;-0.9842013578839007;0
-0.1260536367305028;0.27586453367480473;-0.23616409369603983;-0.34424408112627153;-0.20289062062463964;-0.365874226530396;0.6216799881121661;-0.005231996737520196;-0.17980230255387525;-0.9815063903893646;-1.1721531769219693;0
-1.2055385611057594;0.5904023632747927;0.23161790944733013;-0.7557388103063735;0.3376805633700538;-0.07052726154687088;0.5896983312354757;0.1022132981947494;0.9455933157381391;1.0260607525699244;-1.0781772674029342;0
-0.18286863275025295;-1.1252585254524128;1.3750850282422347;0.06725064805383019;0.48510906809587945;0.22481970343665422;1.101404841262521;0.4782718304577526;0.3497956354658969;1.0977595791041848;-0.7962495388458338;1
-0.1260536367305028;1.476827155783849;1.3231092501151935;-0.44711776342129705;2.0085369502627435;2.0953504816656467;3.4360657932609158;0.1022132981947494;-0.7094002405736474;0.3090724872273206;-1.0781772674029342;0
-0.29649862478975375;0.19008148923844498;-0.39209142807716313;-0.6528651280113479;1.12396592190779;-0.365874226530396;0.04601016433173998;-0.16639993913598422;-0.8417997250785904;2.0298443240495687;-0.8902254483648673;0
0.044391351328748704;0.5332136669838858;-0.9118492093475743;-0.24137039883124597;0.14110922373562024;-0.46432321485823763;1.9968912338098506;-0.16639993913598422;-1.1065986940884764;0.09397600762454027;-0.6082977198077653;0
0.044391351328748704;0.418836274402072;-0.8598734312205332;-0.24137039883124597;0.1902520586442288;-0.16897624987471258;2.0928362044399216;-0.16639993913598422;-1.1065986940884764;0.09397600762454027;-0.6082977198077653;0
1.0102462836645045;-1.2396359180342267;0.9073030250988646;-0.1384967165362209;-0.05546211589881398;0.618615656748021;0.014028507455049645;1.12294360005143;0.018796924203537846;0.16567483415880063;-0.7022736293268004;1
-0.29649862478975375;0.19008148923844498;-0.39209142807716313;-0.6528651280113479;1.12396592190779;-0.365874226530396;0.04601016433173998;-0.16639993913598422;-0.8417997250785904;2.0298443240495687;-0.8902254483648673;0
0.6125413115262524;-0.7249376514160648;0.23161790944733013;-0.24137039883124597;0.4359662331872709;-0.26742523820255426;0.5257350174820951;-0.058954644203654996;-1.6361966321082486;-0.12112047197824086;0.04953364682547054;1
-0.012423644691001457;0.07570409665663118;0.07569057506620695;-0.5499914457163226;-0.20289062062463964;-0.46432321485823763;-0.17786143380509237;0.5857171253900222;0.4821951199708399;-0.2645181250467616;-0.4203459007696984;1
-0.29649862478975375;0.19008148923844498;-0.7559218749664509;-0.44711776342129705;0.04282355391840313;-0.8581191681696044;-0.5616413163253764;0.1559359456608842;0.3497956354658969;-1.053205216923625;-0.9842013578839007;1
0.2716513354077503;0.13289279294753809;-1.1717280999827797;-0.24137039883124597;1.8611084455369176;-0.16897624987471258;0.33384507622195303;-0.27384523406825384;-0.7094002405736474;-0.336216951581022;0.42543728490160604;1
-0.7510185929477565;0.9335345410202335;-0.9638249874746153;-0.6528651280113479;0.7799660775475308;0.618615656748021;1.389239753152734;-0.4350131764666582;0.1511964087084809;-0.7664099107865834;-1.1721531769219693;1
-0.5805736048885056;3.1067050000746947;-0.9118492093475743;-0.7557388103063735;4.76053570514482;-0.5627722031860793;1.389239753152734;-0.27384523406825384;-0.11360256030140518;-0.5513134311838032;-1.3601049959600362;0
0.2716513354077503;0.13289279294753809;-1.1717280999827797;-0.24137039883124597;1.8611084455369176;-0.16897624987471258;0.33384507622195303;-0.27384523406825384;-0.7094002405736474;-0.336216951581022;0.42543728490160604;1
-0.5805736048885056;0.962128889165687;-1.3796312124909442;0.06725064805383019;-0.30117629044185673;-1.2519151214809712;-1.0413661694757315;0.6931624203222918;1.144192542495555;-0.9098075638551042;-1.1721531769219693;0
-0.18286863275025295;1.0479119336020473;-1.3796312124909442;0.17012433034885574;-0.05546211589881398;-0.46432321485823763;-0.36975137506523437;0.4782718304577526;0.813193831233196;-0.8381087373208438;-0.8902254483648673;0
-0.29649862478975375;-0.15305068850699644;-0.49604298433124533;-0.8586124926013987;0.04282355391840313;0.5201666684201793;1.8050012925497085;-0.3812905290005234;0.4821951199708399;-1.1966028699921456;-0.8902254483648673;0
0.3852813274472507;0.5332136669838858;-1.1717280999827797;-0.5499914457163226;3.1879649880693472;1.1108605983872295;1.4212214100294245;0.908053010186831;-1.0403989518360035;0.38077131376158097;-0.9842013578839007;0
-0.18286863275025295;0.36164757811116505;-0.5480187624582865;-0.6528651280113479;-0.7926046395279416;-1.2519151214809712;-0.9454211988456604;-0.27384523406825384;0.680794346728253;1.9581454975153085;0.04953364682547054;1
-1.26235355712551;-0.8393150439978787;-0.5999945405853276;-0.6528651280113479;-0.4486047951676824;-0.9565681564974461;-0.8494762282155894;-0.6499037663311974;0.680794346728253;-0.5513134311838032;-0.9842013578839007;0
-0.18286863275025295;1.2480723706202215;1.531012362623358;-0.44711776342129705;1.811965610628309;1.4062075633707545;2.8284143126037993;0.0484906507286146;-0.5108010138162313;0.09397600762454027;-0.9842013578839007;0
-1.5464285372242619;-0.15305068850699644;-0.9118492093475743;-0.1384967165362209;-1.5788899980656779;0.1263707151088125;1.7090563219196375;-1.616911420721743;2.0709889340301535;-0.12112047197824086;2.3989313848013154;0
-1.5464285372242619;-0.15305068850699644;-0.9118492093475743;-0.1384967165362209;-1.5788899980656779;0.1263707151088125;1.7090563219196375;-1.616911420721743;2.0709889340301535;-0.12112047197824086;2.3989313848013154;0
-0.9782785770267582;-0.15305068850699644;-1.327655434363903;-0.9614861748964243;-1.0383188140709845;0.1263707151088125;-0.6256046300787571;-0.8110717087296615;0.54839486222331;-0.47961460464954275;-0.6082977198077653;1
-0.2396836287700031;2.9351389112019737;-1.1197523218557388;-0.24137039883124597;0.14110922373562024;-0.26742523820255426;-0.5296596594486861;-0.4350131764666582;-0.6432004983211744;-0.6947110842523231;-0.5143218102887318;1
0.044391351328748704;1.2480723706202215;-0.8078976530934922;-0.5499914457163226;0.4359662331872709;0.02792172678097082;0.5577166743587854;-0.11267729166978979;-0.8417997250785904;1.2411572321727047;-0.7962495388458338;0
-0.012423644691001457;1.0765062817475008;-0.5999945405853276;-0.6528651280113479;0.38682339827866236;-0.5627722031860793;0.20591844871519166;0.0484906507286146;-0.5770007560687044;0.8826630995014036;-0.8902254483648673;0
-0.6373886009082558;-0.6391546069797048;0.4914968000825356;-0.44711776342129705;-0.006319280990205422;-0.26742523820255426;-0.01795314942164069;0.2633812405931538;1.077992800243082;-0.04942164544398048;-1.1721531769219693;0
-0.29649862478975375;0.19008148923844498;-0.39209142807716313;-0.34424408112627153;-0.006319280990205422;-0.07052726154687088;1.9009462631797795;-0.27384523406825384;0.08499666645601084;-0.7664099107865834;-0.8902254483648673;0
-0.29649862478975375;0.19008148923844498;-0.39209142807716313;-0.44711776342129705;-0.006319280990205422;0.1263707151088125;1.9968912338098506;-0.27384523406825384;0.018796924203537846;-0.7664099107865834;-0.8902254483648673;0
0.044391351328748704;1.2480723706202215;-0.8078976530934922;-0.5499914457163226;0.4359662331872709;0.02792172678097082;0.5577166743587854;-0.11267729166978979;-0.8417997250785904;1.2411572321727047;-0.7962495388458338;0
-0.012423644691001457;1.0765062817475008;-0.5999945405853276;-0.6528651280113479;0.38682339827866236;-0.5627722031860793;0.20591844871519166;0.0484906507286146;-0.5770007560687044;0.8826630995014036;-0.8902254483648673;0
-1.773688521303263;-1.068069829161506;-1.3796312124909442;-0.6528651280113479;-1.5297471631570694;1.1108605983872295;0.5577166743587854;-2.745087017510693;2.4019876452925124;1.0260607525699244;3.3386904799916532;1
-1.1487235650860093;-0.7821263477069718;-0.9638249874746153;-0.7557388103063735;-0.7434618046193331;-1.2519151214809712;-0.8174945713388991;-0.7036264137973919;0.1511964087084809;-0.47961460464954275;-0.9842013578839007;0
-1.773688521303263;-1.068069829161506;-1.3796312124909442;-0.6528651280113479;-1.5297471631570694;1.1108605983872295;0.5577166743587854;-2.745087017510693;2.4019876452925124;1.0260607525699244;3.3386904799916532;1
-0.1260536367305028;0.8191571484384204;1.479036584496317;-0.6528651280113479;1.7628227757197013;1.603105540026438;3.0522859107406317;0.0484906507286146;-0.9741992095835335;-0.19281929851250124;-0.9842013578839007;0
-1.432798545184761;0.8763458447293272;-1.275679656236862;-0.6528651280113479;0.2885377284614452;0.5201666684201793;1.5491480375361857;-1.2408528884587995;1.4751912537579113;-0.9098075638551042;-0.4203459007696984;0
-0.8078335889675067;-0.21023938479790336;-0.8598734312205332;-0.1384967165362209;-0.35031912535046533;-0.365874226530396;-0.49767800257199574;-0.4350131764666582;0.680794346728253;-0.47961460464954275;-0.23239408173163148;1
-0.06923864071075263;-0.7249376514160648;0.9073030250988646;0.3758716949389064;0.38682339827866236;-0.46432321485823763;-0.08191646317502137;0.4245491829916178;1.4089915115054383;-0.2645181250467616;0.04953364682547054;1
-0.5805736048885056;-1.1252585254524128;1.0632303594799877;-0.34424408112627153;-0.20289062062463964;-1.0550171448252879;-1.105329483229112;-0.488735823932793;0.08499666645601084;-0.8381087373208438;-0.13841817221259636;1
-0.46694361284900476;0.418836274402072;-1.2237038781098208;-0.6528651280113479;0.6816804077303137;0.9139626217315461;1.7090563219196375;-0.918517003661931;0.21739615096095385;-0.7664099107865834;-0.32636999125066496;0
-0.46694361284900476;0.418836274402072;-1.2237038781098208;-0.6528651280113479;0.6816804077303137;0.9139626217315461;1.7090563219196375;-0.918517003661931;0.21739615096095385;-0.7664099107865834;-0.32636999125066496;0
-0.6942035969280064;-0.5533715625433444;0.8033514688447823;3.1534611169045936;-0.5468904649848988;1.3077585750429128;2.6685060282203477;0.3171038880592886;0.680794346728253;0.5241689668301017;0.04953364682547054;0
-0.6942035969280064;-0.5533715625433444;0.8033514688447823;3.1534611169045936;-0.49774763007629097;1.2093095867150712;2.6365243713436572;0.3171038880592886;0.680794346728253;0.45247014029584137;0.04953364682547054;0
-0.6942035969280064;-0.5533715625433444;0.8033514688447823;3.1534611169045936;-0.5468904649848988;1.3077585750429128;2.6685060282203477;0.3171038880592886;0.680794346728253;0.5241689668301017;0.04953364682547054;0
-0.6942035969280064;-0.5533715625433444;0.8033514688447823;3.1534611169045936;-0.49774763007629097;1.2093095867150712;2.6365243713436572;0.3171038880592886;0.680794346728253;0.45247014029584137;0.04953364682547054;0
-0.6942035969280064;0.8763458447293272;-1.3796312124909442;-0.24137039883124597;-0.3994619602590739;-0.365874226530396;-0.7535312575855184;0.1022132981947494;1.077992800243082;-1.053205216923625;-1.0781772674029342;0
-0.8646485849872574;0.418836274402072;-0.4440672062042043;-0.5499914457163226;-0.10460495080742253;0.22481970343665422;1.293294782522663;0.0484906507286146;1.8061899650202673;-0.5513134311838032;-1.0781772674029342;1
-0.4101286168292546;2.420440644583812;-1.2237038781098208;-0.44711776342129705;0.4359662331872709;-0.8581191681696044;-0.8174945713388991;-0.4350131764666582;-0.7755999828261174;-0.6230122577180627;-0.7962495388458338;0
-0.4101286168292546;0.8763458447293272;-1.275679656236862;-1.1672335394864752;-0.4486047951676824;-0.661221191513921;-0.8174945713388991;-0.11267729166978979;-0.9741992095835335;3.1053267220634737;-1.1721531769219693;0
-0.29649862478975375;0.018515400365724275;-1.1717280999827797;-0.7557388103063735;-0.2520334555332482;0.1263707151088125;-0.4656963456953054;-0.16639993913598422;0.08499666645601084;-0.6230122577180627;-0.4203459007696984;1
-0.5237586088687549;0.418836274402072;-0.02826098118787536;5.005187398215052;-0.5468904649848988;1.9969014933378049;2.412652773206825;0.8006077152545614;0.3497956354658969;-1.1249040434578854;-0.9842013578839007;0
-0.5805736048885056;0.36164757811116505;-0.02826098118787536;4.902313715920027;-0.5468904649848988;1.8984525050099632;2.412652773206825;0.7468850677884267;0.3497956354658969;-1.1249040434578854;-0.9842013578839007;0
-0.29649862478975375;0.5904023632747927;1.1152061376070288;-0.7557388103063735;0.9273945822733565;-0.16897624987471258;1.6131113512895665;-0.32756788153438865;-0.8417997250785904;-0.19281929851250124;-0.8902254483648673;0
-0.8646485849872574;0.6475910595656996;-0.8598734312205332;-0.34424408112627153;0.1902520586442288;0.22481970343665422;1.7730196356730181;-0.5961811188650626;0.1511964087084809;-0.9098075638551042;-0.23239408173163148;0
-0.5805736048885056;0.13289279294753809;-1.2237038781098208;-0.8586124926013987;-0.4486047951676824;0.1263707151088125;-0.1138981200517117;-0.5961811188650626;0.3497956354658969;-1.1966028699921456;-1.3601049959600362;0
-0.8646485849872574;0.5904023632747927;-1.0158007656016563;-0.34424408112627153;0.38682339827866236;-0.46432321485823763;-0.049934806298331025;-0.7573490612635266;1.011793057990612;-0.6947110842523231;-0.04444226269356291;1
-0.2396836287700031;2.0487141186929176;-1.2237038781098208;-0.6528651280113479;-1.1366044838882012;-1.1534661331531295;-1.201274453859183;0.2633812405931538;0.28359589321342393;-2.27208526800605;-1.2661290864410029;0
-0.18286863275025295;-0.6105602588342514;-0.49604298433124533;-0.44711776342129705;-0.3994619602590739;-0.9565681564974461;-0.8814578850922797;0.2633812405931538;-0.17980230255387525;-0.2645181250467616;-1.1721531769219693;1
-0.18286863275025295;-0.6105602588342514;-0.49604298433124533;-0.44711776342129705;-0.3994619602590739;-0.9565681564974461;-0.8814578850922797;0.2633812405931538;-0.17980230255387525;-0.2645181250467616;-1.1721531769219693;1
-0.5237586088687549;0.5332136669838858;-1.1197523218557388;-0.5499914457163226;-0.645176134802116;0.8155136334037044;-0.1138981200517117;-0.32756788153438865;0.680794346728253;-0.5513134311838032;0.9892927420158084;1
-0.5805736048885056;-0.8393150439978787;-0.288139871823081;-0.44711776342129705;-0.05546211589881398;-0.8581191681696044;-0.33776971818854407;-0.32756788153438865;0.08499666645601084;-1.268301696526406;-0.8902254483648673;0
-0.8078335889675067;-0.15305068850699644;-1.1717280999827797;-0.9614861748964243;0.1902520586442288;0.3232686917644959;0.10997347808512066;-0.488735823932793;0.21739615096095385;0.9543619260356639;-0.8902254483648673;0
-0.5805736048885056;-0.8393150439978787;-0.288139871823081;-0.44711776342129705;-0.05546211589881398;-0.8581191681696044;-0.33776971818854407;-0.32756788153438865;0.08499666645601084;-1.268301696526406;-0.8902254483648673;0
-0.46694361284900476;-0.03867329592518263;0.8033514688447823;-0.1384967165362209;0.2885377284614452;-0.7596701798417628;-0.24182474755847305;0.2633812405931538;1.7399902227677972;-0.2645181250467616;0.04953364682547054;1
-0.7510185929477565;1.591204548365663;-1.3796312124909442;0.06725064805383019;-0.645176134802116;-0.8581191681696044;-0.8174945713388991;0.1022132981947494;1.077992800243082;-0.6230122577180627;-0.7962495388458338;0
0.2716513354077503;0.4760249706929789;-0.6519703187123687;-0.035623034241195346;-0.6943189697107245;-0.5627722031860793;-0.1138981200517117;0.1022132981947494;-0.8417997250785904;-0.40791577811528235;-0.8902254483648673;0
0.2716513354077503;0.4760249706929789;-0.6519703187123687;-0.035623034241195346;-0.6943189697107245;-0.5627722031860793;-0.1138981200517117;0.1022132981947494;-0.8417997250785904;-0.40791577811528235;-0.8902254483648673;0
-0.6373886009082558;1.1622893261838612;-1.275679656236862;0.06725064805383019;-0.2520334555332482;0.02792172678097082;-0.1138981200517117;0.2633812405931538;0.813193831233196;-0.9098075638551042;-1.0781772674029342;0
-0.8646485849872574;0.4760249706929789;-0.340115649950122;-0.6528651280113479;-0.20289062062463964;-0.46432321485823763;0.6216799881121661;0.20965859312701898;1.4751912537579113;-0.47961460464954275;-1.0781772674029342;0
-0.9214635810070075;0.5332136669838858;-0.288139871823081;-0.5499914457163226;-0.10460495080742253;-0.7596701798417628;0.5257350174820951;0.1559359456608842;1.3427917692529683;-0.47961460464954275;-1.0781772674029342;1
0.32846633142750054;-1.2396359180342267;1.5829881407503987;-0.44711776342129705;1.4679657662680499;1.0124116100593878;1.2613131256459726;0.20965859312701898;-0.3784015293112913;-0.8381087373208438;-0.7022736293268004;0
-0.5237586088687549;-0.7821263477069718;1.1152061376070288;-0.44711776342129705;0.04282355391840313;-0.16897624987471258;0.6856433018655467;0.2633812405931538;0.1511964087084809;-0.6947110842523231;-1.1721531769219693;0
-0.3533136208095039;1.019317585456594;-0.8598734312205332;0.17012433034885574;0.14110922373562024;-0.661221191513921;-0.6256046300787571;0.4782718304577526;0.4821951199708399;-1.1249040434578854;-0.7022736293268004;0
-0.2396836287700031;-0.15305068850699644;0.33556946570141244;-0.44711776342129705;0.14110922373562024;-0.07052726154687088;3.116249224494012;0.0484906507286146;-0.7755999828261174;-0.6947110842523231;-0.8902254483648673;0
-0.2396836287700031;-0.21023938479790336;0.2835936875743713;-0.5499914457163226;0.04282355391840313;0.1263707151088125;3.1482308813707025;0.0484906507286146;-0.7755999828261174;-0.6947110842523231;-0.8902254483648673;0
-0.06923864071075263;-0.15305068850699644;0.4395210219554945;0.4787453772339319;-0.20289062062463964;0.5201666684201793;2.604542714466967;0.4782718304577526;-0.5770007560687044;-0.19281929851250124;-0.9842013578839007;0
-1.0919085690662584;-0.8965037402887855;-0.08023675931491651;-0.5499914457163226;-0.35031912535046533;0.5201666684201793;0.10997347808512066;0.3708265355254234;1.6737904805153243;-0.19281929851250124;-0.6082977198077653;1
-0.8646485849872574;0.5904023632747927;-0.7559218749664509;1.4046085178891607;0.8782517473647479;0.02792172678097082;2.5725610575902764;0.1022132981947494;-0.2460020448063482;-0.2645181250467616;-0.8902254483648673;0
-0.4101286168292546;0.13289279294753809;-0.288139871823081;-0.24137039883124597;-0.49774763007629097;-0.8581191681696044;-0.5616413163253764;-0.16639993913598422;-0.2460020448063482;-0.6947110842523231;-0.7022736293268004;0
-0.4101286168292546;0.13289279294753809;-0.288139871823081;-0.24137039883124597;-0.49774763007629097;-0.8581191681696044;-0.5616413163253764;-0.16639993913598422;-0.2460020448063482;-0.6947110842523231;-0.7022736293268004;0
-0.29649862478975375;0.36164757811116505;0.33556946570141244;-0.44711776342129705;-0.35031912535046533;0.8155136334037044;2.3806711163301344;0.0484906507286146;-0.4446012715637613;-0.7664099107865834;-0.9842013578839007;0
-0.5805736048885056;0.30445888182025815;0.17964213132028897;-0.035623034241195346;-0.35031912535046533;-0.07052726154687088;0.3018634193452627;0.0484906507286146;0.9455933157381391;-0.40791577811528235;-0.23239408173163148;0
1.8056562279410098;-1.2968246143251336;1.7389154751315221;-0.44711776342129705;-0.6943189697107245;-0.365874226530396;-0.5936229732020667;0.7468850677884267;-1.3713976630983626;2.3166396301866095;-0.32636999125066496;1
-1.6600585292637622;1.762770637238383;-0.9638249874746153;-1.2701072217815006;-1.7263185027915036;-0.26742523820255426;1.5171663806594955;-2.3153058377816147;1.6737904805153243;1.456253711775486;2.3989313848013154;1
-0.8078335889675067;3.221082392656508;-1.0677765437286977;-0.34424408112627153;-0.9891759791623759;-0.365874226530396;-0.4656963456953054;-1.0259622985942007;1.2765920270004951;-1.5550970026634472;0.895316832496775;0
0.7261713035657527;-1.1824472217433197;1.0632303594799877;-1.0643598571914499;-1.2348901537054182;-0.661221191513921;-0.6895679438321377;0.1290746219278168;-0.6432004983211744;1.2411572321727047;-0.13841817221259636;1
0.2716513354077503;-0.8965037402887855;1.1152061376070288;-0.34424408112627153;0.7799660775475308;2.29224845832133;3.180212538247393;0.4245491829916178;-1.8347958588656617;2.746832589392172;-1.0781772674029342;0
-0.8646485849872574;-0.15305068850699644;-0.8078976530934922;-0.9614861748964243;-0.30117629044185673;0.02792172678097082;0.10997347808512066;-0.6767650900643245;0.28359589321342393;1.0260607525699244;-0.8902254483648673;0
-0.7510185929477565;-0.6105602588342514;0.4395210219554945;-0.8586124926013987;0.3376805633700538;0.02792172678097082;-0.2098430906817827;-0.32756788153438865;0.1511964087084809;-0.6947110842523231;-1.1721531769219693;0
-0.7510185929477565;-0.5533715625433444;0.4914968000825356;-0.8586124926013987;0.38682339827866236;-0.16897624987471258;-0.27380640443516335;-0.3007065578013212;0.1511964087084809;-0.6230122577180627;-1.1721531769219693;1
2.544251176197765;-1.2968246143251336;2.466576368910098;0.17012433034885574;0.6816804077303137;-0.661221191513921;-0.5616413163253764;1.4452794848482386;-0.7755999828261174;0.8826630995014036;0.3314613753825726;1
2.544251176197765;-1.2968246143251336;2.466576368910098;0.17012433034885574;0.6816804077303137;-0.661221191513921;-0.5616413163253764;1.4452794848482386;-0.7755999828261174;0.8826630995014036;0.3314613753825726;1
-0.29649862478975375;0.24727018552935126;0.23161790944733013;-0.6528651280113479;-0.5960332998935074;1.0124116100593878;2.3806711163301344;-0.24698391033518644;-0.17980230255387525;-0.8381087373208438;-1.0781772674029342;0
-0.29649862478975375;-0.49618286625243757;0.07569057506620695;0.2729980126438813;0.9273945822733565;0.22481970343665422;1.581129694412876;-0.058954644203654996;-0.6432004983211744;0.16567483415880063;-0.9842013578839007;0
1.521581247842258;-1.2968246143251336;1.6349639188774399;-0.34424408112627153;-1.3331758235226354;-0.8581191681696044;-0.8494762282155894;0.6931624203222918;-0.047402818048932205;1.671350191378267;0.04953364682547054;1
0.7829862995855028;0.018515400365724275;1.7389154751315221;-0.44711776342129705;-2.070318347151763;-1.0550171448252879;-0.8494762282155894;-0.46187450019972565;-0.11360256030140518;1.527952538309746;1.835075927687113;1
-0.18286863275025295;1.1336949780384076;-0.13221253744195766;0.3758716949389064;0.09196638882701169;-0.5627722031860793;0.5257350174820951;0.075351974461682;0.21739615096095385;-0.6230122577180627;-0.4203459007696984;1
1.86247122396076;-0.49618286625243757;1.9468185876396868;-0.34424408112627153;-1.087461648979593;-1.0550171448252879;-0.9774028557223507;0.6931624203222918;-0.7094002405736474;0.16567483415880063;-0.23239408173163148;1
-0.06923864071075263;0.24727018552935126;-0.02826098118787536;-0.24137039883124597;-1.0383188140709845;1.2093095867150712;0.6216799881121661;-0.4350131764666582;-0.11360256030140518;-1.5550970026634472;-0.32636999125066496;0
-0.29649862478975375;1.1908836743293145;-0.9638249874746153;-0.035623034241195346;0.534251903004488;-0.5627722031860793;-0.14587977692840204;0.3708265355254234;-0.5108010138162313;0.45247014029584137;-0.6082977198077653;1
-0.7510185929477565;-0.21023938479790336;1.1671819157340702;3.2563347991996188;-1.0383188140709845;1.0124116100593878;2.412652773206825;0.3708265355254234;0.1511964087084809;0.8109642729671432;0.04953364682547054;0
0.21483633938799918;0.5618080151293392;-0.5480187624582865;-0.44711776342129705;0.976537417181965;-0.26742523820255426;0.10997347808512066;-0.27384523406825384;-1.1727984363409465;-0.5513134311838032;0.5194131944206395;0
-0.1260536367305028;1.1336949780384076;-0.23616409369603983;-0.24137039883124597;-0.4486047951676824;-0.46432321485823763;-0.14587977692840204;-0.005231996737520196;0.28359589321342393;-0.6947110842523231;-1.2661290864410029;0
-0.46694361284900476;-0.21023938479790336;-0.39209142807716313;-0.5499914457163226;-0.2520334555332482;-0.5627722031860793;-0.049934806298331025;-0.5424584713989278;0.4821951199708399;-0.7664099107865834;-0.7022736293268004;0
-0.29649862478975375;0.018515400365724275;0.33556946570141244;-0.035623034241195346;-0.05546211589881398;0.8155136334037044;3.1482308813707025;-0.08581596793672239;-0.11360256030140518;-0.336216951581022;-0.8902254483648673;0
-0.29649862478975375;-1.068069829161506;0.5434725782095767;-0.44711776342129705;0.04282355391840313;0.8155136334037044;0.3978083899753337;-0.16639993913598422;0.1511964087084809;-0.40791577811528235;-0.9842013578839007;1
-0.5237586088687549;0.018515400365724275;-0.02826098118787536;-0.44711776342129705;0.976537417181965;0.02792172678097082;0.8455515862489984;-0.5424584713989278;-1.1065986940884764;-0.5513134311838032;-0.9842013578839007;0
-0.8646485849872574;0.4760249706929789;-1.1717280999827797;-0.9614861748964243;-1.1857473187968097;-1.0550171448252879;-1.1373111401058025;-0.784210384996594;0.680794346728253;-0.336216951581022;-0.8902254483648673;0
0.15802134336824902;0.6761854077111531;-0.08023675931491651;-0.44711776342129705;0.09196638882701169;-0.7596701798417628;-0.5616413163253764;0.773746391521494;-0.2460020448063482;-0.336216951581022;-0.4203459007696984;1
0.044391351328748704;0.6189967114202461;0.4914968000825356;-0.44711776342129705;0.38682339827866236;-0.07052726154687088;0.3018634193452627;0.3976878592584908;-0.047402818048932205;-0.5513134311838032;-0.04444226269356291;0
-0.3533136208095039;-0.5533715625433444;-0.08023675931491651;0.17012433034885574;-0.3994619602590739;1.3077585750429128;0.5577166743587854;-0.3007065578013212;0.3497956354658969;-0.47961460464954275;0.04953364682547054;1
0.3852813274472507;1.6769875928020226;-0.6519703187123687;0.17012433034885574;0.38682339827866236;-0.661221191513921;-0.7215496007088281;0.908053010186831;0.4821951199708399;-0.12112047197824086;-0.6082977198077653;0
-0.3533136208095039;-0.5533715625433444;-0.08023675931491651;0.17012433034885574;-0.3994619602590739;1.3077585750429128;0.5577166743587854;-0.3007065578013212;0.3497956354658969;-0.47961460464954275;0.04953364682547054;1
-0.8078335889675067;-0.03867329592518263;-0.08023675931491651;0.17012433034885574;-0.006319280990205422;-0.5627722031860793;-0.27380640443516335;0.075351974461682;0.9455933157381391;-1.053205216923625;0.5194131944206395;0
-1.773688521303263;-0.2674280810888102;-1.1717280999827797;-0.8586124926013987;-1.3331758235226354;0.3232686917644959;1.9329279200564697;-2.1541378953831507;1.4751912537579113;-0.19281929851250124;1.6471241086490442;1
-0.18286863275025295;-0.8393150439978787;-1.0677765437286977;-0.6528651280113479;-0.1537477857160311;-0.365874226530396;0.10997347808512066;-0.24698391033518644;0.3497956354658969;-0.9098075638551042;-0.5143218102887318;1
0.10120634734849886;-0.8965037402887855;-0.340115649950122;0.3758716949389064;0.4359662331872709;0.22481970343665422;0.3978083899753337;0.6931624203222918;0.1511964087084809;0.38077131376158097;-0.7962495388458338;1
-0.8078335889675067;-0.03867329592518263;-0.08023675931491651;0.17012433034885574;-0.006319280990205422;-0.5627722031860793;-0.27380640443516335;0.075351974461682;0.9455933157381391;-1.053205216923625;0.5194131944206395;0
-0.06923864071075263;2.7063841260383463;-0.9118492093475743;-0.1384967165362209;-0.7926046395279416;-0.8581191681696044;-0.27380640443516335;0.075351974461682;0.018796924203537846;-0.6947110842523231;-1.3601049959600362;1
-0.6373886009082558;0.5904023632747927;-1.3796312124909442;-0.5499914457163226;0.7799660775475308;-0.16897624987471258;-0.24182474755847305;0.021629326995547205;0.3497956354658969;-0.47961460464954275;-1.3601049959600362;1
-0.6373886009082558;0.5904023632747927;-1.3796312124909442;-0.5499914457163226;0.7799660775475308;-0.16897624987471258;-0.24182474755847305;0.021629326995547205;0.3497956354658969;-0.47961460464954275;-1.3601049959600362;1
-0.6373886009082558;0.6761854077111531;-1.3796312124909442;-0.5499914457163226;0.7799660775475308;-0.07052726154687088;-0.2098430906817827;0.021629326995547205;0.3497956354658969;-0.47961460464954275;-1.1721531769219693;1
-0.6373886009082558;0.5904023632747927;-1.3796312124909442;-0.5499914457163226;0.7799660775475308;-0.16897624987471258;-0.24182474755847305;0.021629326995547205;0.3497956354658969;-0.47961460464954275;-1.3601049959600362;1
-0.06923864071075263;2.7063841260383463;-0.9118492093475743;-0.1384967165362209;-0.7926046395279416;-0.8581191681696044;-0.27380640443516335;0.075351974461682;0.018796924203537846;-0.6947110842523231;-1.3601049959600362;1
2.0897312080397614;-0.8393150439978787;1.531012362623358;-0.34424408112627153;0.5833947379130966;-0.9565681564974461;-0.6895679438321377;1.3646955136490364;-1.1727984363409465;0.45247014029584137;0.42543728490160604;1
-0.3533136208095039;0.30445888182025815;-0.8598734312205332;-0.6528651280113479;1.0256802520905728;1.2093095867150712;2.0288728906865408;-0.5693197951319953;-1.5699968898557757;-1.1249040434578854;-0.6082977198077653;1
3.794181088632272;-1.8115228809432955;0.9073030250988646;-0.24137039883124597;-0.30117629044185673;-0.5627722031860793;-0.6895679438321377;1.7944766933782341;-1.6361966321082486;1.3845548852412255;-1.1721531769219693;1
3.794181088632272;-1.8115228809432955;0.9073030250988646;-0.24137039883124597;-0.30117629044185673;-0.5627722031860793;-0.6895679438321377;1.7944766933782341;-1.6361966321082486;1.3845548852412255;-1.1721531769219693;1
-0.5805736048885056;0.7619684521475134;-1.3796312124909442;-0.44711776342129705;0.14110922373562024;-0.9565681564974461;-0.7215496007088281;0.8543303627206962;1.9385894495252103;2.2449408036523493;-0.5143218102887318;1
-0.6942035969280064;0.8763458447293272;-1.0158007656016563;-0.5499914457163226;-0.30117629044185673;0.02792172678097082;0.17393679183850133;0.075351974461682;0.4159953777183669;-0.9098075638551042;-0.8902254483648673;0
-0.06923864071075263;0.418836274402072;-0.49604298433124533;-0.1384967165362209;-0.4486047951676824;-0.46432321485823763;0.8775332431256887;-0.22012258660211903;-0.7755999828261174;-1.4116993495949264;-1.0781772674029342;0
-0.3533136208095039;0.018515400365724275;-1.0677765437286977;-0.7557388103063735;-0.35031912535046533;-0.661221191513921;-0.2098430906817827;-0.3007065578013212;0.21739615096095385;-1.1966028699921456;-0.6082977198077653;1
-0.5805736048885056;0.7619684521475134;-1.3796312124909442;-0.44711776342129705;0.14110922373562024;-0.9565681564974461;-0.7215496007088281;0.8543303627206962;1.9385894495252103;2.2449408036523493;-0.5143218102887318;1
1.4079512558027576;-1.1824472217433197;0.9073030250988646;-0.8586124926013987;-0.8908903093451588;0.02792172678097082;-0.27380640443516335;0.9617756576530254;-0.6432004983211744;0.9543619260356639;-0.4203459007696984;1
-0.6942035969280064;0.418836274402072;-1.3796312124909442;-0.6528651280113479;-0.35031912535046533;0.02792172678097082;-0.36975137506523437;0.2633812405931538;1.011793057990612;0.38077131376158097;-0.5143218102887318;1
1.578396243862008;-1.0108811328705993;1.1152061376070288;0.684492741823983;0.4359662331872709;-1.0550171448252879;-0.7855129144622087;1.0154983051191602;-0.9741992095835335;-0.8381087373208438;0.04953364682547054;0
-0.3533136208095039;1.419638459492942;0.8033514688447823;-0.5499914457163226;0.534251903004488;-0.7596701798417628;1.293294782522663;-0.4350131764666582;-0.5770007560687044;-0.40791577811528235;-0.8902254483648673;0
-0.6942035969280064;0.418836274402072;-1.3796312124909442;-0.6528651280113479;-0.35031912535046533;0.02792172678097082;-0.36975137506523437;0.2633812405931538;1.011793057990612;0.38077131376158097;-0.5143218102887318;1
-0.18286863275025295;0.24727018552935126;-0.18418831556899867;0.7873664241190085;-0.3994619602590739;0.1263707151088125;2.348689459453444;0.021629326995547205;-0.3784015293112913;-0.5513134311838032;-1.0781772674029342;0
0.6125413115262524;-1.068069829161506;0.5434725782095767;-0.24137039883124597;-0.30117629044185673;-1.0550171448252879;-1.0413661694757315;0.6931624203222918;-0.6432004983211744;-0.19281929851250124;-1.1721531769219693;0
-0.9782785770267582;0.962128889165687;-1.3796312124909442;-0.34424408112627153;-0.30117629044185673;-0.365874226530396;0.33384507622195303;0.0484906507286146;1.144192542495555;0.16567483415880063;-1.1721531769219693;0
0.9534312876447543;-1.2396359180342267;1.0632303594799877;0.17012433034885574;0.1902520586442288;-0.16897624987471258;-0.4017330319419247;1.5795861035136354;0.28359589321342393;1.0977595791041848;0.04953364682547054;1
-0.2396836287700031;-1.1252585254524128;-0.18418831556899867;-0.7557388103063735;-0.20289062062463964;0.22481970343665422;-0.01795314942164069;-0.24698391033518644;-0.17980230255387525;0.022277181090279895;-1.0781772674029342;0
-0.7510185929477565;2.563412385311079;-1.1717280999827797;-0.44711776342129705;0.2885377284614452;-0.365874226530396;0.6856433018655467;-0.5693197951319953;0.21739615096095385;-0.336216951581022;-0.9842013578839007;0
-0.18286863275025295;-0.03867329592518263;-1.2237038781098208;-0.7557388103063735;-0.5468904649848988;-0.5627722031860793;-0.33776971818854407;-0.5155971476658604;0.1511964087084809;-0.5513134311838032;-0.4203459007696984;0
-0.2396836287700031;-0.8965037402887855;-0.18418831556899867;-0.6528651280113479;-0.20289062062463964;0.7170646450758627;0.10997347808512066;-0.22012258660211903;-0.2460020448063482;0.16567483415880063;-1.0781772674029342;0
2.3738061881385133;0.19008148923844498;1.1671819157340702;-0.035623034241195346;-0.8417474744365502;-1.0550171448252879;-0.5936229732020667;1.7138927221789724;-1.5699968898557757;1.5996513648440065;0.42543728490160604;0
1.9761012160002611;-1.525579399488761;1.3231092501151935;-0.6528651280113479;-0.49774763007629097;-0.9565681564974461;-1.1373111401058025;0.0484906507286146;-0.7755999828261174;0.5241689668301017;-0.23239408173163148;1
-0.1260536367305028;1.962931074256557;-1.3796312124909442;0.8902401064140336;0.7308232426389222;1.0124116100593878;0.4937533606054047;1.9019219883105036;1.8723897072727402;0.5241689668301017;-0.6082977198077653;0
-0.2396836287700031;-1.0108811328705993;1.011254581352947;1.1988611532991102;-0.1537477857160311;-0.07052726154687088;-0.27380640443516335;0.3171038880592886;0.21739615096095385;1.527952538309746;2.2109795657632483;1
-0.8078335889675067;0.07570409665663118;-1.1717280999827797;0.5816190595289574;-0.20289062062463964;-0.8581191681696044;-0.5936229732020667;1.0692209525852951;2.4681873875449827;1.8864466709810481;-0.9842013578839007;1
1.8056562279410098;-1.983088969816016;1.2711334719881524;1.610355882479212;1.12396592190779;-1.1534661331531295;-0.7215496007088281;1.5527247797805679;-0.2460020448063482;2.3166396301866095;-0.32636999125066496;1
-0.2396836287700031;0.10429844480208464;-1.0677765437286977;1.610355882479212;0.2885377284614452;1.1108605983872295;0.4937533606054047;-0.11267729166978979;0.28359589321342393;0.16567483415880063;0.23748546586353744;1
1.8056562279410098;-1.983088969816016;1.2711334719881524;1.610355882479212;1.12396592190779;-1.1534661331531295;-0.7215496007088281;1.5527247797805679;-0.2460020448063482;2.3166396301866095;-0.32636999125066496;1
1.4647662518225077;-0.8965037402887855;1.6349639188774399;1.610355882479212;-0.49774763007629097;0.1263707151088125;0.6216799881121661;1.4184181611151712;-0.6432004983211744;0.9543619260356639;-0.32636999125066496;0
0.044391351328748704;1.0765062817475008;-0.340115649950122;-0.035623034241195346;-0.2520334555332482;-0.5627722031860793;-0.24182474755847305;0.343965211792356;-0.047402818048932205;-0.04942164544398048;-0.9842013578839007;0
-0.46694361284900476;0.7047797558566065;-0.4440672062042043;4.696566351329975;0.3376805633700538;1.1108605983872295;1.5491480375361857;1.3109728661829017;0.4159953777183669;0.8826630995014036;-0.9842013578839007;0
-0.2396836287700031;0.10429844480208464;-1.0677765437286977;1.610355882479212;0.2885377284614452;1.1108605983872295;0.4937533606054047;-0.11267729166978979;0.28359589321342393;0.16567483415880063;0.23748546586353744;1
-0.8078335889675067;0.07570409665663118;-1.1717280999827797;0.5816190595289574;-0.20289062062463964;-0.8581191681696044;-0.5936229732020667;1.0692209525852951;2.4681873875449827;1.8864466709810481;-0.9842013578839007;1
1.8056562279410098;-1.983088969816016;1.2711334719881524;1.610355882479212;1.12396592190779;-1.1534661331531295;-0.7215496007088281;1.5527247797805679;-0.2460020448063482;2.3166396301866095;-0.32636999125066496;1
1.1238762757040057;-1.1824472217433197;0.9592788032259058;4.079324257559823;-0.3994619602590739;-1.0550171448252879;-1.0413661694757315;0.4782718304577526;-0.5770007560687044;1.2411572321727047;2.02302774672518;1
0.32846633142750054;-0.7249376514160648;0.2835936875743713;3.2563347991996188;0.2885377284614452;-0.5627722031860793;0.04601016433173998;1.2841115424498342;0.4159953777183669;0.8826630995014036;0.04953364682547054;1
1.7488412319212596;-1.525579399488761;0.9073030250988646;1.1988611532991102;-0.49774763007629097;-0.9565681564974461;-0.8494762282155894;1.0154983051191602;-1.3051979208458895;1.2411572321727047;-1.0781772674029342;1
-0.4101286168292546;-0.03867329592518263;-0.7559218749664509;0.5816190595289574;-0.6943189697107245;-0.365874226530396;0.237900105591882;0.20965859312701898;0.28359589321342393;-0.5513134311838032;-1.2661290864410029;0
0.32846633142750054;-0.7249376514160648;0.2835936875743713;3.2563347991996188;0.2885377284614452;-0.5627722031860793;0.04601016433173998;1.2841115424498342;0.4159953777183669;0.8826630995014036;0.04953364682547054;1
0.8966162916250041;0.36164757811116505;-1.0158007656016563;0.9931137887090591;1.0256802520905728;1.603105540026438;0.8135699293723081;1.8481993408443689;-0.047402818048932205;0.45247014029584137;-0.6082977198077653;0
0.8966162916250041;0.36164757811116505;-1.0158007656016563;0.9931137887090591;1.0256802520905728;1.603105540026438;0.8135699293723081;1.8481993408443689;-0.047402818048932205;0.45247014029584137;-0.6082977198077653;0
2.0897312080397614;-0.4389941699615306;1.479036584496317;-0.44711776342129705;-0.3994619602590739;0.9139626217315461;0.10997347808512066;1.6064474272467026;-1.4375974053508327;0.8109642729671432;-0.13841817221259636;1
-0.46694361284900476;-0.7249376514160648;-0.7559218749664509;0.5816190595289574;0.534251903004488;1.3077585750429128;0.237900105591882;-0.005231996737520196;0.3497956354658969;0.38077131376158097;-0.13841817221259636;1
0.21483633938799918;-0.03867329592518263;-0.9118492093475743;0.06725064805383019;0.48510906809587945;0.4217176800923376;0.10997347808512066;0.4782718304577526;0.1511964087084809;1.527952538309746;0.143509556344504;1
1.86247122396076;-0.6105602588342514;1.3750850282422347;0.8902401064140336;1.1731087568163985;1.70155452835428;1.677074665042947;2.304841844306455;-0.7755999828261174;2.1732419771180886;-1.1721531769219693;0
0.21483633938799918;-0.03867329592518263;-0.9118492093475743;0.06725064805383019;0.48510906809587945;0.4217176800923376;0.10997347808512066;0.4782718304577526;0.1511964087084809;1.527952538309746;0.143509556344504;1
1.1806912717237559;0.13289279294753809;-0.18418831556899867;0.2729980126438813;0.48510906809587945;0.22481970343665422;0.07799182120843032;1.4452794848482386;-0.6432004983211744;-0.04942164544398048;-0.13841817221259636;1
-0.8078335889675067;-0.9536924365796925;-0.08023675931491651;-0.035623034241195346;0.8291089124561394;-1.0550171448252879;-0.9454211988456604;-0.16639993913598422;0.614594604475783;-0.336216951581022;-0.32636999125066496;1
2.8283261562965167;-1.068069829161506;1.3231092501151935;0.7873664241190085;0.6325375728217051;0.1263707151088125;0.237900105591882;2.5197324341711136;-1.7685961166131916;1.1694584056384452;-0.8902254483648673;1
1.4079512558027576;-0.15305068850699644;1.011254581352947;0.06725064805383019;-0.3994619602590739;-1.0550171448252879;-0.5936229732020667;1.8213380171112419;-1.7685961166131916;-0.04942164544398048;-0.8902254483648673;0
1.2943212637632562;1.7341762890929295;0.5434725782095767;0.17012433034885574;0.23939489355283666;1.0124116100593878;0.7815882724956177;0.7468850677884267;-1.0403989518360035;-0.9098075638551042;-0.5143218102887318;0
-0.6942035969280064;0.5904023632747927;-1.0677765437286977;-0.44711776342129705;0.09196638882701169;-0.7596701798417628;-0.5296596594486861;0.9886369813860929;2.3357879030400395;0.5958677933643621;-0.7962495388458338;0
-0.6373886009082558;0.7047797558566065;-1.275679656236862;-0.1384967165362209;0.6325375728217051;-1.0550171448252879;-0.4656963456953054;1.391556837382104;2.3357879030400395;1.0977595791041848;-0.7022736293268004;0
-0.8078335889675067;0.8191571484384204;-1.0677765437286977;-0.34424408112627153;-0.05546211589881398;-0.7596701798417628;-0.4017330319419247;0.9349143339198984;2.4019876452925124;0.45247014029584137;-0.7962495388458338;0
-0.46694361284900476;0.018515400365724275;-1.0677765437286977;0.17012433034885574;0.23939489355283666;0.4217176800923376;-0.049934806298331025;-0.11267729166978979;0.4159953777183669;-0.40791577811528235;0.23748546586353744;1
1.578396243862008;-1.983088969816016;1.1152061376070288;-0.9614861748964243;-0.645176134802116;-0.8581191681696044;-0.9774028557223507;0.3171038880592886;-0.6432004983211744;-0.04942164544398048;-0.32636999125066496;1
-0.012423644691001457;1.019317585456594;-0.7559218749664509;0.17012433034885574;0.534251903004488;-0.365874226530396;-0.5616413163253764;1.4452794848482386;1.2765920270004951;0.5241689668301017;-0.4203459007696984;0
-0.5237586088687549;0.8191571484384204;-0.7559218749664509;-0.8586124926013987;5.153678384413688;-1.0550171448252879;-0.7855129144622087;-0.3812905290005234;0.4821951199708399;-0.7664099107865834;-0.8902254483648673;0
0.044391351328748704;0.7047797558566065;1.7389154751315221;-0.34424408112627153;1.5171086011766584;-0.365874226530396;1.4212214100294245;0.3171038880592886;-0.7755999828261174;-0.9098075638551042;-1.1721531769219693;0
1.1238762757040057;0.018515400365724275;1.1152061376070288;0.06725064805383019;-0.8908903093451588;-0.9565681564974461;-0.6575862869554474;1.6601700747128374;-1.3051979208458895;-0.40791577811528235;-1.0781772674029342;1
-0.4101286168292546;0.5332136669838858;0.2835936875743713;-0.24137039883124597;0.04282355391840313;-0.8581191681696044;0.2698817624685723;-0.058954644203654996;0.28359589321342393;-0.9098075638551042;-0.9842013578839007;0
-0.5237586088687549;-1.3540133106160406;0.595448356336618;-0.7557388103063735;-0.9400331442537673;-0.661221191513921;-0.49767800257199574;0.0484906507286146;0.614594604475783;-0.8381087373208438;-0.8902254483648673;1
1.1238762757040057;0.018515400365724275;1.1152061376070288;0.06725064805383019;-0.8908903093451588;-0.9565681564974461;-0.6575862869554474;1.6601700747128374;-1.3051979208458895;-0.40791577811528235;-1.0781772674029342;1
-0.2396836287700031;0.018515400365724275;-0.13221253744195766;-0.44711776342129705;-0.4486047951676824;-0.07052726154687088;1.9009462631797795;-0.3812905290005234;-0.3122017870588183;-0.7664099107865834;-0.9842013578839007;1
0.3852813274472507;-0.38180547367062373;0.23161790944733013;0.3758716949389064;0.5833947379130966;0.3232686917644959;1.677074665042947;0.773746391521494;0.018796924203537846;-0.12112047197824086;-0.8902254483648673;1
0.15802134336824902;-0.32461677737971717;0.17964213132028897;0.5816190595289574;-0.2520334555332482;1.4062075633707545;2.8603959694804897;0.4782718304577526;-0.11360256030140518;-0.8381087373208438;-0.9842013578839007;0
-0.5237586088687549;-0.9536924365796925;0.12766635319324782;0.17012433034885574;0.2885377284614452;1.0124116100593878;0.8455515862489984;-0.13953861540291684;0.4821951199708399;0.237373660693061;0.5194131944206395;0
-0.6942035969280064;-1.0108811328705993;0.12766635319324782;0.06725064805383019;0.7308232426389222;0.4217176800923376;0.237900105591882;-0.27384523406825384;0.680794346728253;0.022277181090279895;0.5194131944206395;1
0.7261713035657527;0.19008148923844498;-0.18418831556899867;0.9931137887090591;1.0256802520905728;2.0953504816656467;1.485184723782805;1.5527247797805679;-0.11360256030140518;0.022277181090279895;-0.32636999125066496;0
0.7261713035657527;1.3910441113474887;-0.7559218749664509;0.4787453772339319;0.04282355391840313;1.4062075633707545;0.909514900002379;1.0423596288522277;-0.11360256030140518;-0.04942164544398048;-0.04444226269356291;1
0.839801295605254;0.7619684521475134;0.6474241344636591;0.7873664241190085;0.09196638882701169;0.5201666684201793;0.429790046852024;1.1766662475175647;0.3497956354658969;0.45247014029584137;0.9892927420158084;1
0.7261713035657527;1.3910441113474887;-0.7559218749664509;0.4787453772339319;0.04282355391840313;1.4062075633707545;0.909514900002379;1.0423596288522277;-0.11360256030140518;-0.04942164544398048;-0.04444226269356291;1
0.839801295605254;0.7619684521475134;0.6474241344636591;0.7873664241190085;0.09196638882701169;0.5201666684201793;0.429790046852024;1.1766662475175647;0.3497956354658969;0.45247014029584137;0.9892927420158084;1
0.5557263155065022;0.4760249706929789;-0.02826098118787536;0.9931137887090591;0.4359662331872709;0.9139626217315461;1.3252764393993535;1.6333087509797701;-0.5108010138162313;-0.19281929851250124;-0.7022736293268004;0
-0.29649862478975375;0.5332136669838858;-1.1197523218557388;-0.1384967165362209;-0.10460495080742253;-0.9565681564974461;-0.8814578850922797;0.343965211792356;-0.17980230255387525;-0.12112047197824086;-1.0781772674029342;0
1.1238762757040057;0.36164757811116505;0.8033514688447823;0.3758716949389064;0.4359662331872709;1.8984525050099632;0.8775332431256887;1.2303888949836994;-0.2460020448063482;0.38077131376158097;-0.8902254483648673;1
1.86247122396076;0.018515400365724275;2.0507701438937693;1.2502979944466228;1.9593941153541348;-0.9565681564974461;-1.009384512599041;0.5857171253900222;-1.7685961166131916;0.6675666198986224;0.9892927420158084;1
1.1238762757040057;-0.49618286625243757;1.2191576938611113;2.124724293954339;1.2713944266336157;-1.0550171448252879;-1.0413661694757315;0.6931624203222918;-0.2460020448063482;1.312856058706965;0.9892927420158084;0
2.8851411523162667;-1.468390703197854;1.8428670313856046;0.17012433034885574;0.04282355391840313;-0.9565681564974461;-0.7855129144622087;1.8750606645773766;-1.0403989518360035;0.16567483415880063;-0.7022736293268004;1
1.3511362597830063;-0.38180547367062373;0.6474241344636591;-0.44711776342129705;-0.9891759791623759;-0.8581191681696044;-0.9774028557223507;0.7468850677884267;-0.9079994673310604;-0.19281929851250124;-0.8902254483648673;0
1.0670612796842547;-0.9536924365796925;1.9468185876396868;0.4787453772339319;2.0085369502627435;-0.5627722031860793;-0.14587977692840204;0.6931624203222918;-0.5770007560687044;0.09397600762454027;1.9290518372061463;1
1.0670612796842547;-0.9536924365796925;1.9468185876396868;0.4787453772339319;2.0085369502627435;-0.5627722031860793;-0.14587977692840204;0.6931624203222918;-0.5770007560687044;0.09397600762454027;1.9290518372061463;1
-0.18286863275025295;0.30445888182025815;0.07569057506620695;0.7873664241190085;-0.7434618046193331;0.5201666684201793;2.1887811750699924;0.3171038880592886;-0.6432004983211744;-0.7664099107865834;-0.9842013578839007;1
0.044391351328748704;0.19008148923844498;-0.9638249874746153;-0.34424408112627153;1.1731087568163985;0.02792172678097082;-0.049934806298331025;-0.488735823932793;-1.2389981785934194;-0.9098075638551042;0.5194131944206395;0
-0.2396836287700031;0.7047797558566065;-1.327655434363903;0.06725064805383019;-0.1537477857160311;0.1263707151088125;-0.24182474755847305;-0.22012258660211903;0.1511964087084809;0.6675666198986224;1.1772445610538753;1
2.0329162120200115;0.962128889165687;1.3750850282422347;0.9931137887090591;2.3033939597143944;-0.8581191681696044;-0.7855129144622087;1.3378341899159691;-0.9741992095835335;1.3845548852412255;1.6471241086490442;1
0.32846633142750054;-0.5533715625433444;0.9592788032259058;-0.5499914457163226;-1.4314614933398524;-0.9565681564974461;-0.9454211988456604;-1.0259622985942007;0.21739615096095385;0.38077131376158097;1.9290518372061463;1
-0.29649862478975375;-0.5533715625433444;0.2835936875743713;0.3758716949389064;-0.05546211589881398;1.3077585750429128;0.3978083899753337;0.3708265355254234;-0.047402818048932205;-0.04942164544398048;-0.13841817221259636;0
2.3169911921187634;-0.21023938479790336;1.6349639188774399;0.5816190595289574;1.0748230869991815;1.2093095867150712;1.7090563219196375;2.1973965493741856;-1.0403989518360035;2.5317361097893905;0.9892927420158084;1
2.3738061881385133;-1.411202006906947;1.4270608063692758;-0.1384967165362209;0.04282355391840313;-0.365874226530396;-0.5296596594486861;1.6064474272467026;-1.3713976630983626;5.112893865022762;-0.6082977198077653;1
2.2033612000792617;-1.068069829161506;1.2191576938611113;-0.035623034241195346;-0.7434618046193331;-0.5627722031860793;-0.7855129144622087;1.7676153696451071;-1.3051979208458895;3.822314987406076;-1.1721531769219693;1
1.2943212637632562;-0.6105602588342514;1.1152061376070288;0.2729980126438813;-0.7926046395279416;-1.0550171448252879;-0.8814578850922797;0.2633812405931538;-0.7094002405736474;1.5996513648440065;0.8013409229777415;1
1.4647662518225077;-0.7821263477069718;1.0632303594799877;-0.6528651280113479;1.811965610628309;-0.9565681564974461;-1.009384512599041;0.8006077152545614;-0.11360256030140518;0.7392654464328828;-0.6082977198077653;1
1.4647662518225077;-0.7821263477069718;1.0632303594799877;-0.6528651280113479;1.811965610628309;-0.9565681564974461;-1.009384512599041;0.8006077152545614;-0.11360256030140518;0.7392654464328828;-0.6082977198077653;1
2.0329162120200115;0.24727018552935126;1.2191576938611113;0.17012433034885574;0.04282355391840313;-0.9565681564974461;-0.4337146888186151;2.0899512544419157;-1.3051979208458895;0.9543619260356639;0.23748546586353744;1
-0.7510185929477565;0.9049401928747807;-1.3796312124909442;-0.5499914457163226;-0.6943189697107245;2.3906974466491717;0.5577166743587854;0.639439772856157;1.8723897072727402;1.1694584056384452;-0.5143218102887318;0
-0.9782785770267582;1.6483932446565692;-1.275679656236862;0.2729980126438813;-0.4486047951676824;0.1263707151088125;-0.36975137506523437;-0.6499037663311974;1.7399902227677972;1.7430490179125273;1.7411000181680794;1
3.1124011363952686;-0.21023938479790336;2.1027459220208105;0.5816190595289574;0.5833947379130966;-0.9565681564974461;-0.9774028557223507;1.0154983051191602;-1.9671953433706046;2.0298443240495687;1.4591722896109773;1
0.7261713035657527;0.19008148923844498;0.23161790944733013;0.3758716949389064;0.38682339827866236;-0.07052726154687088;0.014028507455049645;0.639439772856157;-1.3713976630983626;1.9581454975153085;-0.4203459007696984;1
0.44209632346700084;1.476827155783849;-1.3796312124909442;0.17012433034885574;0.5833947379130966;-0.46432321485823763;-0.5616413163253764;1.4452794848482386;0.28359589321342393;1.527952538309746;-0.9842013578839007;1
1.3511362597830063;0.8191571484384204;-0.23616409369603983;0.2729980126438813;1.2713944266336157;0.1263707151088125;-0.36975137506523437;1.9825059595096464;-0.2460020448063482;2.38833845672087;-0.5143218102887318;1
0.44209632346700084;1.534015852074756;-1.3796312124909442;0.17012433034885574;0.7308232426389222;-0.46432321485823763;-0.6256046300787571;1.4452794848482386;0.21739615096095385;1.312856058706965;-0.9842013578839007;1
-0.3533136208095039;0.7905628002929669;-1.3796312124909442;-0.035623034241195346;0.4359662331872709;-0.7596701798417628;-0.8494762282155894;0.3708265355254234;-0.3122017870588183;0.5958677933643621;-1.0781772674029342;0
2.941956148336017;0.018515400365724275;2.726455259545303;2.4333453408394154;1.9102512804455263;0.7170646450758627;1.00545987063245;2.7346230240356526;-0.9079994673310604;0.8826630995014036;2.3989313848013154;0
-1.26235355712551;-1.8115228809432955;0.6993999125907002;-1.0643598571914499;-0.7434618046193331;2.4399219408130923;3.8198456757812;-2.959977607375292;-0.4446012715637613;-0.40791577811528235;1.365196380091944;1
-0.9214635810070075;1.2766667187656748;-1.327655434363903;-0.035623034241195346;-0.1537477857160311;0.1263707151088125;-0.4337146888186151;-0.6499037663311974;1.5413909960103813;-0.2645181250467616;2.2109795657632483;1
1.8056562279410098;-0.6677489551251583;1.3231092501151935;0.5816190595289574;-0.05546211589881398;1.3077585750429128;0.3018634193452627;1.8213380171112419;-0.3784015293112913;1.671350191378267;0.5194131944206395;0
1.237506267743506;-0.6105602588342514;2.0507701438937693;0.5301822183814449;1.7136799408110925;-0.365874226530396;-0.5296596594486861;0.1559359456608842;-0.5108010138162313;0.7392654464328828;1.1772445610538753;1
2.0329162120200115;-0.5533715625433444;2.0507701438937693;0.684492741823983;1.3696800964508327;-0.5627722031860793;-0.7215496007088281;1.7676153696451071;-1.1065986940884764;1.456253711775486;-0.04444226269356291;1
2.4306211841582637;-0.8393150439978787;2.0507701438937693;0.17012433034885574;0.3376805633700538;-0.5627722031860793;-0.14587977692840204;2.304841844306455;-0.9741992095835335;0.237373660693061;-0.6082977198077653;1
-0.06923864071075263;0.9907232373111404;-0.18418831556899867;-0.44711776342129705;0.8782517473647479;-0.16897624987471258;1.1333864981392114;0.3171038880592886;-0.8417997250785904;0.38077131376158097;-0.9842013578839007;0
0.15802134336824902;-0.4389941699615306;0.23161790944733013;0.17012433034885574;0.23939489355283666;0.5201666684201793;0.141955134961811;0.8006077152545614;0.3497956354658969;1.8864466709810481;-0.5143218102887318;1
2.0329162120200115;0.30445888182025815;2.0507701438937693;0.06725064805383019;-0.4486047951676824;-0.9565681564974461;-0.27380640443516335;1.3378341899159691;-1.7685961166131916;-0.6230122577180627;-0.4203459007696984;0
2.3738061881385133;-0.38180547367062373;1.8948428095126457;-0.44711776342129705;-0.49774763007629097;-0.9565681564974461;-0.9774028557223507;1.12294360005143;-2.1657945701280177;1.5996513648440065;-0.23239408173163148;0
2.544251176197765;0.5046193188384324;2.0507701438937693;3.46208216378967;0.09196638882701169;-0.8581191681696044;-0.1138981200517117;2.949513613900192;-1.6361966321082486;0.5958677933643621;-0.4203459007696984;1
0.9534312876447543;-0.6105602588342514;1.2191576938611113;0.9931137887090591;1.2713944266336157;-0.8581191681696044;-0.7855129144622087;0.639439772856157;-0.3784015293112913;2.0298443240495687;1.2712204705729104;1
2.544251176197765;0.5046193188384324;2.0507701438937693;3.46208216378967;0.09196638882701169;-0.8581191681696044;-0.1138981200517117;2.949513613900192;-1.6361966321082486;0.5958677933643621;-0.4203459007696984;1
1.1806912717237559;0.27586453367480473;1.7908912532585632;0.17012433034885574;-0.2520334555332482;-0.46432321485823763;-0.6895679438321377;1.7676153696451071;-1.0403989518360035;0.3090724872273206;-1.3601049959600362;0
1.1238762757040057;-1.068069829161506;1.3231092501151935;0.3758716949389064;3.8268218418812583;-0.07052726154687088;0.9414965568790694;1.6601700747128374;-0.9079994673310604;-0.04942164544398048;-0.9842013578839007;0
0.6125413115262524;-1.468390703197854;1.3750850282422347;-0.035623034241195346;-0.35031912535046533;-0.9565681564974461;-0.8814578850922797;-0.27384523406825384;-0.7755999828261174;3.4638208547347737;1.4591722896109773;1
-0.8078335889675067;1.3624497632020354;-1.275679656236862;-0.1384967165362209;-0.8908903093451588;1.8984525050099632;0.5577166743587854;0.4245491829916178;1.6737904805153243;0.9543619260356639;-0.5143218102887318;0
-0.2396836287700031;-1.6399567920705747;0.6993999125907002;-0.8586124926013987;-1.2348901537054182;-0.46432321485823763;-0.6575862869554474;-0.005231996737520196;0.018796924203537846;1.5996513648440065;-1.6420327245171382;1
0.44209632346700084;-1.411202006906947;1.1152061376070288;-0.6528651280113479;-0.6943189697107245;1.0124116100593878;0.014028507455049645;-0.005231996737520196;0.018796924203537846;2.818531415926432;0.143509556344504;1
-0.5237586088687549;0.13289279294753809;-0.23616409369603983;-0.24137039883124597;1.2222515917250072;-0.365874226530396;0.8455515862489984;-0.4350131764666582;-1.7685961166131916;-0.12112047197824086;-1.1721531769219693;0
3.226031128434769;-0.6677489551251583;1.8948428095126457;1.4046085178891607;0.38682339827866236;-0.9565681564974461;0.04601016433173998;2.5197324341711136;-2.0333950856230776;1.1694584056384452;0.3314613753825726;1
1.8056562279410098;0.07570409665663118;2.3106490345289745;2.021850611659314;2.1068226200799605;-0.9565681564974461;-0.9774028557223507;0.908053010186831;-2.0333950856230776;1.312856058706965;1.2712204705729104;1
1.8056562279410098;-0.4389941699615306;1.2191576938611113;0.5816190595289574;-0.1537477857160311;0.3232686917644959;0.04601016433173998;1.9287833120435114;-0.3784015293112913;3.3204232016662547;0.5194131944206395;1
0.6125413115262524;-1.468390703197854;1.3750850282422347;-0.035623034241195346;-0.35031912535046533;-0.9565681564974461;-0.8814578850922797;-0.27384523406825384;-0.7755999828261174;3.4638208547347737;1.4591722896109773;1
1.7488412319212596;0.5618080151293392;2.0507701438937693;3.873576892969772;0.3376805633700538;-0.9565681564974461;-0.6895679438321377;1.12294360005143;-1.3713976630983626;2.4600372832551303;2.680859113358417;1
-0.012423644691001457;-0.6105602588342514;0.595448356336618;0.06725064805383019;0.6325375728217051;0.8155136334037044;0.46177170372871434;0.639439772856157;-0.047402818048932205;0.38077131376158097;0.3314613753825726;1
-0.012423644691001457;-1.525579399488761;0.8033514688447823;-0.44711776342129705;-0.05546211589881398;-0.46432321485823763;-0.5936229732020667;0.3708265355254234;-0.7094002405736474;1.0977595791041848;-0.9842013578839007;1
3.0555861403755173;-0.6391546069797048;2.1547217001478516;0.4787453772339319;0.1902520586442288;0.1263707151088125;-0.08191646317502137;2.5197324341711136;-1.7023963743607187;1.0977595791041848;-0.4203459007696984;1
-0.012423644691001457;-1.525579399488761;0.8033514688447823;-0.44711776342129705;-0.05546211589881398;-0.46432321485823763;-0.5936229732020667;0.3708265355254234;-0.7094002405736474;1.0977595791041848;-0.9842013578839007;1
-0.012423644691001457;-1.525579399488761;0.8033514688447823;-0.44711776342129705;-0.05546211589881398;-0.46432321485823763;-0.5936229732020667;0.3708265355254234;-0.7094002405736474;1.0977595791041848;-0.9842013578839007;1
-0.3533136208095039;-0.09586199221608953;0.07569057506620695;-0.34424408112627153;0.2885377284614452;0.7170646450758627;0.2698817624685723;0.6931624203222918;0.680794346728253;0.6675666198986224;-1.1721531769219693;0
-0.5237586088687549;0.5904023632747927;-1.0158007656016563;-0.035623034241195346;0.4359662331872709;-0.46432321485823763;-0.27380640443516335;0.639439772856157;0.7469940889807261;0.8109642729671432;-0.7022736293268004;1
-0.29649862478975375;0.07570409665663118;-0.02826098118787536;-0.44711776342129705;0.3376805633700538;0.7170646450758627;0.07799182120843032;0.7468850677884267;0.614594604475783;0.6675666198986224;-1.1721531769219693;1
-0.012423644691001457;0.7619684521475134;-0.5999945405853276;-0.5499914457163226;-0.10460495080742253;0.1263707151088125;-0.1138981200517117;0.2633812405931538;-0.047402818048932205;-0.7664099107865834;-0.7962495388458338;1
-0.29649862478975375;-0.38180547367062373;-0.02826098118787536;-0.5499914457163226;0.3376805633700538;0.7170646450758627;0.237900105591882;0.7468850677884267;0.7469940889807261;0.6675666198986224;-1.1721531769219693;1
0.7261713035657527;-0.8393150439978787;0.23161790944733013;0.06725064805383019;0.7308232426389222;0.02792172678097082;0.10997347808512066;0.8006077152545614;-0.8417997250785904;0.38077131376158097;-0.4203459007696984;1
-1.5464285372242619;1.8485536816747434;-1.1197523218557388;-1.0643598571914499;-1.775461337700112;-0.365874226530396;1.3572580962760437;-2.3153058377816147;1.6075907382628543;1.2411572321727047;2.3049554752822816;1
3.0555861403755173;-0.6391546069797048;2.1547217001478516;0.4787453772339319;0.1902520586442288;0.1263707151088125;-0.08191646317502137;2.5197324341711136;-1.7023963743607187;1.0977595791041848;-0.4203459007696984;1
0.6693563075460025;-0.8965037402887855;1.3231092501151935;-0.44711776342129705;0.04282355391840313;-0.9565681564974461;-0.6256046300787571;0.6931624203222918;-0.9079994673310604;-0.9815063903893646;-0.8902254483648673;0
0.044391351328748704;0.7905628002929669;1.7908912532585632;-0.44711776342129705;1.5171086011766584;-0.26742523820255426;1.581129694412876;0.1559359456608842;-1.0403989518360035;-0.7664099107865834;-1.2661290864410029;0
2.4874361801780136;0.418836274402072;1.998794365766728;-0.1384967165362209;-0.8908903093451588;-0.9565681564974461;-0.6575862869554474;1.6064474272467026;-1.9009956011181346;-0.5513134311838032;-0.5143218102887318;0
2.0897312080397614;-0.8965037402887855;2.57052792516418;1.816103247069263;-0.7434618046193331;-0.8581191681696044;-0.24182474755847305;1.9825059595096464;-0.6432004983211744;-0.336216951581022;2.3989313848013154;1
-0.9782785770267582;1.1908836743293145;-1.275679656236862;5.622429491985204;2.0085369502627435;5.1472691198287395;2.508597743836896;1.4452794848482386;1.011793057990612;-0.8381087373208438;-0.5143218102887318;0
1.8056562279410098;0.36164757811116505;1.686939697004481;0.17012433034885574;0.2885377284614452;-0.26742523820255426;0.10997347808512066;1.12294360005143;-0.9079994673310604;0.022277181090279895;0.5194131944206395;1
1.8056562279410098;0.36164757811116505;1.686939697004481;0.17012433034885574;0.2885377284614452;-0.26742523820255426;0.10997347808512066;1.12294360005143;-0.9079994673310604;0.022277181090279895;0.5194131944206395;1
0.21483633938799918;1.3624497632020354;-0.23616409369603983;-0.1384967165362209;-0.8417474744365502;-0.661221191513921;-0.1138981200517117;-0.22012258660211903;-1.4375974053508327;-0.6947110842523231;-0.9842013578839007;0
-0.9782785770267582;1.1908836743293145;-1.275679656236862;5.622429491985204;2.0085369502627435;5.1472691198287395;2.508597743836896;1.4452794848482386;1.011793057990612;-0.8381087373208438;-0.5143218102887318;0
-0.3533136208095039;-1.525579399488761;0.17964213132028897;-0.7557388103063735;-1.087461648979593;0.4217176800923376;-0.24182474755847305;-0.9722396511280659;-0.17980230255387525;-1.268301696526406;0.3314613753825726;1
2.2033612000792617;-0.2674280810888102;1.4270608063692758;0.17012433034885574;0.1902520586442288;0.3232686917644959;0.5896983312354757;1.7676153696451071;-1.4375974053508327;-0.2645181250467616;0.04953364682547054;1
1.7488412319212596;0.418836274402072;1.1671819157340702;0.2729980126438813;0.1902520586442288;-0.5627722031860793;-0.14587977692840204;1.4452794848482386;-1.1065986940884764;-0.12112047197824086;0.04953364682547054;1
-0.3533136208095039;0.9335345410202335;-1.1197523218557388;0.2729980126438813;-0.30117629044185673;-0.07052726154687088;-0.5936229732020667;0.3708265355254234;-0.3784015293112913;-0.2645181250467616;-1.2661290864410029;0
0.21483633938799918;-1.2396359180342267;1.011254581352947;-1.0643598571914499;-1.087461648979593;-0.46432321485823763;-0.6575862869554474;-0.058954644203654996;0.28359589321342393;0.8109642729671432;-0.32636999125066496;1
0.839801295605254;-0.49618286625243757;1.0632303594799877;0.06725064805383019;-0.8908903093451588;-0.661221191513921;-0.5616413163253764;0.7468850677884267;-0.5108010138162313;0.022277181090279895;0.3314613753825726;1
2.0897312080397614;-0.7821263477069718;2.0507701438937693;0.5816190595289574;0.5833947379130966;-0.365874226530396;-0.49767800257199574;1.5527247797805679;-0.9079994673310604;-0.12112047197824086;0.3314613753825726;1
1.1806912717237559;-1.068069829161506;1.6349639188774399;1.3017348355941358;4.563964365510386;-0.9565681564974461;-0.9454211988456604;0.1559359456608842;-0.8417997250785904;0.38077131376158097;0.8013409229777415;1
2.3738061881385133;-0.38180547367062373;1.1671819157340702;2.124724293954339;-0.5468904649848988;1.0124116100593878;0.10997347808512066;0.7468850677884267;-1.7685961166131916;-0.5513134311838032;-0.7962495388458338;0
0.3852813274472507;-0.5533715625433444;0.3875452438284536;0.06725064805383019;-0.05546211589881398;1.0124116100593878;1.293294782522663;1.0692209525852951;0.4159953777183669;-0.19281929851250124;-0.8902254483648673;1
0.44209632346700084;-0.4389941699615306;0.4395210219554945;-0.035623034241195346;-0.05546211589881398;0.7170646450758627;1.0374415275091404;1.0692209525852951;0.4159953777183669;-0.19281929851250124;-0.8902254483648673;0
-0.6942035969280064;1.1908836743293145;-0.5480187624582865;-0.5499914457163226;0.9273945822733565;-0.07052726154687088;1.00545987063245;-0.058954644203654996;-0.3122017870588183;-0.04942164544398048;-1.0781772674029342;0
0.8966162916250041;-0.7249376514160648;1.3750850282422347;4.3879453044449;0.7799660775475308;-0.9565681564974461;-0.8494762282155894;1.0154983051191602;-0.3122017870588183;1.2411572321727047;1.1772445610538753;1
0.2716513354077503;-0.03867329592518263;0.3875452438284536;0.2729980126438813;0.2885377284614452;0.8155136334037044;2.444634430083515;0.8006077152545614;-0.3784015293112913;-0.2645181250467616;-0.8902254483648673;0
0.15802134336824902;1.1336949780384076;-0.13221253744195766;4.285071622149872;1.7628227757197013;1.5046565516985961;2.8284143126037993;2.5197324341711136;0.018796924203537846;3.033627895529213;-1.0781772674029342;0
1.2943212637632562;-0.2674280810888102;1.9468185876396868;-0.24137039883124597;1.4679657662680499;-0.9565681564974461;-0.8174945713388991;0.1559359456608842;-0.3784015293112913;0.09397600762454027;1.1772445610538753;1
-0.7510185929477565;0.30445888182025815;-0.7559218749664509;-0.5499914457163226;0.48510906809587945;1.8000035166821216;2.508597743836896;-0.5961811188650626;0.813193831233196;-1.1966028699921456;0.04953364682547054;0
2.0329162120200115;-0.8393150439978787;1.2711334719881524;-0.44711776342129705;1.9593941153541348;-0.8581191681696044;-0.8174945713388991;1.5527247797805679;-0.5108010138162313;0.8109642729671432;-0.04444226269356291;1
-0.8646485849872574;1.3910441113474887;-1.3796312124909442;-0.6528651280113479;-0.7434618046193331;1.8000035166821216;0.20591844871519166;0.4782718304577526;2.004789191777683;0.237373660693061;-0.5143218102887318;0
0.6693563075460025;0.19008148923844498;0.33556946570141244;-0.035623034241195346;0.38682339827866236;1.8984525050099632;0.6856433018655467;0.2633812405931538;-0.2460020448063482;0.5958677933643621;1.2712204705729104;1
-0.9782785770267582;1.7913649853838365;-1.2237038781098208;-0.1384967165362209;-1.087461648979593;1.603105540026438;0.07799182120843032;-0.8110717087296615;1.3427917692529683;-0.6230122577180627;1.7411000181680794;1
-0.3533136208095039;2.4776293408747185;-0.340115649950122;-0.44711776342129705;-1.6771756678828948;-0.07052726154687088;0.46177170372871434;-0.6499037663311974;0.28359589321342393;-1.4833981761291868;0.42543728490160604;0
1.237506267743506;-1.6399567920705747;1.0632303594799877;-0.34424408112627153;-0.7434618046193331;-0.9565681564974461;-0.6895679438321377;0.5857171253900222;-1.1065986940884764;1.8147478444467877;0.5194131944206395;1
-0.3533136208095039;2.4776293408747185;-0.340115649950122;-0.44711776342129705;-1.6771756678828948;-0.07052726154687088;0.46177170372871434;-0.6499037663311974;0.28359589321342393;-1.4833981761291868;0.42543728490160604;0
-0.9782785770267582;1.7913649853838365;-1.2237038781098208;-0.1384967165362209;-1.087461648979593;1.603105540026438;0.07799182120843032;-0.8110717087296615;1.3427917692529683;-0.6230122577180627;1.7411000181680794;1
-1.0919085690662584;0.8191571484384204;-0.9638249874746153;-0.34424408112627153;-1.775461337700112;0.3232686917644959;0.07799182120843032;-0.9722396511280659;1.144192542495555;-1.1249040434578854;0.895316832496775;1
0.6693563075460025;1.4482328076383957;-0.23616409369603983;-0.5499914457163226;-0.20289062062463964;-0.9565681564974461;-0.4337146888186151;1.12294360005143;-0.3784015293112913;-0.6230122577180627;0.143509556344504;1
0.44209632346700084;-0.03867329592518263;0.33556946570141244;-1.1672335394864752;-0.5468904649848988;-0.661221191513921;-0.49767800257199574;0.5857171253900222;-0.5108010138162313;-0.336216951581022;-1.0781772674029342;0
2.544251176197765;1.7913649853838365;1.8948428095126457;-0.035623034241195346;0.3376805633700538;-0.26742523820255426;-0.33776971818854407;1.6064474272467026;-1.4375974053508327;-0.336216951581022;-0.04444226269356291;1
1.237506267743506;-1.6399567920705747;1.0632303594799877;-0.34424408112627153;-0.7434618046193331;-0.9565681564974461;-0.6895679438321377;0.5857171253900222;-1.1065986940884764;1.8147478444467877;0.5194131944206395;1
-0.29649862478975375;0.13289279294753809;0.4395210219554945;-0.24137039883124597;-0.35031912535046533;0.5201666684201793;0.6536616449888564;0.3708265355254234;-0.4446012715637613;-0.6230122577180627;-1.1721531769219693;0
2.0329162120200115;-0.8965037402887855;2.206697478274892;-0.1384967165362209;-0.1537477857160311;-0.365874226530396;-0.6895679438321377;-0.488735823932793;-2.099594827875548;0.022277181090279895;2.2109795657632483;1
2.260176196099013;-0.7821263477069718;1.8948428095126457;-0.1384967165362209;0.48510906809587945;-0.9565681564974461;-0.8814578850922797;1.9825059595096464;-1.0403989518360035;-1.1249040434578854;-0.8902254483648673;0
1.1806912717237559;-0.6677489551251583;1.479036584496317;0.7873664241190085;-0.2520334555332482;0.618615656748021;0.2698817624685723;1.5527247797805679;-1.1065986940884764;1.7430490179125273;-0.5143218102887318;1
2.260176196099013;-0.7821263477069718;1.8948428095126457;-0.1384967165362209;0.48510906809587945;-0.9565681564974461;-0.8814578850922797;1.9825059595096464;-1.0403989518360035;-1.1249040434578854;-0.8902254483648673;0
-0.18286863275025295;0.8191571484384204;0.17964213132028897;-0.44711776342129705;-1.0383188140709845;2.1937994699934884;0.5257350174820951;-0.488735823932793;-0.3784015293112913;-0.6230122577180627;-0.23239408173163148;1
1.578396243862008;-0.4389941699615306;2.4146005907830568;0.7873664241190085;-0.7434618046193331;-0.9565681564974461;-0.7535312575855184;1.0154983051191602;-0.9741992095835335;0.09397600762454027;0.7073650134587064;1
1.1806912717237559;-0.6677489551251583;1.479036584496317;0.7873664241190085;-0.2520334555332482;0.618615656748021;0.2698817624685723;1.5527247797805679;-1.1065986940884764;1.7430490179125273;-0.5143218102887318;1
-0.7510185929477565;0.5332136669838858;-0.4440672062042043;-0.9614861748964243;-0.9400331442537673;-0.8581191681696044;0.141955134961811;-0.8647943561957963;-1.5699968898557757;-0.336216951581022;-1.0781772674029342;0
2.4306211841582637;-1.2396359180342267;2.3626248126560156;-0.24137039883124597;-0.4486047951676824;-0.9565681564974461;-0.5296596594486861;1.0692209525852951;-2.893991734905206;1.2411572321727047;-0.6082977198077653;1
2.0329162120200115;-0.7249376514160648;1.998794365766728;-0.29280723997875896;-0.645176134802116;-0.8581191681696044;-0.5936229732020667;1.12294360005143;-1.7023963743607187;0.237373660693061;0.8013409229777415;1
4.1350710647507745;0.9049401928747807;2.57052792516418;1.3017348355941358;0.9273945822733565;-0.9565681564974461;-0.08191646317502137;3.486740088561659;-2.4305935391379037;0.237373660693061;0.7073650134587064;1
0.9534312876447543;-0.49618286625243757;1.1671819157340702;0.2729980126438813;-0.20289062062463964;-0.46432321485823763;-0.8494762282155894;-0.22012258660211903;-0.5770007560687044;-0.12112047197824086;1.083268651534842;1
-1.7168735252835128;0.24727018552935126;-1.327655434363903;-0.7557388103063735;-1.3331758235226354;-1.0550171448252879;-0.5936229732020667;-1.7780793631202072;1.6737904805153243;1.3845548852412255;1.9290518372061463;1
0.6693563075460025;1.1908836743293145;-0.8598734312205332;-0.34424408112627153;-0.10460495080742253;-0.9565681564974461;-0.4656963456953054;1.0154983051191602;-0.5770007560687044;-0.6230122577180627;-0.32636999125066496;1
2.3738061881385133;-0.8393150439978787;1.7389154751315221;0.17012433034885574;-0.006319280990205422;1.5046565516985961;0.8455515862489984;1.5527247797805679;-1.4375974053508327;0.5958677933643621;0.04953364682547054;0
0.5557263155065022;-0.2674280810888102;0.12766635319324782;-0.34424408112627153;2.254251124805786;-0.9565681564974461;-0.9454211988456604;0.0484906507286146;-0.6432004983211744;0.5241689668301017;0.7073650134587064;0
0.15802134336824902;0.018515400365724275;-0.23616409369603983;-0.44711776342129705;0.9273945822733565;-0.8581191681696044;-0.5936229732020667;-0.005231996737520196;-0.7755999828261174;-0.6230122577180627;-0.23239408173163148;1
2.0329162120200115;-0.7821263477069718;2.206697478274892;0.3758716949389064;0.6816804077303137;0.1263707151088125;-0.33776971818854407;1.4452794848482386;-1.4375974053508327;-0.2645181250467616;0.3314613753825726;1
2.0329162120200115;-0.7821263477069718;2.206697478274892;0.3758716949389064;0.6816804077303137;0.1263707151088125;-0.33776971818854407;1.4452794848482386;-1.4375974053508327;-0.2645181250467616;0.3314613753825726;1
-0.8646485849872574;0.19008148923844498;-1.2237038781098208;-0.7557388103063735;0.14110922373562024;0.22481970343665422;-0.33776971818854407;0.0484906507286146;0.813193831233196;-0.12112047197824086;-0.4203459007696984;1
1.1806912717237559;-1.1252585254524128;1.8948428095126457;0.3758716949389064;0.14110922373562024;-1.0550171448252879;-0.7535312575855184;1.6601700747128374;-0.3784015293112913;0.6675666198986224;0.7073650134587064;1
-0.7510185929477565;-1.6971454883614816;0.6993999125907002;-0.8586124926013987;-0.8908903093451588;0.5201666684201793;0.6856433018655467;-0.8110717087296615;1.210392284748025;-0.12112047197824086;0.6133891039396729;0
1.6920262359015095;0.5332136669838858;2.1027459220208105;2.8448400700195173;0.23939489355283666;-0.9565681564974461;-0.8494762282155894;1.12294360005143;-0.6432004983211744;0.3090724872273206;2.7748350228774505;1
0.32846633142750054;0.36164757811116505;0.6474241344636591;-0.1384967165362209;0.6816804077303137;-1.0550171448252879;-0.7535312575855184;1.0154983051191602;0.3497956354658969;-0.47961460464954275;-0.13841817221259636;0
0.498911319486751;0.5904023632747927;-0.288139871823081;0.2729980126438813;0.7799660775475308;1.3077585750429128;0.6216799881121661;1.12294360005143;-0.2460020448063482;-0.47961460464954275;-0.7962495388458338;0
1.1806912717237559;-1.1252585254524128;1.8948428095126457;0.3758716949389064;0.14110922373562024;-1.0550171448252879;-0.7535312575855184;1.6601700747128374;-0.3784015293112913;0.6675666198986224;0.7073650134587064;1
1.86247122396076;0.30445888182025815;2.0507701438937693;-0.24137039883124597;-0.35031912535046533;-0.5627722031860793;0.04601016433173998;2.1973965493741856;-0.4446012715637613;-0.5513134311838032;-1.3601049959600362;0
0.498911319486751;-0.5533715625433444;1.3231092501151935;-0.1384967165362209;0.09196638882701169;-0.16897624987471258;-0.7215496007088281;0.4782718304577526;0.21739615096095385;-0.2645181250467616;0.8013409229777415;1
-0.012423644691001457;0.5046193188384324;-0.23616409369603983;0.17012433034885574;0.2885377284614452;-0.9565681564974461;-0.8494762282155894;0.8006077152545614;-0.3784015293112913;-0.2645181250467616;-1.0781772674029342;0
1.521581247842258;-1.525579399488761;2.1547217001478516;0.11868748920134273;0.1902520586442288;-0.5627722031860793;-0.6575862869554474;0.1559359456608842;-0.9079994673310604;-0.2645181250467616;1.2712204705729104;0
-0.1260536367305028;0.7619684521475134;2.258673256401933;-0.24137039883124597;0.8291089124561394;0.9139626217315461;2.6685060282203477;0.2633812405931538;-1.5699968898557757;-0.8381087373208438;-1.3601049959600362;0
1.8056562279410098;-1.2110415698887733;1.4270608063692758;-0.34424408112627153;0.14110922373562024;-1.0550171448252879;-0.9774028557223507;1.0692209525852951;-2.2319943123804906;0.38077131376158097;-1.1721531769219693;1
0.9534312876447543;-1.3540133106160406;0.6993999125907002;0.4787453772339319;0.8291089124561394;-0.5627722031860793;-0.6256046300787571;2.0899512544419157;1.077992800243082;1.8864466709810481;-0.7022736293268004;0
1.1238762757040057;-0.15305068850699644;0.8033514688447823;-0.44711776342129705;-0.5960332998935074;0.5201666684201793;0.17393679183850133;0.8006077152545614;-1.0403989518360035;0.5241689668301017;0.9892927420158084;1
0.2716513354077503;-0.38180547367062373;0.9592788032259058;0.17012433034885574;-0.7926046395279416;-0.8581191681696044;-0.8814578850922797;-1.0796849460603355;0.018796924203537846;1.0260607525699244;3.3386904799916532;1
1.7488412319212596;-0.9536924365796925;2.206697478274892;-0.34424408112627153;0.4359662331872709;-0.9565681564974461;-0.7855129144622087;1.7676153696451071;-0.9741992095835335;-0.19281929851250124;-1.1721531769219693;1
0.21483633938799918;1.6769875928020226;-1.275679656236862;-1.2701072217815006;-0.5468904649848988;1.9969014933378049;0.07799182120843032;-0.8110717087296615;-0.7755999828261174;-0.47961460464954275;-0.6082977198077653;0
2.657881168237265;-1.1824472217433197;1.998794365766728;0.17012433034885574;0.5833947379130966;-0.07052726154687088;0.04601016433173998;1.5527247797805679;-1.7685961166131916;-0.2645181250467616;0.143509556344504;0
0.7261713035657527;0.07570409665663118;0.8033514688447823;-0.035623034241195346;-0.006319280990205422;0.9139626217315461;0.20591844871519166;0.1559359456608842;-0.7755999828261174;0.45247014029584137;0.895316832496775;1
2.3738061881385133;-0.8965037402887855;1.479036584496317;0.17012433034885574;0.09196638882701169;0.9139626217315461;0.7176249587422371;1.4990021323144331;-1.1065986940884764;1.2411572321727047;-0.04444226269356291;1
0.8966162916250041;-1.0108811328705993;1.479036584496317;-0.34424408112627153;-0.9400331442537673;-1.0550171448252879;-1.009384512599041;0.20965859312701898;-0.3784015293112913;1.0260607525699244;0.143509556344504;0
1.237506267743506;-1.411202006906947;1.2711334719881524;-0.7557388103063735;-0.05546211589881398;-0.5627722031860793;-0.6895679438321377;0.8006077152545614;-0.7755999828261174;1.7430490179125273;-0.9842013578839007;1
0.7261713035657527;0.8763458447293272;-0.13221253744195766;-0.24137039883124597;0.2885377284614452;-1.0550171448252879;-0.5616413163253764;1.12294360005143;-1.1727984363409465;-0.336216951581022;-0.23239408173163148;0
0.5557263155065022;-1.468390703197854;0.7513756907177411;-0.44711776342129705;0.48510906809587945;-0.9565681564974461;-0.9454211988456604;0.6931624203222918;-0.2460020448063482;0.38077131376158097;-0.7022736293268004;0
1.1806912717237559;-1.6399567920705747;1.1671819157340702;-0.6528651280113479;-0.30117629044185673;-0.9565681564974461;-0.8174945713388991;0.5319944779238874;-0.9079994673310604;2.961929068994953;0.5194131944206395;1
0.7261713035657527;0.8763458447293272;-0.13221253744195766;-0.24137039883124597;0.2885377284614452;-1.0550171448252879;-0.5616413163253764;1.12294360005143;-1.1727984363409465;-0.336216951581022;-0.23239408173163148;0
0.6125413115262524;0.9049401928747807;-0.8078976530934922;0.2729980126438813;-0.20289062062463964;-0.9565681564974461;-0.4656963456953054;0.908053010186831;-0.8417997250785904;0.38077131376158097;-0.32636999125066496;1
0.6125413115262524;-1.2968246143251336;1.531012362623358;0.3758716949389064;-0.05546211589881398;-0.9565681564974461;-0.9134395419689701;-0.16639993913598422;-1.1065986940884764;1.9581454975153085;1.1772445610538753;1
1.2943212637632562;-0.9536924365796925;1.686939697004481;-0.24137039883124597;3.4828219975209986;-0.9565681564974461;-0.8814578850922797;1.0154983051191602;-1.8347958588656617;2.8902302424606927;-0.9842013578839007;0
1.2943212637632562;-0.9536924365796925;1.7389154751315221;-0.24137039883124597;3.4828219975209986;-0.8581191681696044;-0.8814578850922797;1.0154983051191602;-1.8347958588656617;2.961929068994953;-0.9842013578839007;0
1.2943212637632562;-0.49618286625243757;2.1547217001478516;1.713229564774237;1.6153942709938756;-0.9565681564974461;-0.6895679438321377;0.1559359456608842;-1.7023963743607187;0.09397600762454027;2.7748350228774505;1
1.0670612796842547;0.8191571484384204;0.6474241344636591;-0.5499914457163226;-1.3331758235226354;-0.9565681564974461;-0.9134395419689701;0.4782718304577526;-0.9741992095835335;-1.268301696526406;-0.4203459007696984;0
1.0670612796842547;0.8191571484384204;0.6474241344636591;-0.5499914457163226;-1.3331758235226354;-0.9565681564974461;-0.9134395419689701;0.4782718304577526;-0.9741992095835335;-1.268301696526406;-0.4203459007696984;0
1.0670612796842547;0.6761854077111531;0.4914968000825356;-0.6528651280113479;-1.382318658431244;-1.0550171448252879;-1.009384512599041;0.8006077152545614;-0.9741992095835335;-1.6267958291977076;-0.4203459007696984;1
1.86247122396076;-1.1824472217433197;1.479036584496317;0.3758716949389064;-0.006319280990205422;1.8984525050099632;0.6856433018655467;1.8750606645773766;0.018796924203537846;1.9581454975153085;0.3314613753825726;1
0.5557263155065022;-0.7821263477069718;0.6993999125907002;0.17012433034885574;-0.3994619602590739;-0.5627722031860793;-0.6256046300787571;0.908053010186831;0.1511964087084809;0.7392654464328828;-0.23239408173163148;1
0.5557263155065022;1.419638459492942;0.023714796939165797;0.3758716949389064;-0.1537477857160311;0.8155136334037044;0.33384507622195303;0.908053010186831;-0.047402818048932205;0.16567483415880063;0.143509556344504;1
0.498911319486751;-0.6677489551251583;1.2191576938611113;0.06725064805383019;-1.284032988614027;-0.365874226530396;-0.6575862869554474;-0.8110717087296615;0.1511964087084809;1.0260607525699244;2.680859113358417;1
0.32846633142750054;-0.7249376514160648;1.2711334719881524;0.17012433034885574;-1.4314614933398524;-0.26742523820255426;-0.5936229732020667;-0.918517003661931;0.018796924203537846;1.8147478444467877;2.7748350228774505;1
0.21483633938799918;0.9335345410202335;0.23161790944733013;0.5816190595289574;0.23939489355283666;0.7170646450758627;1.1333864981392114;1.8750606645773766;1.077992800243082;0.6675666198986224;1.083268651534842;1
1.3511362597830063;-1.0108811328705993;1.3750850282422347;0.17012433034885574;-0.5468904649848988;-1.0550171448252879;-0.9454211988456604;0.2633812405931538;-1.1065986940884764;0.022277181090279895;0.5194131944206395;1
-0.29649862478975375;-0.03867329592518263;-0.08023675931491651;-0.5499914457163226;-0.006319280990205422;-0.16897624987471258;-0.24182474755847305;0.908053010186831;0.7469940889807261;0.022277181090279895;-1.3601049959600362;1
-0.6373886009082558;-1.068069829161506;0.2835936875743713;0.06725064805383019;0.4359662331872709;2.6860444116326967;2.156799518193302;-0.058954644203654996;0.018796924203537846;1.0260607525699244;0.6133891039396729;0
1.3511362597830063;-1.0108811328705993;1.3750850282422347;0.17012433034885574;-0.5468904649848988;-1.0550171448252879;-0.9454211988456604;0.2633812405931538;-1.1065986940884764;0.022277181090279895;0.5194131944206395;1
0.21483633938799918;0.9335345410202335;0.23161790944733013;0.5816190595289574;0.23939489355283666;0.7170646450758627;1.1333864981392114;1.8750606645773766;1.077992800243082;0.6675666198986224;1.083268651534842;1
-0.29649862478975375;-0.03867329592518263;-0.08023675931491651;-0.5499914457163226;-0.006319280990205422;-0.16897624987471258;-0.24182474755847305;0.908053010186831;0.7469940889807261;0.022277181090279895;-1.3601049959600362;1
1.1806912717237559;-0.49618286625243757;2.4146005907830568;4.233634781002361;-0.35031912535046533;2.1937994699934884;0.9734782137557597;1.2303888949836994;-0.9741992095835335;1.456253711775486;1.4591722896109773;1
1.1806912717237559;-0.49618286625243757;2.4146005907830568;4.233634781002361;-0.35031912535046533;2.1937994699934884;0.9734782137557597;1.2303888949836994;-0.9741992095835335;1.456253711775486;1.4591722896109773;1
1.237506267743506;-1.525579399488761;1.0632303594799877;-0.5499914457163226;-0.1537477857160311;-0.9565681564974461;-0.6895679438321377;0.4782718304577526;-0.9079994673310604;2.818531415926432;0.42543728490160604;1
1.237506267743506;-1.6399567920705747;0.8033514688447823;-0.6528651280113479;-0.20289062062463964;-0.9565681564974461;-0.7535312575855184;0.4782718304577526;-0.7094002405736474;2.8902302424606927;0.3314613753825726;1
1.0670612796842547;-0.21023938479790336;1.8948428095126457;0.4787453772339319;-0.4486047951676824;-0.5627722031860793;-0.6256046300787571;0.0484906507286146;-1.0403989518360035;0.9543619260356639;1.9290518372061463;1
1.1806912717237559;-1.6399567920705747;1.011254581352947;-0.6528651280113479;-0.30117629044185673;-0.9565681564974461;-0.7855129144622087;0.4782718304577526;-0.4446012715637613;2.6751337628579113;0.3314613753825726;1
1.6352112398817582;0.8191571484384204;1.479036584496317;-0.1384967165362209;0.14110922373562024;-0.9565681564974461;-1.0413661694757315;1.7676153696451071;-0.9741992095835335;0.45247014029584137;-0.8902254483648673;1
0.9534312876447543;0.36164757811116505;0.23161790944733013;-0.24137039883124597;0.4359662331872709;1.0124116100593878;0.5257350174820951;1.4452794848482386;-0.9079994673310604;-0.12112047197824086;-0.23239408173163148;1
2.8283261562965167;-1.3540133106160406;2.518552147037139;0.3758716949389064;0.14110922373562024;0.7170646450758627;-0.08191646317502137;1.0154983051191602;-1.8347958588656617;0.237373660693061;0.895316832496775;1
2.3169911921187634;-0.6105602588342514;1.1671819157340702;2.2275979762493643;-0.3994619602590739;0.3232686917644959;-0.08191646317502137;0.5857171253900222;-1.9671953433706046;-0.2645181250467616;-0.8902254483648673;0
0.9534312876447543;0.36164757811116505;0.23161790944733013;-0.24137039883124597;0.4359662331872709;1.0124116100593878;0.5257350174820951;1.4452794848482386;-0.9079994673310604;-0.12112047197824086;-0.23239408173163148;1
1.3511362597830063;-0.7249376514160648;1.1152061376070288;-0.34424408112627153;2.155965454988569;-0.07052726154687088;0.10997347808512066;0.6931624203222918;-1.9009956011181346;1.1694584056384452;-0.7022736293268004;1
1.237506267743506;-0.09586199221608953;1.9468185876396868;-0.035623034241195346;1.2713944266336157;-0.9565681564974461;-0.9774028557223507;0.3171038880592886;-1.5037971476033056;0.09397600762454027;1.2712204705729104;1
1.237506267743506;-0.09586199221608953;1.9468185876396868;-0.035623034241195346;1.2713944266336157;-0.9565681564974461;-0.9774028557223507;0.3171038880592886;-1.5037971476033056;0.09397600762454027;1.2712204705729104;1
0.10120634734849886;0.7333741040020599;1.1671819157340702;3.770703210674746;2.0085369502627435;1.8000035166821216;3.372102479507535;2.304841844306455;-0.047402818048932205;3.5355196812690344;-1.0781772674029342;0
2.3738061881385133;0.418836274402072;1.1671819157340702;1.918976929364288;0.9273945822733565;-1.0550171448252879;-1.009384512599041;2.304841844306455;-0.4446012715637613;0.6675666198986224;1.365196380091944;1
1.1806912717237559;0.4760249706929789;1.1671819157340702;-0.34424408112627153;5.841678073134208;-1.0550171448252879;-0.9454211988456604;1.4452794848482386;-1.0403989518360035;-0.12112047197824086;-1.9239604530742387;0
1.4647662518225077;-1.8115228809432955;1.1671819157340702;0.3758716949389064;0.3376805633700538;-0.46432321485823763;-0.4337146888186151;0.2633812405931538;-0.6432004983211744;0.237373660693061;1.1772445610538753;1
-0.5805736048885056;-0.925098088434239;1.1671819157340702;0.06725064805383019;0.3376805633700538;2.29224845832133;1.9329279200564697;-0.058954644203654996;0.28359589321342393;0.9543619260356639;0.5194131944206395;0
0.839801295605254;-1.5827680957796677;1.1671819157340702;0.2729980126438813;0.3376805633700538;-0.07052726154687088;-0.4017330319419247;0.8006077152545614;0.680794346728253;1.8147478444467877;-0.4203459007696984;1
-0.4101286168292546;-0.6677489551251583;1.1671819157340702;-0.44711776342129705;0.3376805633700538;0.02792172678097082;-0.08191646317502137;0.6931624203222918;1.077992800243082;-0.04942164544398048;-1.2661290864410029;0
-0.06923864071075263;-0.7821263477069718;1.1671819157340702;-0.1384967165362209;0.8782517473647479;3.0798403649440633;2.796432655727109;0.639439772856157;0.4159953777183669;2.4600372832551303;-0.6082977198077653;0
0.5557263155065022;-0.7249376514160648;1.1671819157340702;0.06725064805383019;0.1902520586442288;2.1937994699934884;3.0842675676173217;0.5857171253900222;-0.6432004983211744;-0.6947110842523231;-0.9842013578839007;0
0.498911319486751;-0.5533715625433444;1.1671819157340702;-0.035623034241195346;0.23939489355283666;0.7170646450758627;2.252744488823373;0.4782718304577526;-0.5770007560687044;-0.04942164544398048;-0.8902254483648673;0
1.1806912717237559;0.6475910595656996;-0.13221253744195766;0.3758716949389064;1.1731087568163985;1.3077585750429128;0.237900105591882;1.6601700747128374;-0.5108010138162313;0.16567483415880063;-0.5143218102887318;0
-0.5805736048885056;-0.925098088434239;1.1671819157340702;0.06725064805383019;0.3376805633700538;2.29224845832133;1.9329279200564697;-0.058954644203654996;0.28359589321342393;0.9543619260356639;0.5194131944206395;0
-0.7510185929477565;-0.8393150439978787;1.1671819157340702;0.06725064805383019;0.7799660775475308;1.70155452835428;1.2613131256459726;-0.27384523406825384;0.4821951199708399;0.8826630995014036;0.895316832496775;1
-0.06923864071075263;-0.6105602588342514;1.1671819157340702;0.17012433034885574;0.14110922373562024;1.603105540026438;0.3018634193452627;1.12294360005143;0.1511964087084809;0.7392654464328828;-1.6420327245171382;1
0.8966162916250041;0.5904023632747927;-0.13221253744195766;-0.035623034241195346;-0.20289062062463964;-0.9565681564974461;-0.4017330319419247;0.3708265355254234;-1.5037971476033056;-0.5513134311838032;-0.9842013578839007;0
0.44209632346700084;-1.7543341846523886;-0.13221253744195766;-0.34424408112627153;-0.1537477857160311;-1.4488130981366545;-0.5616413163253764;1.2303888949836994;0.614594604475783;1.5996513648440065;-0.13841817221259636;1
2.0329162120200115;-0.8393150439978787;1.1671819157340702;0.2729980126438813;0.8291089124561394;-0.365874226530396;-0.1138981200517117;1.9825059595096464;-1.0403989518360035;-0.2645181250467616;-0.13841817221259636;0
2.0329162120200115;-0.8393150439978787;1.1671819157340702;0.2729980126438813;0.8291089124561394;-0.365874226530396;-0.1138981200517117;1.9825059595096464;-1.0403989518360035;-0.2645181250467616;-0.13841817221259636;0
1.1238762757040057;-1.468390703197854;-0.13221253744195766;-0.34424408112627153;-0.4486047951676824;-0.07052726154687088;-0.4017330319419247;-0.5961811188650626;-0.6432004983211744;0.09397600762454027;2.2109795657632483;1
0.9534312876447543;-0.2674280810888102;-0.13221253744195766;0.2729980126438813;1.0256802520905728;-0.26742523820255426;-0.4337146888186151;1.7676153696451071;-0.2460020448063482;-0.6230122577180627;-0.4203459007696984;1
0.44209632346700084;-1.7543341846523886;-0.13221253744195766;-0.34424408112627153;-0.1537477857160311;-1.4488130981366545;-0.5616413163253764;1.2303888949836994;0.614594604475783;1.5996513648440065;-0.13841817221259636;1
0.8966162916250041;0.5904023632747927;-0.13221253744195766;-0.035623034241195346;-0.20289062062463964;-0.9565681564974461;-0.4017330319419247;0.3708265355254234;-1.5037971476033056;-0.5513134311838032;-0.9842013578839007;0
-0.1260536367305028;1.7055819409474762;-0.13221253744195766;-0.34424408112627153;0.14110922373562024;-1.0550171448252879;-1.0413661694757315;0.2633812405931538;0.3497956354658969;0.8826630995014036;0.23748546586353744;1
2.601066172217515;-1.0108811328705993;1.1671819157340702;3.46208216378967;-0.7434618046193331;-1.0550171448252879;-0.33776971818854407;2.5197324341711136;-0.7755999828261174;0.09397600762454027;1.4591722896109773;1
1.6352112398817582;-0.15305068850699644;2.466576368910098;2.793403228872005;0.9273945822733565;-1.0550171448252879;-0.9134395419689701;1.5527247797805679;-0.6432004983211744;-0.19281929851250124;0.7073650134587064;0
0.498911319486751;0.36164757811116505;-0.13221253744195766;0.8902401064140336;0.976537417181965;0.4217176800923376;0.04601016433173998;1.12294360005143;-0.3784015293112913;0.16567483415880063;-0.7962495388458338;0
0.6693563075460025;-0.38180547367062373;1.1671819157340702;3.976450575264797;-0.8417474744365502;-1.0550171448252879;-0.9134395419689701;1.12294360005143;-0.7094002405736474;0.5958677933643621;0.5194131944206395;1
0.5557263155065022;1.0765062817475008;-0.13221253744195766;-0.34424408112627153;-0.5468904649848988;-1.0550171448252879;-0.8174945713388991;-0.058954644203654996;-1.3051979208458895;-0.40791577811528235;-0.5143218102887318;0
1.6352112398817582;0.7619684521475134;-0.13221253744195766;0.06725064805383019;0.1902520586442288;0.02792172678097082;0.237900105591882;1.391556837382104;-1.7023963743607187;0.5241689668301017;0.5194131944206395;1
3.39647611649402;-1.2396359180342267;2.466576368910098;-0.6528651280113479;-0.30117629044185673;-0.9565681564974461;-0.9774028557223507;2.1973965493741856;-3.026391219410149;1.0260607525699244;-1.9239604530742387;1
0.44209632346700084;-0.32461677737971717;1.1671819157340702;0.17012433034885574;0.6325375728217051;2.1937994699934884;1.9329279200564697;0.8006077152545614;-1.5699968898557757;-0.40791577811528235;-1.2661290864410029;0
-0.46694361284900476;0.13289279294753809;-0.13221253744195766;-0.44711776342129705;-0.1537477857160311;-0.5627722031860793;-0.5616413163253764;0.8543303627206962;0.879393573485669;0.9543619260356639;-0.8902254483648673;1
1.2943212637632562;-1.2396359180342267;1.1671819157340702;0.06725064805383019;-0.6943189697107245;-0.9565681564974461;-0.7855129144622087;1.0692209525852951;-0.3784015293112913;1.527952538309746;0.23748546586353744;1
2.3169911921187634;-1.0108811328705993;1.1671819157340702;0.17012433034885574;-0.10460495080742253;1.1108605983872295;0.7496066156189274;1.4452794848482386;-1.3051979208458895;0.7392654464328828;-0.04444226269356291;1
0.3852813274472507;0.018515400365724275;1.1671819157340702;-0.5499914457163226;4.4165358607845615;-0.9565681564974461;-0.6575862869554474;0.4245491829916178;-0.3122017870588183;-0.2645181250467616;-0.9842013578839007;1
-0.8646485849872574;-0.09586199221608953;-1.327655434363903;-0.34424408112627153;-0.35031912535046533;-0.661221191513921;-0.6575862869554474;-0.488735823932793;0.08499666645601084;-0.6230122577180627;-0.8902254483648673;1
0.6125413115262524;-0.5533715625433444;-0.13221253744195766;0.3758716949389064;0.534251903004488;-0.16897624987471258;-0.01795314942164069;0.6931624203222918;-0.8417997250785904;0.5958677933643621;-0.4203459007696984;1
0.6693563075460025;-0.38180547367062373;-0.13221253744195766;0.2729980126438813;0.534251903004488;-0.16897624987471258;-0.049934806298331025;0.6931624203222918;-1.3051979208458895;0.6675666198986224;-0.4203459007696984;1
-1.887318513342764;2.9351389112019737;-0.13221253744195766;-0.8586124926013987;-1.5297471631570694;1.603105540026438;1.6131113512895665;-1.7780793631202072;2.7991860988073416;-0.19281929851250124;0.9892927420158084;0
4.078256068731024;0.6761854077111531;1.1671819157340702;1.816103247069263;0.6816804077303137;-0.5627722031860793;-0.7215496007088281;3.4598787648285323;-2.62919276589532;0.6675666198986224;0.6133891039396729;0
4.078256068731024;0.6761854077111531;1.1671819157340702;1.816103247069263;0.6816804077303137;-0.5627722031860793;-0.7215496007088281;3.4598787648285323;-2.62919276589532;0.6675666198986224;0.6133891039396729;0
1.4647662518225077;0.018515400365724275;1.1671819157340702;2.2275979762493643;1.811965610628309;-0.5627722031860793;-0.9134395419689701;1.8750606645773766;-1.6361966321082486;-0.6230122577180627;1.1772445610538753;1
4.1350710647507745;0.6761854077111531;1.1671819157340702;1.816103247069263;0.6816804077303137;-0.5627722031860793;-0.7215496007088281;3.4598787648285323;-2.62919276589532;0.6675666198986224;0.6133891039396729;0
1.4647662518225077;0.018515400365724275;1.1671819157340702;2.2275979762493643;1.811965610628309;-0.5627722031860793;-0.9134395419689701;1.8750606645773766;-1.6361966321082486;-0.6230122577180627;1.1772445610538753;1
2.657881168237265;-0.32461677737971717;1.1671819157340702;1.918976929364288;0.1902520586442288;-0.9565681564974461;0.04601016433173998;2.895790966434057;-0.11360256030140518;0.237373660693061;2.117003656244213;1
2.4874361801780136;0.418836274402072;1.1671819157340702;0.3758716949389064;-0.30117629044185673;-1.0550171448252879;-0.8494762282155894;1.4452794848482386;-1.1727984363409465;-0.5513134311838032;0.895316832496775;0
0.3852813274472507;-0.49618286625243757;1.1671819157340702;-0.035623034241195346;-0.1537477857160311;1.0124116100593878;2.412652773206825;0.5857171253900222;-0.5770007560687044;-0.47961460464954275;-1.1721531769219693;0
0.3852813274472507;0.07570409665663118;1.1671819157340702;0.4787453772339319;0.6325375728217051;2.4891464349770134;2.060854547563231;0.8006077152545614;-1.5699968898557757;-0.2645181250467616;-1.1721531769219693;0
-0.4101286168292546;-1.3540133106160406;1.1671819157340702;0.2729980126438813;0.534251903004488;0.9139626217315461;0.46177170372871434;0.20965859312701898;-0.047402818048932205;-0.2645181250467616;-0.32636999125066496;1
2.657881168237265;-0.32461677737971717;1.1671819157340702;1.918976929364288;0.1902520586442288;-0.9565681564974461;0.04601016433173998;2.895790966434057;-0.11360256030140518;0.237373660693061;2.117003656244213;1
2.4874361801780136;0.418836274402072;1.1671819157340702;0.3758716949389064;-0.30117629044185673;-1.0550171448252879;-0.8494762282155894;1.4452794848482386;-1.1727984363409465;-0.5513134311838032;0.895316832496775;0
-1.2055385611057594;-0.9536924365796925;-0.13221253744195766;-0.24137039883124597;0.6816804077303137;0.3232686917644959;-0.1138981200517117;-1.1334075935264702;1.6737904805153243;-0.5513134311838032;1.1772445610538753;1
1.8056562279410098;-1.0108811328705993;1.1671819157340702;0.8902401064140336;-0.5468904649848988;-0.5627722031860793;-0.27380640443516335;1.9287833120435114;0.018796924203537846;1.8864466709810481;0.5194131944206395;1
-1.2055385611057594;-0.9536924365796925;-0.13221253744195766;-0.24137039883124597;0.6816804077303137;0.3232686917644959;-0.1138981200517117;-1.1334075935264702;1.6737904805153243;-0.5513134311838032;1.1772445610538753;1
1.0670612796842547;-1.6399567920705747;1.1671819157340702;-0.035623034241195346;-0.30117629044185673;-0.5627722031860793;-0.5616413163253764;0.5857171253900222;-1.1727984363409465;-0.2645181250467616;-0.04444226269356291;0
1.237506267743506;0.36164757811116505;1.1671819157340702;-0.34424408112627153;-0.5468904649848988;-0.16897624987471258;0.04601016433173998;1.2841115424498342;-0.11360256030140518;-0.6230122577180627;-0.7962495388458338;0
1.2943212637632562;-1.068069829161506;1.1671819157340702;0.7873664241190085;-0.1537477857160311;0.4217176800923376;1.0374415275091404;1.3378341899159691;-0.8417997250785904;0.38077131376158097;-0.4203459007696984;1
2.260176196099013;-1.468390703197854;1.1671819157340702;0.684492741823983;-0.10460495080742253;1.2093095867150712;0.014028507455049645;1.391556837382104;-0.7755999828261174;1.0977595791041848;-0.23239408173163148;1
0.8966162916250041;-0.15305068850699644;-0.13221253744195766;-0.1384967165362209;1.0748230869991815;-0.9565681564974461;-1.009384512599041;0.5857171253900222;0.1511964087084809;-0.9098075638551042;-0.4203459007696984;0
0.2716513354077503;-0.49618286625243757;1.1671819157340702;0.3758716949389064;0.09196638882701169;0.22481970343665422;2.0928362044399216;0.8006077152545614;-0.11360256030140518;-0.336216951581022;-0.8902254483648673;0
0.2716513354077503;-0.32461677737971717;1.1671819157340702;0.4787453772339319;0.1902520586442288;0.1263707151088125;2.060854547563231;0.8006077152545614;-0.17980230255387525;-0.336216951581022;-0.6082977198077653;0
1.2943212637632562;-1.2396359180342267;1.1671819157340702;-0.24137039883124597;-0.8908903093451588;0.22481970343665422;-0.17786143380509237;0.4782718304577526;-1.1727984363409465;-0.9815063903893646;-0.6082977198077653;1
2.260176196099013;-0.15305068850699644;1.1671819157340702;-0.24137039883124597;0.38682339827866236;-1.0550171448252879;-1.009384512599041;1.8750606645773766;-0.8417997250785904;-1.4833981761291868;-0.7962495388458338;0
2.260176196099013;-0.15305068850699644;1.1671819157340702;-0.24137039883124597;0.38682339827866236;-1.0550171448252879;-1.009384512599041;1.8750606645773766;-0.8417997250785904;-1.4833981761291868;-0.7962495388458338;0
1.91928621998051;-0.21023938479790336;1.1671819157340702;-0.24137039883124597;0.09196638882701169;-1.0550171448252879;-0.9774028557223507;1.7676153696451071;-0.8417997250785904;-1.5550970026634472;-1.1721531769219693;0
2.0897312080397614;-1.411202006906947;1.1671819157340702;-0.5499914457163226;-0.35031912535046533;-0.5627722031860793;-0.7855129144622087;0.4782718304577526;-2.2319943123804906;0.09397600762454027;-0.5143218102887318;1
1.9761012160002611;-1.1252585254524128;1.1671819157340702;0.9931137887090591;0.5833947379130966;3.7689832832389554;1.101404841262521;1.8750606645773766;-0.11360256030140518;0.8109642729671432;0.23748546586353744;1
-0.4101286168292546;-0.09586199221608953;-0.13221253744195766;-0.035623034241195346;0.48510906809587945;-0.7596701798417628;-0.24182474755847305;0.6931624203222918;1.011793057990612;0.09397600762454027;-0.7962495388458338;1
1.578396243862008;-1.2396359180342267;1.1671819157340702;0.2729980126438813;0.6325375728217051;0.02792172678097082;0.04601016433173998;1.0154983051191602;-1.3051979208458895;2.6751337628579113;0.143509556344504;1
-0.5805736048885056;1.1622893261838612;-0.13221253744195766;-0.5499914457163226;1.3205372615422242;0.22481970343665422;1.8050012925497085;-0.005231996737520196;-0.3784015293112913;-0.40791577811528235;-1.0781772674029342;0
-1.887318513342764;-0.6105602588342514;-0.13221253744195766;-0.44711776342129705;-1.0383188140709845;0.3232686917644959;0.141955134961811;-2.691364370044558;2.6667866143023984;0.6675666198986224;3.3386904799916532;1
1.0670612796842547;-1.3540133106160406;1.1671819157340702;0.17012433034885574;-1.087461648979593;-1.0550171448252879;-1.0413661694757315;0.4782718304577526;-1.7685961166131916;0.6675666198986224;0.04953364682547054;1
0.3852813274472507;-0.4389941699615306;1.1671819157340702;0.17012433034885574;0.14110922373562024;0.5201666684201793;0.9414965568790694;1.0692209525852951;0.21739615096095385;-0.5513134311838032;-0.7022736293268004;0
-0.9782785770267582;-0.7821263477069718;1.1671819157340702;-0.7557388103063735;-0.5468904649848988;0.7170646450758627;3.308139165754154;-2.422751132713884;-1.3051979208458895;-1.053205216923625;0.9892927420158084;1
0.3852813274472507;-0.4389941699615306;1.1671819157340702;0.17012433034885574;0.14110922373562024;0.5201666684201793;0.9414965568790694;1.0692209525852951;0.21739615096095385;-0.5513134311838032;-0.7022736293268004;0
0.8966162916250041;-0.21023938479790336;1.6349639188774399;1.0959874710040847;0.6325375728217051;-0.661221191513921;-0.08191646317502137;1.9825059595096464;-0.17980230255387525;-0.47961460464954275;-1.3601049959600362;0
-0.2396836287700031;1.1051006298929542;-0.49604298433124533;0.17012433034885574;0.7308232426389222;0.4217176800923376;-0.24182474755847305;0.5857171253900222;0.54839486222331;-0.8381087373208438;-0.8902254483648673;0
0.32846633142750054;0.3902419262566185;0.7513756907177411;5.622429491985204;0.23939489355283666;1.4062075633707545;2.0288728906865408;1.6601700747128374;-0.3122017870588183;-0.5513134311838032;-1.0781772674029342;0
2.3169911921187634;-0.7249376514160648;1.2711334719881524;-0.44711776342129705;-1.087461648979593;-0.9565681564974461;-0.6895679438321377;1.4452794848482386;-1.8347958588656617;-0.336216951581022;-1.0781772674029342;1
2.0329162120200115;0.30445888182025815;1.6349639188774399;-0.5499914457163226;-0.49774763007629097;-1.0550171448252879;-0.8814578850922797;0.6931624203222918;-1.5037971476033056;-0.12112047197824086;-0.4203459007696984;1
0.10120634734849886;0.33305322996571163;-0.4440672062042043;-0.34424408112627153;-0.1537477857160311;-1.0550171448252879;-0.49767800257199574;-0.005231996737520196;-0.7755999828261174;-1.1966028699921456;-0.6082977198077653;1
2.4874361801780136;0.36164757811116505;0.9592788032259058;-0.1384967165362209;0.04282355391840313;-0.46432321485823763;-0.7535312575855184;1.7676153696451071;-2.099594827875548;0.38077131376158097;-1.0781772674029342;1
-0.06923864071075263;2.2202802075656383;0.023714796939165797;-0.34424408112627153;0.3376805633700538;-0.8581191681696044;-0.7215496007088281;-0.27384523406825384;-0.3784015293112913;-1.268301696526406;-0.4203459007696984;0
2.7715111602767655;-0.38180547367062373;1.3231092501151935;-0.24137039883124597;-0.49774763007629097;-0.365874226530396;-0.33776971818854407;2.0899512544419157;-1.4375974053508327;-0.6230122577180627;-1.3601049959600362;1
-0.3533136208095039;1.762770637238383;-1.3796312124909442;0.17012433034885574;-0.006319280990205422;-0.9565681564974461;-1.009384512599041;0.4245491829916178;-0.11360256030140518;-0.9098075638551042;-1.0781772674029342;0
2.7715111602767655;-0.38180547367062373;1.3231092501151935;-0.24137039883124597;-0.49774763007629097;-0.365874226530396;-0.33776971818854407;2.0899512544419157;-1.4375974053508327;-0.6230122577180627;-1.3601049959600362;1
-0.012423644691001457;0.30445888182025815;-0.7039460968394098;0.4787453772339319;0.7308232426389222;-0.16897624987471258;0.5577166743587854;0.908053010186831;-0.9741992095835335;-0.19281929851250124;-1.2661290864410029;1
-0.012423644691001457;0.418836274402072;-0.7039460968394098;0.17012433034885574;0.1902520586442288;-0.9565681564974461;-0.6895679438321377;0.908053010186831;-0.047402818048932205;-0.40791577811528235;-1.1721531769219693;1
0.6125413115262524;-0.6677489551251583;1.1152061376070288;2.2275979762493643;-0.4486047951676824;-0.5627722031860793;-0.8174945713388991;0.3171038880592886;0.1511964087084809;1.0260607525699244;1.6471241086490442;1
0.2716513354077503;-0.2674280810888102;0.7513756907177411;0.8902401064140336;0.534251903004488;1.0124116100593878;0.20591844871519166;0.8006077152545614;-0.047402818048932205;-0.8381087373208438;0.04953364682547054;1
1.0102462836645045;0.7047797558566065;0.5434725782095767;2.7419663877244913;1.4188229313594414;-0.46432321485823763;0.6216799881121661;3.164404203764731;0.018796924203537846;-0.04942164544398048;-0.04444226269356291;1
-1.1487235650860093;-0.9536924365796925;-0.39209142807716313;0.7873664241190085;-0.30117629044185673;-0.07052726154687088;-0.2098430906817827;-0.5961811188650626;1.6075907382628543;-0.9098075638551042;2.117003656244213;1
0.2716513354077503;-1.6399567920705747;1.4270608063692758;0.06725064805383019;0.09196638882701169;0.9139626217315461;0.36582673309864333;0.8543303627206962;0.4821951199708399;-0.7664099107865834;-1.1721531769219693;0
2.7715111602767655;-0.8393150439978787;1.479036584496317;0.2729980126438813;-0.006319280990205422;-1.0550171448252879;-0.9454211988456604;2.0899512544419157;-2.2319943123804906;-0.7664099107865834;-0.9842013578839007;0
-0.46694361284900476;0.6475910595656996;-1.3796312124909442;-0.035623034241195346;-0.20289062062463964;0.22481970343665422;-0.5296596594486861;-0.11267729166978979;0.018796924203537846;-0.336216951581022;-0.4203459007696984;1
-0.06923864071075263;-0.7821263477069718;0.595448356336618;-0.9614861748964243;-1.1366044838882012;-0.5627722031860793;-0.5296596594486861;-0.27384523406825384;-0.3784015293112913;0.6675666198986224;-0.6082977198077653;0
0.498911319486751;1.3052610669111284;-0.4440672062042043;-0.24137039883124597;3.2862506578865642;-0.5627722031860793;1.8369829494263987;0.1022132981947494;-2.960191477157676;5.112893865022762;-0.23239408173163148;1
0.7261713035657527;0.418836274402072;1.2191576938611113;-0.1384967165362209;-0.10460495080742253;1.2093095867150712;0.8135699293723081;1.6064474272467026;1.210392284748025;-0.5513134311838032;-0.7022736293268004;0
0.7261713035657527;0.418836274402072;1.2191576938611113;-0.1384967165362209;-0.10460495080742253;1.2093095867150712;0.8135699293723081;1.6064474272467026;1.210392284748025;-0.5513134311838032;-0.7022736293268004;0
1.8056562279410098;-1.2396359180342267;1.2711334719881524;-0.24137039883124597;-0.10460495080742253;-0.16897624987471258;-0.5616413163253764;0.8006077152545614;-1.9009956011181346;2.0298443240495687;-0.6082977198077653;1
1.7488412319212596;-0.38180547367062373;1.2191576938611113;0.2729980126438813;2.0085369502627435;-1.1534661331531295;-0.9134395419689701;2.0899512544419157;-1.2389981785934194;0.38077131376158097;-0.23239408173163148;0
1.6920262359015095;-0.8965037402887855;0.7513756907177411;-0.1384967165362209;0.3376805633700538;-0.9565681564974461;-0.9454211988456604;1.12294360005143;-1.5037971476033056;1.0977595791041848;-1.0781772674029342;0
-0.012423644691001457;0.07570409665663118;-0.13221253744195766;0.9931137887090591;-0.2520334555332482;0.02792172678097082;2.124817861316612;0.4782718304577526;-0.3122017870588183;-0.2645181250467616;-0.9842013578839007;0
-0.06923864071075263;0.19008148923844498;-0.18418831556899867;0.9931137887090591;-0.1537477857160311;-0.16897624987471258;1.8689646063030891;0.4782718304577526;-0.2460020448063482;-0.19281929851250124;-0.9842013578839007;0
0.9534312876447543;0.30445888182025815;-0.23616409369603983;-0.5499914457163226;-0.05546211589881398;-0.661221191513921;-0.4337146888186151;0.3708265355254234;-1.2389981785934194;-0.6947110842523231;-0.8902254483648673;0
-0.2396836287700031;-0.09586199221608953;-0.08023675931491651;0.4787453772339319;-0.20289062062463964;0.5201666684201793;-0.01795314942164069;0.3708265355254234;1.144192542495555;2.2449408036523493;1.553148199130011;1
-0.8646485849872574;0.9335345410202335;-1.3796312124909442;3.2563347991996188;2.1068226200799605;0.5201666684201793;0.3978083899753337;1.6064474272467026;0.9455933157381391;0.5241689668301017;-0.23239408173163148;0
-0.8646485849872574;0.9335345410202335;-1.3796312124909442;3.2563347991996188;2.1068226200799605;0.5201666684201793;0.3978083899753337;1.6064474272467026;0.9455933157381391;0.5241689668301017;-0.23239408173163148;0
0.2716513354077503;0.418836274402072;0.12766635319324782;-0.24137039883124597;0.8291089124561394;-1.0550171448252879;-0.9774028557223507;1.12294360005143;0.28359589321342393;-1.1249040434578854;-1.2661290864410029;0
0.2716513354077503;0.418836274402072;0.12766635319324782;-0.24137039883124597;0.8291089124561394;-1.0550171448252879;-0.9774028557223507;1.12294360005143;0.28359589321342393;-1.1249040434578854;-1.2661290864410029;0
0.21483633938799918;0.07570409665663118;-0.02826098118787536;0.06725064805383019;0.7799660775475308;-0.8581191681696044;-0.4656963456953054;0.4782718304577526;-0.3122017870588183;-0.336216951581022;-1.0781772674029342;1
-0.4101286168292546;0.9049401928747807;-0.18418831556899867;-0.1384967165362209;1.4679657662680499;0.4217176800923376;1.2293314687692825;-0.16639993913598422;-0.7094002405736474;-0.2645181250467616;-1.0781772674029342;0
0.21483633938799918;0.07570409665663118;-0.02826098118787536;0.06725064805383019;0.7799660775475308;-0.8581191681696044;-0.4656963456953054;0.4782718304577526;-0.3122017870588183;-0.336216951581022;-1.0781772674029342;1
1.1806912717237559;-1.411202006906947;1.4270608063692758;0.2729980126438813;1.1731087568163985;-1.0550171448252879;-0.8494762282155894;1.12294360005143;-0.4446012715637613;-0.12112047197824086;-0.8902254483648673;0
-0.4101286168292546;-0.6677489551251583;-0.6519703187123687;0.5816190595289574;0.2885377284614452;0.5201666684201793;-0.08191646317502137;-0.16639993913598422;0.018796924203537846;-0.5513134311838032;0.04953364682547054;1
1.0102462836645045;2.334657600147452;-0.23616409369603983;0.9931137887090591;1.1731087568163985;-0.46432321485823763;1.293294782522663;2.304841844306455;0.7469940889807261;-0.04942164544398048;0.8013409229777415;0
-0.2396836287700031;-1.0108811328705993;-0.288139871823081;-0.5499914457163226;-0.3994619602590739;2.9813913766162217;1.8050012925497085;-0.16639993913598422;-0.3122017870588183;-0.47961460464954275;-0.8902254483648673;0
0.21483633938799918;1.7913649853838365;-1.3796312124909442;-1.0643598571914499;-0.7926046395279416;0.8155136334037044;-0.4017330319419247;-0.7036264137973919;-0.3122017870588183;-0.6947110842523231;-0.7022736293268004;0
0.7261713035657527;2.020119770547464;0.07569057506620695;-0.035623034241195346;0.23939489355283666;1.4062075633707545;3.2441758520007737;0.639439772856157;-0.5108010138162313;-0.8381087373208438;-0.9842013578839007;0
0.6693563075460025;2.0487141186929176;0.023714796939165797;-0.1384967165362209;0.14110922373562024;1.5046565516985961;3.180212538247393;0.5857171253900222;-0.5108010138162313;-0.8381087373208438;-0.9842013578839007;0
-0.3533136208095039;2.2202802075656383;-0.7559218749664509;-0.24137039883124597;3.0405364833435216;-0.8581191681696044;-0.7215496007088281;-0.16639993913598422;0.21739615096095385;0.022277181090279895;-0.23239408173163148;1
0.32846633142750054;-1.3540133106160406;0.4395210219554945;-0.5499914457163226;-0.6943189697107245;0.9139626217315461;0.36582673309864333;0.1559359456608842;-0.9079994673310604;5.112893865022762;-0.13841817221259636;1
0.8966162916250041;0.07570409665663118;0.9592788032259058;-0.1384967165362209;-0.49774763007629097;0.02792172678097082;-0.17786143380509237;1.2841115424498342;0.4821951199708399;-0.19281929851250124;-0.9842013578839007;0
0.6693563075460025;0.36164757811116505;0.9073030250988646;-0.1384967165362209;-0.49774763007629097;0.5201666684201793;0.7176249587422371;1.3378341899159691;0.9455933157381391;-0.12112047197824086;-0.8902254483648673;0
0.8966162916250041;0.07570409665663118;0.9592788032259058;-0.1384967165362209;-0.49774763007629097;0.02792172678097082;-0.17786143380509237;1.2841115424498342;0.4821951199708399;-0.19281929851250124;-0.9842013578839007;0
0.6693563075460025;0.36164757811116505;0.9073030250988646;-0.1384967165362209;-0.49774763007629097;0.5201666684201793;0.7176249587422371;1.3378341899159691;0.9455933157381391;-0.12112047197824086;-0.8902254483648673;0
0.8966162916250041;0.07570409665663118;0.9592788032259058;-0.1384967165362209;-0.49774763007629097;0.02792172678097082;-0.17786143380509237;1.2841115424498342;0.4821951199708399;-0.19281929851250124;-0.9842013578839007;0
-0.29649862478975375;0.6475910595656996;-0.8598734312205332;3.667829528379721;1.664537105902484;-1.0550171448252879;-1.105329483229112;0.908053010186831;0.3497956354658969;0.3090724872273206;-0.32636999125066496;1
-0.5805736048885056;0.8191571484384204;-1.1197523218557388;1.1988611532991102;1.2713944266336157;-0.9565681564974461;-0.8174945713388991;0.2633812405931538;0.54839486222331;-0.12112047197824086;-0.32636999125066496;0
-0.012423644691001457;1.8199593335292898;-1.327655434363903;-0.24137039883124597;-0.5468904649848988;-1.0550171448252879;-1.009384512599041;-0.005231996737520196;0.018796924203537846;-0.47961460464954275;0.5194131944206395;0
0.21483633938799918;-0.2674280810888102;0.17964213132028897;0.3758716949389064;-0.7434618046193331;-0.5627722031860793;-0.5616413163253764;-0.16639993913598422;0.08499666645601084;0.16567483415880063;0.7073650134587064;1
1.3511362597830063;-0.5533715625433444;0.6474241344636591;-0.24137039883124597;1.2222515917250072;-0.7596701798417628;-0.4337146888186151;1.0154983051191602;-2.827791992652733;-1.053205216923625;-0.7962495388458338;0
0.839801295605254;2.020119770547464;-0.08023675931491651;0.06725064805383019;1.12396592190779;1.8984525050099632;3.500029107014296;2.304841844306455;0.614594604475783;0.16567483415880063;0.7073650134587064;0
4.305516052810026;-0.9536924365796925;1.998794365766728;5.210934762805102;0.7308232426389222;0.618615656748021;0.8135699293723081;0.4782718304577526;-2.2319943123804906;1.3845548852412255;4.184473665662957;0
0.6125413115262524;-1.1252585254524128;1.686939697004481;0.3758716949389064;-0.10460495080742253;-0.661221191513921;-0.49767800257199574;0.4782718304577526;-1.3051979208458895;-0.7664099107865834;1.4591722896109773;1
0.15802134336824902;-0.32461677737971717;1.0632303594799877;-0.035623034241195346;-0.35031912535046533;-0.8581191681696044;-0.5296596594486861;0.639439772856157;-1.5699968898557757;-1.340000523060666;-0.8902254483648673;0
0.7829862995855028;0.13289279294753809;-0.49604298433124533;0.4787453772339319;0.2885377284614452;0.4217176800923376;0.237900105591882;1.9825059595096464;-1.1727984363409465;-0.2645181250467616;-0.9842013578839007;0
1.3511362597830063;-0.5533715625433444;0.6474241344636591;-0.24137039883124597;1.2222515917250072;-0.7596701798417628;-0.4337146888186151;1.0154983051191602;-2.827791992652733;-1.053205216923625;-0.7962495388458338;0
2.0897312080397614;-0.15305068850699644;1.686939697004481;-1.0643598571914499;-0.3994619602590739;0.7170646450758627;-0.1138981200517117;0.6931624203222918;-2.62919276589532;0.237373660693061;0.04953364682547054;1
-0.6373886009082558;-0.03867329592518263;-1.0158007656016563;-1.0643598571914499;-0.35031912535046533;-1.0550171448252879;-0.8174945713388991;0.3171038880592886;0.018796924203537846;1.1694584056384452;-0.7962495388458338;1
-0.6942035969280064;1.7913649853838365;-1.275679656236862;2.021850611659314;0.7308232426389222;-1.0550171448252879;-1.0413661694757315;0.1559359456608842;0.614594604475783;-0.5513134311838032;0.5194131944206395;0
-0.6373886009082558;-0.03867329592518263;-1.0158007656016563;-1.0643598571914499;-0.35031912535046533;-1.0550171448252879;-0.8174945713388991;0.3171038880592886;0.018796924203537846;1.1694584056384452;-0.7962495388458338;1
-0.46694361284900476;-0.6105602588342514;0.23161790944733013;-0.8586124926013987;-0.05546211589881398;-0.07052726154687088;-0.1138981200517117;0.5857171253900222;-0.047402818048932205;-0.04942164544398048;-1.3601049959600362;0
-0.6373886009082558;0.24727018552935126;-1.0677765437286977;-0.8586124926013987;-0.2520334555332482;-0.661221191513921;-0.5936229732020667;0.2633812405931538;0.28359589321342393;0.38077131376158097;-0.7962495388458338;1
1.0102462836645045;-1.411202006906947;1.011254581352947;-0.6528651280113479;-1.5297471631570694;-1.0550171448252879;-1.0413661694757315;0.3708265355254234;-1.8347958588656617;1.0260607525699244;-0.23239408173163148;1
2.146546204059512;-0.7249376514160648;1.3231092501151935;-0.44711776342129705;0.534251903004488;-0.07052726154687088;0.2698817624685723;1.7676153696451071;-1.9009956011181346;0.09397600762454027;-0.23239408173163148;0
0.6125413115262524;0.36164757811116505;-0.6519703187123687;-0.44711776342129705;0.14110922373562024;0.9139626217315461;0.07799182120843032;0.7468850677884267;-1.1727984363409465;-0.6230122577180627;-0.7022736293268004;0
1.6920262359015095;-1.068069829161506;0.9592788032259058;-0.44711776342129705;0.04282355391840313;-0.9565681564974461;-0.9774028557223507;1.12294360005143;-2.496793281390377;0.09397600762454027;-1.1721531769219693;1
0.9534312876447543;1.1622893261838612;0.8553272469718234;-0.1384967165362209;-1.087461648979593;-0.07052726154687088;-0.4656963456953054;-0.058954644203654996;-1.1065986940884764;-0.5513134311838032;0.5194131944206395;0
1.6920262359015095;-1.068069829161506;0.9592788032259058;-0.44711776342129705;0.04282355391840313;-0.9565681564974461;-0.9774028557223507;1.12294360005143;-2.496793281390377;0.09397600762454027;-1.1721531769219693;1
-0.8078335889675067;-0.7249376514160648;-0.13221253744195766;0.06725064805383019;0.09196638882701169;1.4062075633707545;-0.01795314942164069;-0.4350131764666582;-0.3784015293112913;-0.47961460464954275;-0.4203459007696984;0
-0.06923864071075263;1.1622893261838612;-0.288139871823081;-0.7557388103063735;-0.35031912535046533;-1.0550171448252879;-1.0413661694757315;0.0484906507286146;-0.7755999828261174;-0.9098075638551042;-0.8902254483648673;0
-0.06923864071075263;1.1622893261838612;-0.288139871823081;-0.7557388103063735;-0.35031912535046533;-1.0550171448252879;-1.0413661694757315;0.0484906507286146;-0.7755999828261174;-0.9098075638551042;-0.8902254483648673;0
1.4079512558027576;-0.7249376514160648;0.7513756907177411;-0.24137039883124597;0.14110922373562024;-0.8581191681696044;-0.9134395419689701;0.908053010186831;-1.5699968898557757;0.16567483415880063;-1.0781772674029342;1
0.5557263155065022;-0.6677489551251583;0.6474241344636591;-0.24137039883124597;-0.8417474744365502;-0.365874226530396;-0.4656963456953054;0.908053010186831;-0.3784015293112913;0.022277181090279895;-0.23239408173163148;0
1.4079512558027576;-0.7249376514160648;0.7513756907177411;-0.24137039883124597;0.14110922373562024;-0.8581191681696044;-0.9134395419689701;0.908053010186831;-1.5699968898557757;0.16567483415880063;-1.0781772674029342;1
0.15802134336824902;1.5626102002202094;-0.8078976530934922;-0.1384967165362209;0.14110922373562024;-0.365874226530396;-0.4656963456953054;0.639439772856157;0.54839486222331;-1.1966028699921456;-0.5143218102887318;0
-0.012423644691001457;1.4482328076383957;-0.8598734312205332;0.17012433034885574;-0.006319280990205422;2.88294238828838;1.3252764393993535;0.8543303627206962;1.077992800243082;-0.8381087373208438;-0.4203459007696984;0
1.4079512558027576;-1.525579399488761;0.9592788032259058;0.8902401064140336;-1.0383188140709845;0.4217176800923376;0.10997347808512066;0.2633812405931538;-1.2389981785934194;-0.7664099107865834;-0.7962495388458338;0
2.8283261562965167;-0.5533715625433444;1.6349639188774399;-0.5499914457163226;-0.5468904649848988;-0.07052726154687088;-0.17786143380509237;1.9825059595096464;-1.7023963743607187;-1.1249040434578854;-1.3601049959600362;0
-0.18286863275025295;-0.4389941699615306;-0.18418831556899867;-0.24137039883124597;0.6325375728217051;0.02792172678097082;-0.5296596594486861;-0.27384523406825384;-0.7094002405736474;-1.1249040434578854;-0.23239408173163148;1
0.10120634734849886;-0.38180547367062373;0.23161790944733013;-0.18993355768373343;-0.1537477857160311;1.603105540026438;0.3978083899753337;0.6931624203222918;0.08499666645601084;-0.7664099107865834;-0.6082977198077653;0
-0.1260536367305028;1.4482328076383957;-0.18418831556899867;0.17012433034885574;-1.087461648979593;-1.0550171448252879;-0.9774028557223507;0.1559359456608842;0.3497956354658969;-0.6230122577180627;0.8013409229777415;0
0.839801295605254;2.5920067334565324;0.2835936875743713;-0.1384967165362209;-0.1537477857160311;1.8984525050099632;3.4040841363842254;0.6931624203222918;-0.4446012715637613;-1.1966028699921456;-0.9842013578839007;0
-0.1260536367305028;1.4482328076383957;-0.18418831556899867;0.17012433034885574;-1.087461648979593;-1.0550171448252879;-0.9774028557223507;0.1559359456608842;0.3497956354658969;-0.6230122577180627;0.8013409229777415;0
-0.6942035969280064;0.7047797558566065;-0.4440672062042043;-0.6528651280113479;-0.5468904649848988;-0.26742523820255426;-0.17786143380509237;0.1559359456608842;0.813193831233196;-0.336216951581022;-1.2661290864410029;0
0.44209632346700084;0.6475910595656996;-0.18418831556899867;0.684492741823983;0.6816804077303137;-0.26742523820255426;-0.24182474755847305;1.6601700747128374;-0.2460020448063482;-0.40791577811528235;-0.7022736293268004;0
-0.3533136208095039;0.7619684521475134;-1.1717280999827797;-0.8586124926013987;-2.070318347151763;-1.1534661331531295;-1.1692927969824929;-0.27384523406825384;0.54839486222331;-1.268301696526406;-0.9842013578839007;0
-0.1260536367305028;-0.8393150439978787;1.1152061376070288;-0.6528651280113479;3.7285361720640413;-1.0550171448252879;-0.9134395419689701;0.4782718304577526;-0.11360256030140518;2.8902302424606927;-0.9842013578839007;0
-0.5237586088687549;3.7643750074201234;-1.3796312124909442;1.8675400882167756;0.7799660775475308;-1.0550171448252879;-1.009384512599041;-0.058954644203654996;2.0709889340301535;-0.7664099107865834;0.23748546586353744;0
0.498911319486751;2.2488745557110916;-0.13221253744195766;0.17012433034885574;0.2885377284614452;-0.365874226530396;1.5171663806594955;1.6601700747128374;1.077992800243082;-0.7664099107865834;-0.6082977198077653;0
0.3852813274472507;-0.2674280810888102;0.2835936875743713;0.3758716949389064;0.14110922373562024;0.5201666684201793;2.444634430083515;0.908053010186831;0.018796924203537846;-0.19281929851250124;-0.9842013578839007;0
0.3852813274472507;-0.32461677737971717;0.23161790944733013;0.2729980126438813;0.14110922373562024;0.8155136334037044;2.540579400713586;0.908053010186831;-0.047402818048932205;-0.2645181250467616;-0.9842013578839007;0
-1.8305035173230138;-0.32461677737971717;-1.275679656236862;-1.1672335394864752;-2.3160325216948054;0.22481970343665422;-0.049934806298331025;-2.476473780180019;3.858381974846883;-0.19281929851250124;2.2109795657632483;1
-0.7510185929477565;0.7047797558566065;-1.275679656236862;-0.34424408112627153;-0.7434618046193331;-0.7596701798417628;-0.6575862869554474;0.2633812405931538;1.011793057990612;0.16567483415880063;-0.8902254483648673;1
-0.7510185929477565;0.7047797558566065;-1.275679656236862;-0.34424408112627153;-0.7434618046193331;-0.7596701798417628;-0.6575862869554474;0.2633812405931538;1.011793057990612;0.16567483415880063;-0.8902254483648673;1
0.6125413115262524;0.5046193188384324;0.07569057506620695;0.7873664241190085;0.2885377284614452;0.22481970343665422;0.8455515862489984;1.8213380171112419;-0.047402818048932205;-0.8381087373208438;-0.7022736293268004;0
1.9761012160002611;-0.8393150439978787;1.479036584496317;-0.34424408112627153;-0.49774763007629097;-1.0550171448252879;-0.8494762282155894;1.0154983051191602;-1.3713976630983626;-0.19281929851250124;0.3314613753825726;1
1.2943212637632562;2.8207615186201602;0.8553272469718234;0.4787453772339319;-0.2520334555332482;1.0124116100593878;1.3572580962760437;0.908053010186831;-1.5699968898557757;-0.5513134311838032;-0.32636999125066496;1
-0.7510185929477565;0.7047797558566065;-1.275679656236862;-0.34424408112627153;-0.7434618046193331;-0.7596701798417628;-0.6575862869554474;0.2633812405931538;1.011793057990612;0.16567483415880063;-0.8902254483648673;1
-0.7510185929477565;0.6475910595656996;-1.275679656236862;-0.34424408112627153;-0.6943189697107245;-0.661221191513921;-0.7215496007088281;0.1559359456608842;1.011793057990612;0.16567483415880063;-0.9842013578839007;1
-0.46694361284900476;-0.8393150439978787;1.1152061376070288;0.17012433034885574;-0.3994619602590739;0.618615656748021;1.2293314687692825;0.2633812405931538;0.018796924203537846;0.38077131376158097;-0.7962495388458338;0
0.44209632346700084;1.3624497632020354;-1.1717280999827797;-0.8586124926013987;-0.1537477857160311;-1.1534661331531295;-1.009384512599041;0.6931624203222918;-0.17980230255387525;-0.7664099107865834;-0.7022736293268004;0
0.044391351328748704;2.90654456305652;-0.5999945405853276;3.667829528379721;-0.3994619602590739;-0.46432321485823763;0.2698817624685723;1.2303888949836994;0.3497956354658969;-1.1249040434578854;-0.5143218102887318;0
-0.7510185929477565;1.4482328076383957;-0.9638249874746153;-0.44711776342129705;0.5833947379130966;-0.5627722031860793;-0.8494762282155894;-0.5961811188650626;0.54839486222331;-1.268301696526406;-0.4203459007696984;0
-0.5237586088687549;-0.21023938479790336;-0.39209142807716313;0.5816190595289574;-0.20289062062463964;0.02792172678097082;-0.27380640443516335;-0.058954644203654996;0.3497956354658969;-0.9815063903893646;0.04953364682547054;0
-0.29649862478975375;0.10429844480208464;-0.7559218749664509;0.06725064805383019;-0.645176134802116;-0.46432321485823763;-0.33776971818854407;-0.3812905290005234;0.1511964087084809;-0.2645181250467616;1.083268651534842;1
0.7829862995855028;-1.2396359180342267;1.0632303594799877;-0.8586124926013987;-0.9400331442537673;-0.26742523820255426;-0.4017330319419247;0.8543303627206962;-0.3122017870588183;0.09397600762454027;-0.4203459007696984;1
1.2943212637632562;2.8493558667656127;0.8553272469718234;0.3758716949389064;-0.05546211589881398;0.5201666684201793;1.2293314687692825;0.9617756576530254;-1.7023963743607187;-0.5513134311838032;-0.32636999125066496;0
0.32846633142750054;0.21867583738389781;0.3875452438284536;0.5816190595289574;0.5833947379130966;0.02792172678097082;2.124817861316612;1.6601700747128374;0.4159953777183669;-0.2645181250467616;-0.8902254483648673;0
0.21483633938799918;0.9335345410202335;-1.3796312124909442;0.7873664241190085;0.14110922373562024;-0.26742523820255426;-0.4017330319419247;1.3378341899159691;0.28359589321342393;-1.4116993495949264;-0.9842013578839007;0
-0.18286863275025295;-0.5533715625433444;0.4914968000825356;-0.1384967165362209;-0.30117629044185673;-0.5627722031860793;0.07799182120843032;0.4782718304577526;0.1511964087084809;-1.340000523060666;-0.9842013578839007;0
0.8966162916250041;1.219478022474768;0.07569057506620695;0.17012433034885574;-0.1537477857160311;0.5201666684201793;1.00545987063245;0.6931624203222918;-0.2460020448063482;-0.9815063903893646;-0.6082977198077653;0
-0.6373886009082558;-0.21023938479790336;-0.4440672062042043;0.2729980126438813;-0.5960332998935074;-0.26742523820255426;-0.36975137506523437;-0.005231996737520196;-0.17980230255387525;-1.1966028699921456;-1.1721531769219693;1
-0.18286863275025295;-0.5533715625433444;0.4914968000825356;-0.1384967165362209;-0.30117629044185673;-0.5627722031860793;0.07799182120843032;0.4782718304577526;0.1511964087084809;-1.340000523060666;-0.9842013578839007;0
-0.4101286168292546;-0.38180547367062373;-0.8078976530934922;0.17012433034885574;-0.10460495080742253;-0.365874226530396;0.10997347808512066;0.0484906507286146;-0.7094002405736474;-0.5513134311838032;-0.4203459007696984;0
0.044391351328748704;0.19008148923844498;-1.1717280999827797;-0.44711776342129705;0.04282355391840313;-0.5627722031860793;-0.7535312575855184;0.4782718304577526;-0.6432004983211744;-1.4833981761291868;-0.7962495388458338;0
-0.6942035969280064;0.7619684521475134;-1.3796312124909442;1.5074822001841863;0.23939489355283666;0.1263707151088125;-0.01795314942164069;0.4782718304577526;0.9455933157381391;-0.7664099107865834;-0.8902254483648673;0
0.044391351328748704;0.19008148923844498;-1.1717280999827797;-0.44711776342129705;0.04282355391840313;-0.5627722031860793;-0.7535312575855184;0.4782718304577526;-0.6432004983211744;-1.4833981761291868;-0.7962495388458338;0
0.32846633142750054;-0.2674280810888102;-0.13221253744195766;0.42730853608641933;0.6325375728217051;1.8984525050099632;1.9329279200564697;0.8006077152545614;-1.4375974053508327;-0.8381087373208438;-1.1721531769219693;0
-0.4101286168292546;-0.6105602588342514;-0.9638249874746153;0.2729980126438813;0.14110922373562024;-0.07052726154687088;0.07799182120843032;0.0484906507286146;-0.7094002405736474;-0.40791577811528235;-0.4203459007696984;0
-0.46694361284900476;3.364054133383775;-0.8598734312205332;0.684492741823983;0.23939489355283666;-1.0550171448252879;-1.0733478263524219;-0.488735823932793;1.4751912537579113;-0.336216951581022;0.7073650134587064;0
0.3852813274472507;0.7619684521475134;-0.49604298433124533;0.5816190595289574;-0.20289062062463964;-1.0550171448252879;-1.0413661694757315;0.4782718304577526;-0.17980230255387525;-0.6947110842523231;-0.04444226269356291;0
-0.1260536367305028;1.1051006298929542;-0.9118492093475743;0.3758716949389064;0.14110922373562024;0.22481970343665422;0.10997347808512066;1.4452794848482386;0.7469940889807261;0.5241689668301017;0.6133891039396729;1
-1.0919085690662584;0.24727018552935126;-1.275679656236862;-0.6528651280113479;-0.6943189697107245;-1.1534661331531295;-1.105329483229112;0.1559359456608842;0.9455933157381391;0.237373660693061;-0.8902254483648673;0
-1.0919085690662584;0.24727018552935126;-1.275679656236862;-0.6528651280113479;-0.6943189697107245;-1.1534661331531295;-1.105329483229112;0.1559359456608842;0.9455933157381391;0.237373660693061;-0.8902254483648673;0
-1.0919085690662584;1.9343367261111037;-1.2237038781098208;0.7873664241190085;-0.49774763007629097;1.1108605983872295;0.3978083899753337;-0.918517003661931;1.9385894495252103;-1.1249040434578854;2.117003656244213;1
0.32846633142750054;1.9915254224020107;-0.7039460968394098;1.044550629856572;0.3376805633700538;-1.1534661331531295;-1.009384512599041;1.4452794848482386;0.813193831233196;-0.9098075638551042;0.9892927420158084;0
-0.5805736048885056;1.762770637238383;-1.2237038781098208;-0.34424408112627153;0.534251903004488;-0.5627722031860793;-0.8494762282155894;-0.058954644203654996;0.4821951199708399;-1.268301696526406;-0.7962495388458338;0
-0.7510185929477565;-0.4389941699615306;0.3875452438284536;0.2729980126438813;0.04282355391840313;0.02792172678097082;0.8455515862489984;0.6931624203222918;1.5413909960103813;-0.336216951581022;-0.8902254483648673;0
-0.3533136208095039;0.19008148923844498;-0.340115649950122;-0.44711776342129705;-0.30117629044185673;-0.661221191513921;-0.2098430906817827;1.0692209525852951;1.077992800243082;-0.19281929851250124;-1.0781772674029342;0
-0.3533136208095039;2.506223689020172;-0.8598734312205332;-0.34424408112627153;1.5171086011766584;-0.46432321485823763;-0.7535312575855184;-0.22012258660211903;-0.3784015293112913;-1.053205216923625;-0.8902254483648673;0
-0.3533136208095039;2.506223689020172;-0.8598734312205332;-0.34424408112627153;1.5171086011766584;-0.46432321485823763;-0.7535312575855184;-0.22012258660211903;-0.3784015293112913;-1.053205216923625;-0.8902254483648673;0
-0.06923864071075263;0.36164757811116505;-1.3796312124909442;0.06725064805383019;0.5833947379130966;0.3232686917644959;0.3978083899753337;1.8750606645773766;1.210392284748025;0.022277181090279895;-1.0781772674029342;1
0.3852813274472507;-0.38180547367062373;-0.18418831556899867;0.3758716949389064;0.534251903004488;1.2093095867150712;1.8689646063030891;0.8543303627206962;-1.4375974053508327;-0.6230122577180627;-1.1721531769219693;0
0.3852813274472507;0.9335345410202335;-1.3796312124909442;-0.035623034241195346;0.3376805633700538;0.3232686917644959;-0.24182474755847305;1.2303888949836994;0.21739615096095385;-0.336216951581022;-1.0781772674029342;0
-0.012423644691001457;1.3338554150565818;0.12766635319324782;1.816103247069263;-0.30117629044185673;-0.365874226530396;-0.9454211988456604;-0.11267729166978979;0.879393573485669;0.237373660693061;0.9892927420158084;1
0.498911319486751;0.018515400365724275;-0.13221253744195766;0.17012433034885574;-0.1537477857160311;1.2093095867150712;2.988322596987251;0.6286952433629182;-0.7094002405736474;-0.5513134311838032;-0.8902254483648673;0
-1.0350935730465083;0.5046193188384324;-1.3796312124909442;-0.5499914457163226;-0.7926046395279416;-0.661221191513921;-0.8814578850922797;0.2633812405931538;0.9455933157381391;0.022277181090279895;-1.1721531769219693;0
1.86247122396076;-0.6677489551251583;1.6349639188774399;0.3758716949389064;0.7308232426389222;0.9139626217315461;1.7730196356730181;1.8965497235638544;-1.2389981785934194;-0.8381087373208438;-0.4203459007696984;0
1.578396243862008;-0.7821263477069718;1.4270608063692758;0.2729980126438813;0.6816804077303137;0.5201666684201793;1.7730196356730181;1.8213380171112419;-1.2389981785934194;-0.9815063903893646;-0.8902254483648673;0
-0.5805736048885056;-0.09586199221608953;-0.4440672062042043;-0.34424408112627153;-0.5468904649848988;-0.365874226530396;-0.5616413163253764;0.5212499484306485;1.3427917692529683;0.5958677933643621;-0.8902254483648673;1
-0.06923864071075263;-1.068069829161506;0.595448356336618;0.06725064805383019;-0.05546211589881398;-0.365874226530396;0.36582673309864333;0.5857171253900222;-0.11360256030140518;-1.268301696526406;-1.3601049959600362;1
0.15802134336824902;-1.1252585254524128;0.6993999125907002;0.17012433034885574;0.09196638882701169;0.02792172678097082;0.7176249587422371;0.5964616548832611;-0.11360256030140518;-1.1966028699921456;-0.9842013578839007;0
-0.6373886009082558;-0.15305068850699644;-0.4440672062042043;-0.34424408112627153;-0.49774763007629097;-0.365874226530396;-0.4656963456953054;0.48364409520434226;1.3427917692529683;0.5241689668301017;-0.7962495388458338;1
-0.5805736048885056;-0.09586199221608953;-0.4440672062042043;-0.34424408112627153;-0.5468904649848988;-0.365874226530396;-0.5616413163253764;0.5212499484306485;1.3427917692529683;0.5958677933643621;-0.8902254483648673;1
-0.012423644691001457;0.7047797558566065;-0.8598734312205332;0.4787453772339319;0.38682339827866236;0.1263707151088125;-0.17786143380509237;0.7092792145621203;-0.17980230255387525;-0.6947110842523231;-0.8902254483648673;0
-0.012423644691001457;0.7047797558566065;-0.8598734312205332;0.4787453772339319;0.38682339827866236;0.1263707151088125;-0.17786143380509237;0.7092792145621203;-0.17980230255387525;-0.6947110842523231;-0.8902254483648673;0
-0.4101286168292546;0.07570409665663118;-0.7039460968394098;0.06725064805383019;0.7799660775475308;0.8155136334037044;0.6536616449888564;0.6125784491230897;0.4821951199708399;-0.2645181250467616;-0.9842013578839007;0
-0.012423644691001457;0.7047797558566065;-0.8598734312205332;0.4787453772339319;0.38682339827866236;0.1263707151088125;-0.17786143380509237;0.7092792145621203;-0.17980230255387525;-0.6947110842523231;-0.8902254483648673;0
-0.29649862478975375;2.191685859420185;-1.0158007656016563;-0.5499914457163226;-1.1366044838882012;0.618615656748021;0.04601016433173998;-0.784210384996594;1.2765920270004951;-1.5550970026634472;0.23748546586353744;1
-1.1487235650860093;2.5920067334565324;-1.327655434363903;-0.44711776342129705;-1.1857473187968097;-0.07052726154687088;-0.4017330319419247;-0.9829841806213048;1.8723897072727402;-1.340000523060666;0.7073650134587064;1
-0.1260536367305028;1.962931074256557;-1.3796312124909442;-0.24137039883124597;0.14110922373562024;-0.5627722031860793;-0.4656963456953054;-0.08044370319013278;-0.4446012715637613;-1.053205216923625;-0.6082977198077653;0
-0.1260536367305028;1.962931074256557;-1.3796312124909442;-0.24137039883124597;0.14110922373562024;-0.5627722031860793;-0.4656963456953054;-0.08044370319013278;-0.4446012715637613;-1.053205216923625;-0.6082977198077653;0
0.2716513354077503;-0.6105602588342514;-0.288139871823081;0.06725064805383019;0.534251903004488;1.70155452835428;1.3572580962760437;0.8167245094943899;-0.8417997250785904;-0.9098075638551042;-1.1721531769219693;0
0.3852813274472507;0.30445888182025815;-0.08023675931491651;0.3758716949389064;-0.30117629044185673;-0.661221191513921;1.8689646063030891;0.580344860643373;-0.5770007560687044;-0.5513134311838032;-0.7022736293268004;0
0.5557263155065022;0.7333741040020599;-0.02826098118787536;-0.44711776342129705;0.7308232426389222;-1.0550171448252879;-0.33776971818854407;0.36008200603224416;-0.4446012715637613;-1.6267958291977076;-0.7962495388458338;0
0.2716513354077503;0.9907232373111404;-1.3796312124909442;-0.7557388103063735;-0.5960332998935074;-0.7596701798417628;-0.8494762282155894;0.1613082104074738;-0.047402818048932205;-0.8381087373208438;-0.4203459007696984;1
0.5557263155065022;0.7333741040020599;-0.02826098118787536;-0.44711776342129705;0.7308232426389222;-1.0550171448252879;-0.33776971818854407;0.36008200603224416;-0.4446012715637613;-1.6267958291977076;-0.7962495388458338;0
0.44209632346700084;0.8763458447293272;-0.8078976530934922;0.3758716949389064;0.5833947379130966;-0.46432321485823763;-0.049934806298331025;1.1659217180243258;-0.047402818048932205;-0.6947110842523231;-0.8902254483648673;1
0.498911319486751;0.8191571484384204;-0.8598734312205332;0.5816190595289574;0.48510906809587945;-0.365874226530396;0.07799182120843032;1.1659217180243258;-0.047402818048932205;-0.7664099107865834;-0.8902254483648673;1
0.2716513354077503;0.36164757811116505;-0.4440672062042043;0.4787453772339319;0.38682339827866236;-0.365874226530396;0.909514900002379;0.36008200603224416;-1.1727984363409465;-0.7664099107865834;-0.9842013578839007;0
-0.46694361284900476;0.418836274402072;0.2835936875743713;0.2729980126438813;1.0748230869991815;-0.26742523820255426;1.677074665042947;1.4345349553550595;0.879393573485669;-0.19281929851250124;-0.8902254483648673;0
-0.6942035969280064;0.36164757811116505;-1.275679656236862;-0.1384967165362209;0.04282355391840313;0.8155136334037044;1.5491480375361857;0.3923155945119012;1.5413909960103813;-0.8381087373208438;-0.7022736293268004;1
-0.2396836287700031;1.1051006298929542;-1.327655434363903;-0.5499914457163226;-0.2520334555332482;-0.8581191681696044;-0.4337146888186151;-0.015976526230759083;0.4821951199708399;-0.7664099107865834;-0.7962495388458338;0
-0.6942035969280064;0.36164757811116505;-1.275679656236862;-0.1384967165362209;0.04282355391840313;0.8155136334037044;1.5491480375361857;0.3923155945119012;1.5413909960103813;-0.8381087373208438;-0.7022736293268004;1
0.6125413115262524;0.9049401928747807;-0.02826098118787536;-0.035623034241195346;0.04282355391840313;0.7170646450758627;3.116249224494012;0.5857171253900222;-0.2460020448063482;-0.6947110842523231;-0.9842013578839007;0
0.6693563075460025;0.24727018552935126;0.023714796939165797;-0.1384967165362209;0.04282355391840313;0.7170646450758627;3.1482308813707025;0.5964616548832611;-0.3122017870588183;-0.6947110842523231;-0.9842013578839007;0
-0.2396836287700031;-0.7249376514160648;0.12766635319324782;-0.6528651280113479;3.7285361720640413;-1.4488130981366545;-0.049934806298331025;0.3171038880592886;-0.11360256030140518;1.9581454975153085;-0.8902254483648673;1
-0.2396836287700031;-0.7249376514160648;0.17964213132028897;-0.6528651280113479;3.7285361720640413;-1.3503641098088128;-0.01795314942164069;0.3009870938194601;-0.047402818048932205;1.8864466709810481;-0.8902254483648673;1
-0.6373886009082558;2.7063841260383463;-1.3796312124909442;0.5816190595289574;1.0256802520905728;-0.8581191681696044;-0.9454211988456604;-0.456502235453136;0.7469940889807261;-1.340000523060666;-0.4203459007696984;0
-0.012423644691001457;-0.5533715625433444;0.17964213132028897;0.9931137887090591;-0.10460495080742253;-0.8581191681696044;-0.36975137506523437;0.6286952433629182;0.28359589321342393;-0.2645181250467616;0.04953364682547054;0
-0.6942035969280064;-0.03867329592518263;-1.2237038781098208;0.17012433034885574;-0.2520334555332482;0.5201666684201793;1.485184723782805;0.3976878592584908;1.210392284748025;-0.336216951581022;-0.6082977198077653;0
-0.7510185929477565;0.24727018552935126;-1.3796312124909442;-0.44711776342129705;5.350249724048123;-0.365874226530396;-0.01795314942164069;0.027001591742136826;-0.047402818048932205;-0.336216951581022;-0.9842013578839007;1
-1.0350935730465083;-0.38180547367062373;-0.6519703187123687;-0.035623034241195346;1.6153942709938756;-0.661221191513921;-0.27380640443516335;0.32784841755252747;2.2695881607875696;0.022277181090279895;-0.6082977198077653;0
0.3852813274472507;1.6769875928020226;-1.1197523218557388;-0.035623034241195346;-0.006319280990205422;1.0124116100593878;1.6131113512895665;0.7683741267749044;0.28359589321342393;-0.8381087373208438;-0.4203459007696984;0
-1.0350935730465083;-0.38180547367062373;-0.6519703187123687;-0.035623034241195346;1.6153942709938756;-0.661221191513921;-0.27380640443516335;0.32784841755252747;2.2695881607875696;0.022277181090279895;-0.6082977198077653;0
-0.6942035969280064;0.36164757811116505;-1.327655434363903;0.06725064805383019;-0.20289062062463964;0.4217176800923376;1.2613131256459726;0.4030601240051401;1.5413909960103813;-0.40791577811528235;-0.6082977198077653;0
0.8966162916250041;-1.0108811328705993;0.7513756907177411;-0.1384967165362209;0.09196638882701169;-0.46432321485823763;0.4937533606054047;0.8006077152545614;-0.7094002405736474;-1.053205216923625;-0.8902254483648673;0
0.8966162916250041;-1.0108811328705993;0.7513756907177411;-0.1384967165362209;0.09196638882701169;-0.46432321485823763;0.4937533606054047;0.8006077152545614;-0.7094002405736474;-1.053205216923625;-0.8902254483648673;0
0.9534312876447543;0.19008148923844498;-0.13221253744195766;-0.24137039883124597;-0.10460495080742253;0.3232686917644959;0.3978083899753337;1.2841115424498342;-0.9079994673310604;-0.6230122577180627;-0.32636999125066496;1
0.9534312876447543;0.19008148923844498;-0.13221253744195766;-0.24137039883124597;-0.10460495080742253;0.3232686917644959;0.3978083899753337;1.2841115424498342;-0.9079994673310604;-0.6230122577180627;-0.32636999125066496;1
0.15802134336824902;0.5904023632747927;-0.49604298433124533;0.4787453772339319;0.8782517473647479;0.5201666684201793;2.348689459453444;0.6931624203222918;-1.5037971476033056;-0.9098075638551042;-1.0781772674029342;0
-0.5237586088687549;-0.8965037402887855;0.8553272469718234;0.17012433034885574;0.04282355391840313;0.22481970343665422;1.1653681550159019;0.1989140636337801;0.08499666645601084;0.237373660693061;-0.7022736293268004;1
0.2716513354077503;0.6475910595656996;-0.49604298433124533;0.4787453772339319;0.14110922373562024;0.9139626217315461;2.700487685097038;0.7898631857613225;-0.5770007560687044;-0.7664099107865834;-0.7962495388458338;0
-0.6942035969280064;0.4760249706929789;-1.275679656236862;0.06725064805383019;-0.006319280990205422;0.1263707151088125;1.3252764393993535;0.3976878592584908;1.077992800243082;-0.336216951581022;-0.7022736293268004;1
-0.3533136208095039;0.418836274402072;-1.3796312124909442;0.17012433034885574;-1.284032988614027;-0.8581191681696044;-1.0413661694757315;-0.17177220388257386;0.4159953777183669;-0.6230122577180627;0.3314613753825726;0
1.0102462836645045;-1.468390703197854;1.4270608063692758;-0.1384967165362209;-0.7926046395279416;-0.8581191681696044;-0.6256046300787571;-0.7519767965168774;-0.9741992095835335;-0.8381087373208438;1.9290518372061463;1
1.4079512558027576;2.077308466838371;0.17964213132028897;0.17012433034885574;2.499965299348829;-0.8581191681696044;0.46177170372871434;0.6179507138696793;-2.1657945701280177;3.822314987406076;-0.23239408173163148;0
0.21483633938799918;-0.38180547367062373;0.23161790944733013;0.06725064805383019;2.2051082898971774;0.8155136334037044;0.5896983312354757;0.4030601240051401;-1.4375974053508327;0.6675666198986224;-0.7962495388458338;0
0.5557263155065022;-0.8965037402887855;0.9073030250988646;-0.8586124926013987;-2.1194611820603715;0.5201666684201793;-0.1138981200517117;-0.7788381202499448;-0.5108010138162313;1.1694584056384452;0.3314613753825726;1
0.6125413115262524;-0.15305068850699644;0.3875452438284536;1.1988611532991102;0.04282355391840313;-1.0550171448252879;-1.009384512599041;1.0692209525852951;-0.17980230255387525;-0.9098075638551042;0.23748546586353744;1
0.6125413115262524;-0.15305068850699644;0.3875452438284536;1.1988611532991102;0.04282355391840313;-1.0550171448252879;-1.009384512599041;1.0692209525852951;-0.17980230255387525;-0.9098075638551042;0.23748546586353744;1
-0.6373886009082558;0.4760249706929789;-0.9638249874746153;1.610355882479212;0.04282355391840313;1.0124116100593878;1.9968912338098506;-0.16102767438933496;-0.4446012715637613;-0.9815063903893646;-0.9842013578839007;0
0.15802134336824902;0.13289279294753809;-0.9118492093475743;0.8902401064140336;-0.645176134802116;-0.7596701798417628;-0.9134395419689701;0.343965211792356;-0.5770007560687044;-1.4833981761291868;-0.4203459007696984;0
-1.8305035173230138;0.33305322996571163;-1.3796312124909442;-0.7557388103063735;-1.8246041726087205;-0.16897624987471258;1.293294782522663;-2.1863714838628674;1.6075907382628543;2.1015431505838285;2.3049554752822816;1
-0.3533136208095039;0.19008148923844498;-0.9638249874746153;0.06725064805383019;1.6153942709938756;-0.16897624987471258;0.014028507455049645;0.20965859312701898;-0.5108010138162313;0.09397600762454027;-0.7962495388458338;1
0.044391351328748704;-0.03867329592518263;-0.23616409369603983;0.2729980126438813;0.14110922373562024;-1.1534661331531295;-0.8814578850922797;0.05923518022185349;-0.3784015293112913;-0.5513134311838032;-0.5143218102887318;1
-0.06923864071075263;-1.411202006906947;0.6993999125907002;-0.035623034241195346;-1.4314614933398524;-1.1534661331531295;-1.1373111401058025;-1.6921231271743555;0.08499666645601084;0.38077131376158097;2.2109795657632483;1
0.044391351328748704;-1.5827680957796677;0.6474241344636591;-0.44711776342129705;-1.972032677334546;-1.1534661331531295;-1.1373111401058025;-1.5309551847759513;-0.3122017870588183;0.45247014029584137;1.9290518372061463;1
-0.06923864071075263;-1.411202006906947;0.6993999125907002;-0.035623034241195346;-1.4314614933398524;-1.1534661331531295;-1.1373111401058025;-1.6921231271743555;0.08499666645601084;0.38077131376158097;2.2109795657632483;1
-0.5237586088687549;0.018515400365724275;-0.7559218749664509;-0.5499914457163226;4.12167885133291;-1.1534661331531295;-1.0733478263524219;0.1666804751541231;-0.3784015293112913;1.527952538309746;-1.1721531769219693;0
-0.4101286168292546;-0.2674280810888102;0.23161790944733013;0.3758716949389064;-0.5468904649848988;-1.1534661331531295;-0.9774028557223507;0.11833009243457791;-0.6432004983211744;-0.6947110842523231;-0.13841817221259636;1
-0.5805736048885056;-0.21023938479790336;-0.8598734312205332;0.17012433034885574;-0.645176134802116;-1.1534661331531295;-1.009384512599041;-0.5854365893718834;-0.11360256030140518;-1.268301696526406;0.04953364682547054;0
2.601066172217515;-0.15305068850699644;1.479036584496317;0.3758716949389064;-0.4486047951676824;-0.8581191681696044;-0.6895679438321377;1.832082546604421;-1.5037971476033056;0.237373660693061;0.42543728490160604;1
1.4079512558027576;-0.4389941699615306;0.33556946570141244;0.06725064805383019;0.8782517473647479;0.4217176800923376;-0.24182474755847305;0.7898631857613225;-0.5108010138162313;0.45247014029584137;0.3314613753825726;0
-0.8078335889675067;-0.7821263477069718;-0.13221253744195766;-0.34424408112627153;1.0256802520905728;-1.1534661331531295;-1.2332561107358735;-1.122663064033291;0.813193831233196;-0.47961460464954275;0.895316832496775;0
2.4306211841582637;-0.6677489551251583;1.4270608063692758;0.3758716949389064;1.0748230869991815;0.3232686917644959;-0.14587977692840204;1.439907220101649;-0.7094002405736474;0.8109642729671432;0.8013409229777415;1
1.4079512558027576;-0.4389941699615306;0.33556946570141244;0.06725064805383019;0.8782517473647479;0.4217176800923376;-0.24182474755847305;0.7898631857613225;-0.5108010138162313;0.45247014029584137;0.3314613753825726;0
0.839801295605254;-0.09586199221608953;-0.39209142807716313;0.7873664241190085;-0.006319280990205422;-0.7596701798417628;-0.49767800257199574;0.908053010186831;-0.5770007560687044;-0.47961460464954275;0.04953364682547054;1
1.4079512558027576;-1.3540133106160406;0.8033514688447823;-0.8586124926013987;0.14110922373562024;0.3232686917644959;-0.5936229732020667;-0.6767650900643245;-0.2460020448063482;0.5958677933643621;1.365196380091944;1
-0.6942035969280064;1.0765062817475008;-1.3796312124909442;-0.0870598753887079;-0.49774763007629097;0.5201666684201793;0.04601016433173998;-0.20937805710888013;-0.17980230255387525;-1.4116993495949264;-0.9842013578839007;0
0.44209632346700084;0.7619684521475134;-0.5999945405853276;0.7873664241190085;0.7799660775475308;-0.661221191513921;0.429790046852024;1.6386810157263596;-0.2460020448063482;-0.7664099107865834;-0.7962495388458338;0
-0.7510185929477565;0.9049401928747807;-1.3796312124909442;-0.5499914457163226;0.8782517473647479;-0.661221191513921;-0.7535312575855184;-0.3490569405208664;0.1511964087084809;-0.336216951581022;-0.7022736293268004;0
-1.944133509362514;-0.6105602588342514;-1.3796312124909442;-0.34424408112627153;-1.6280328329742864;0.02792172678097082;-0.1138981200517117;-2.77732060599041;2.6005868720499254;0.6675666198986224;3.3386904799916532;1
-0.9214635810070075;0.07570409665663118;-0.7039460968394098;-0.44711776342129705;-0.2520334555332482;-0.07052726154687088;-0.3057880613118537;0.3171038880592886;1.9385894495252103;-0.04942164544398048;-0.6082977198077653;0
-0.9214635810070075;0.07570409665663118;-0.7039460968394098;-0.44711776342129705;-0.2520334555332482;-0.07052726154687088;-0.3057880613118537;0.3171038880592886;1.9385894495252103;-0.04942164544398048;-0.6082977198077653;0
-0.6942035969280064;-0.2674280810888102;0.07569057506620695;0.3758716949389064;-0.645176134802116;-0.9565681564974461;-0.9454211988456604;0.05923518022185349;-0.5108010138162313;-0.8381087373208438;-0.13841817221259636;0
-0.6942035969280064;-0.38180547367062373;-0.6519703187123687;0.3758716949389064;-0.2520334555332482;-0.07052726154687088;-0.27380640443516335;-0.25235617508177605;0.28359589321342393;-1.1249040434578854;0.23748546586353744;0
-0.46694361284900476;-1.468390703197854;0.3875452438284536;-0.1384967165362209;-1.5297471631570694;-1.1534661331531295;-1.201274453859183;-0.8647943561957963;0.54839486222331;-0.04942164544398048;0.5194131944206395;1
-0.6942035969280064;-0.38180547367062373;-0.6519703187123687;0.3758716949389064;-0.2520334555332482;-0.07052726154687088;-0.27380640443516335;-0.25235617508177605;0.28359589321342393;-1.1249040434578854;0.23748546586353744;0
-0.29649862478975375;0.24727018552935126;-0.9118492093475743;-0.1384967165362209;-0.7926046395279416;1.8000035166821216;-0.01795314942164069;-1.3644149776308976;0.9455933157381391;0.6675666198986224;2.117003656244213;1
-1.3759835491650103;0.4760249706929789;-0.9638249874746153;-0.34424408112627153;-0.49774763007629097;0.02792172678097082;-0.6895679438321377;-1.584677832242086;1.6075907382628543;0.8826630995014036;0.6133891039396729;1
-0.46694361284900476;0.9049401928747807;-1.0158007656016563;0.06725064805383019;-1.1366044838882012;-1.0550171448252879;-1.1692927969824929;-0.20937805710888013;0.4159953777183669;-0.6947110842523231;0.42543728490160604;0
-1.3759835491650103;0.4760249706929789;-0.9638249874746153;-0.34424408112627153;-0.49774763007629097;0.02792172678097082;-0.6895679438321377;-1.584677832242086;1.6075907382628543;0.8826630995014036;0.6133891039396729;1
1.1806912717237559;-0.49618286625243757;0.8033514688447823;-0.9614861748964243;3.1388221531607385;1.8000035166821216;0.07799182120843032;0.8650748922139351;0.4159953777183669;1.527952538309746;-0.5143218102887318;0
1.86247122396076;-0.32461677737971717;0.9073030250988646;-0.8586124926013987;3.237107822977956;1.9969014933378049;0.17393679183850133;0.8865639512004129;0.4159953777183669;1.527952538309746;-0.5143218102887318;0
0.2716513354077503;0.9049401928747807;-0.02826098118787536;-0.8586124926013987;0.3376805633700538;0.02792172678097082;-0.7215496007088281;0.12370235718122717;0.018796924203537846;-1.268301696526406;-0.9842013578839007;0
-0.4101286168292546;0.7905628002929669;-0.8598734312205332;-0.9614861748964243;-0.7434618046193331;1.1108605983872295;0.3018634193452627;-0.08581596793672239;0.4821951199708399;-0.9815063903893646;-1.0781772674029342;0
-0.9214635810070075;-1.411202006906947;0.07569057506620695;-0.035623034241195346;-3.397174889684193;1.9969014933378049;1.7410379787963277;-3.260824433185683;-0.3784015293112913;-1.8418923088004884;1.1772445610538753;1
-0.9214635810070075;-1.411202006906947;0.07569057506620695;-0.035623034241195346;-3.397174889684193;1.9969014933378049;1.7410379787963277;-3.260824433185683;-0.3784015293112913;-1.8418923088004884;1.1772445610538753;1
1.0102462836645045;-1.2396359180342267;0.4395210219554945;-0.8586124926013987;-0.30117629044185673;-0.661221191513921;-0.5616413163253764;0.005512532755718693;-0.5108010138162313;1.312856058706965;0.7073650134587064;1
-1.3191685531452602;-0.15305068850699644;-1.1717280999827797;-0.24137039883124597;0.534251903004488;-0.26742523820255426;-0.6256046300787571;-0.12879408590967795;0.9455933157381391;-1.268301696526406;-0.4203459007696984;0
1.578396243862008;-0.6105602588342514;1.0632303594799877;0.22156117149636828;0.1902520586442288;-0.661221191513921;-0.36975137506523437;0.34933747653900526;-0.5108010138162313;0.8826630995014036;1.553148199130011;1
-0.9782785770267582;0.7619684521475134;-1.3796312124909442;0.5816190595289574;1.664537105902484;0.5201666684201793;-0.4656963456953054;-0.22549485134870864;0.879393573485669;-0.12112047197824086;-0.13841817221259636;0
1.2943212637632562;-0.15305068850699644;0.9592788032259058;0.17012433034885574;1.8611084455369176;1.8000035166821216;0.7176249587422371;0.1989140636337801;-0.5770007560687044;0.5241689668301017;0.42543728490160604;1
-0.6942035969280064;0.9049401928747807;0.4395210219554945;-0.44711776342129705;0.3376805633700538;-0.661221191513921;1.485184723782805;-0.22012258660211903;-0.2460020448063482;-0.19281929851250124;-0.9842013578839007;0
0.8966162916250041;-1.5827680957796677;1.011254581352947;-0.7557388103063735;-0.9400331442537673;1.0124116100593878;-0.1138981200517117;-0.4350131764666582;-0.9079994673310604;1.312856058706965;0.143509556344504;1
-1.0919085690662584;0.6475910595656996;-0.288139871823081;-0.6528651280113479;-0.006319280990205422;-0.16897624987471258;-0.4656963456953054;0.09684103344815978;1.8061899650202673;0.09397600762454027;-0.6082977198077653;0
-1.0919085690662584;0.6475910595656996;-0.288139871823081;-0.6528651280113479;-0.006319280990205422;-0.16897624987471258;-0.4656963456953054;0.09684103344815978;1.8061899650202673;0.09397600762454027;-0.6082977198077653;0
-0.5237586088687549;0.8763458447293272;-0.5480187624582865;-0.6528651280113479;-0.1537477857160311;-0.365874226530396;-0.2098430906817827;0.5319944779238874;1.210392284748025;0.38077131376158097;-0.5143218102887318;1
-1.0919085690662584;0.6475910595656996;-0.288139871823081;-0.6528651280113479;-0.006319280990205422;-0.16897624987471258;-0.4656963456953054;0.09684103344815978;1.8061899650202673;0.09397600762454027;-0.6082977198077653;0
-1.0919085690662584;0.5904023632747927;-0.288139871823081;-0.8586124926013987;-0.05546211589881398;-0.365874226530396;-0.4337146888186151;0.09684103344815978;1.7399902227677972;0.09397600762454027;-0.6082977198077653;0
0.5557263155065022;-0.5533715625433444;0.9073030250988646;-0.5499914457163226;0.1902520586442288;-0.661221191513921;-0.7535312575855184;0.1989140636337801;-0.2460020448063482;-0.6947110842523231;-0.8902254483648673;0
0.5557263155065022;-0.5533715625433444;0.9073030250988646;-0.5499914457163226;0.1902520586442288;-0.661221191513921;-0.7535312575855184;0.1989140636337801;-0.2460020448063482;-0.6947110842523231;-0.8902254483648673;0
-0.18286863275025295;-0.6105602588342514;0.2835936875743713;0.06725064805383019;-0.05546211589881398;1.0124116100593878;2.444634430083515;0.6985346850688814;-0.6432004983211744;3.033627895529213;-0.7022736293268004;0
0.5557263155065022;-0.9536924365796925;0.6474241344636591;-0.9614861748964243;-0.05546211589881398;2.4891464349770134;0.3018634193452627;-0.10193276217661054;1.011793057990612;0.5958677933643621;0.42543728490160604;1
0.5557263155065022;-0.9536924365796925;0.6474241344636591;-0.9614861748964243;-0.05546211589881398;2.4891464349770134;0.3018634193452627;-0.10193276217661054;1.011793057990612;0.5958677933643621;0.42543728490160604;1
-0.4101286168292546;1.1908836743293145;-1.275679656236862;0.06725064805383019;-0.49774763007629097;-0.5627722031860793;-1.009384512599041;-0.714370943290571;1.2765920270004951;0.45247014029584137;1.1772445610538753;1
0.5557263155065022;-0.9536924365796925;0.6474241344636591;-0.9614861748964243;-0.05546211589881398;2.4891464349770134;0.3018634193452627;-0.10193276217661054;1.011793057990612;0.5958677933643621;0.42543728490160604;1
-0.06923864071075263;-1.525579399488761;0.3875452438284536;0.06725064805383019;-0.3994619602590739;0.02792172678097082;0.04601016433173998;-0.4135241174801804;0.54839486222331;0.9543619260356639;0.8013409229777415;1
1.91928621998051;-1.411202006906947;1.0632303594799877;-0.7557388103063735;-1.3331758235226354;0.1263707151088125;-0.4337146888186151;0.08072423920827163;-1.1065986940884764;0.16567483415880063;0.143509556344504;1
-0.8646485849872574;0.19008148923844498;-0.23616409369603983;-0.6528651280113479;-0.35031912535046533;-0.07052726154687088;-0.6895679438321377;-1.2515974179519787;0.54839486222331;1.2411572321727047;0.7073650134587064;1
-0.6373886009082558;0.5332136669838858;-1.0677765437286977;0.2729980126438813;-0.20289062062463964;-0.07052726154687088;1.2613131256459726;0.4030601240051401;1.2765920270004951;-0.7664099107865834;-0.8902254483648673;0
-1.432798545184761;2.763572822329253;2.0507701438937693;-0.44711776342129705;-2.070318347151763;-0.07052726154687088;1.3572580962760437;-1.686750862427766;2.2695881607875696;-0.336216951581022;0.9892927420158084;1
-0.46694361284900476;-0.6105602588342514;0.2835936875743713;0.2729980126438813;-0.6943189697107245;-0.8581191681696044;-0.6575862869554474;-0.23086711609529828;-0.5108010138162313;-1.4833981761291868;-0.04444226269356291;0
-0.6373886009082558;0.5332136669838858;-1.0677765437286977;0.06725064805383019;-0.1537477857160311;0.1263707151088125;1.2293314687692825;0.4030601240051401;1.2765920270004951;-0.8381087373208438;-0.7022736293268004;0
-0.6373886009082558;0.5332136669838858;-1.0677765437286977;0.2729980126438813;-0.20289062062463964;-0.07052726154687088;1.2613131256459726;0.4030601240051401;1.2765920270004951;-0.7664099107865834;-0.8902254483648673;0
-0.6373886009082558;0.6189967114202461;-1.0158007656016563;0.17012433034885574;-0.20289062062463964;0.02792172678097082;1.293294782522663;0.41380465349837897;1.2765920270004951;-0.7664099107865834;-0.7022736293268004;0
-0.8646485849872574;-0.21023938479790336;-0.23616409369603983;-0.1384967165362209;-0.49774763007629097;-0.26742523820255426;-0.6895679438321377;-1.2515974179519787;0.614594604475783;1.312856058706965;0.8013409229777415;1
-0.8078335889675067;-0.09586199221608953;-0.18418831556899867;-0.44711776342129705;-0.4486047951676824;-0.26742523820255426;-0.7535312575855184;-1.2515974179519787;0.54839486222331;1.3845548852412255;0.7073650134587064;1
-0.8646485849872574;0.19008148923844498;-0.23616409369603983;-0.6528651280113479;-0.35031912535046533;-0.07052726154687088;-0.6895679438321377;-1.2515974179519787;0.54839486222331;1.2411572321727047;0.7073650134587064;1
-0.4101286168292546;0.5904023632747927;-1.2237038781098208;-0.44711776342129705;-0.05546211589881398;1.1108605983872295;-0.08191646317502137;-0.4994803534260319;0.813193831233196;-0.04942164544398048;0.42543728490160604;1
-0.3533136208095039;1.0765062817475008;-1.327655434363903;-0.34424408112627153;-0.8417474744365502;1.5046565516985961;-0.08191646317502137;-1.6115391559751535;0.614594604475783;-0.5513134311838032;1.2712204705729104;1
-0.8078335889675067;0.19008148923844498;-1.2237038781098208;-0.9614861748964243;0.23939489355283666;1.9969014933378049;0.014028507455049645;-0.8003271792364226;1.4089915115054383;-0.5513134311838032;0.143509556344504;0
-0.5805736048885056;-1.0108811328705993;-0.13221253744195766;-0.44711776342129705;-0.6943189697107245;1.2093095867150712;0.07799182120843032;-0.5102248829192708;0.7469940889807261;-0.7664099107865834;-0.4203459007696984;0
0.44209632346700084;-1.8115228809432955;0.5434725782095767;-0.8586124926013987;-0.6943189697107245;-0.9565681564974461;-1.1373111401058025;-0.6391592368380181;-0.5770007560687044;-0.47961460464954275;0.6133891039396729;1
1.1806912717237559;-0.8393150439978787;1.011254581352947;-0.34424408112627153;1.12396592190779;-0.9565681564974461;-1.1373111401058025;-0.03746558521723686;-1.3051979208458895;0.022277181090279895;1.2712204705729104;1
0.2716513354077503;-1.2396359180342267;0.6993999125907002;0.3758716949389064;1.3696800964508327;-0.8581191681696044;-0.9454211988456604;-0.30607882254791086;-0.047402818048932205;1.0260607525699244;1.2712204705729104;1
-0.6942035969280064;-0.32461677737971717;-1.3796312124909442;-0.24137039883124597;-0.6943189697107245;-0.8581191681696044;-1.009384512599041;-0.82718850296949;0.54839486222331;-0.47961460464954275;0.42543728490160604;0
-0.3533136208095039;1.0765062817475008;-1.327655434363903;-0.34424408112627153;-0.8417474744365502;1.5046565516985961;-0.08191646317502137;-1.6115391559751535;0.614594604475783;-0.5513134311838032;1.2712204705729104;1
0.2716513354077503;0.4760249706929789;-0.39209142807716313;1.610355882479212;0.6325375728217051;1.4062075633707545;0.7496066156189274;0.6233229786163285;-0.6432004983211744;-1.053205216923625;-0.4203459007696984;1
-0.6373886009082558;0.418836274402072;-1.1717280999827797;0.06725064805383019;-0.2520334555332482;0.22481970343665422;1.3572580962760437;0.3976878592584908;1.4089915115054383;-0.6947110842523231;-0.8902254483648673;0
0.498911319486751;0.19008148923844498;-0.4440672062042043;-0.8586124926013987;-0.1537477857160311;-0.5627722031860793;-0.7855129144622087;-0.5102248829192708;-1.1065986940884764;-1.1249040434578854;-0.5143218102887318;0
-0.4101286168292546;1.0765062817475008;-1.3796312124909442;-0.34424408112627153;-0.645176134802116;1.4062075633707545;-0.33776971818854407;-0.7412322670236385;1.077992800243082;0.022277181090279895;0.895316832496775;1
0.044391351328748704;-1.2396359180342267;0.12766635319324782;0.684492741823983;5.546821063682557;-0.16897624987471258;-0.6256046300787571;-0.72511547278381;-0.6432004983211744;0.9543619260356639;1.4591722896109773;1
-0.6373886009082558;0.418836274402072;-1.1717280999827797;0.06725064805383019;-0.2520334555332482;0.22481970343665422;1.3572580962760437;0.3976878592584908;1.4089915115054383;-0.6947110842523231;-0.8902254483648673;0
0.2716513354077503;0.4760249706929789;-0.39209142807716313;1.610355882479212;0.6325375728217051;1.4062075633707545;0.7496066156189274;0.6233229786163285;-0.6432004983211744;-1.053205216923625;-0.4203459007696984;1
0.32846633142750054;1.2766667187656748;-0.6519703187123687;0.06725064805383019;0.23939489355283666;-0.661221191513921;-0.49767800257199574;0.8220967742410392;0.1511964087084809;-0.04942164544398048;0.04953364682547054;0
0.3852813274472507;1.5626102002202094;-0.7559218749664509;-0.035623034241195346;0.09196638882701169;-0.7596701798417628;-0.5616413163253764;0.8865639512004129;0.08499666645601084;0.022277181090279895;-0.04444226269356291;1
1.3511362597830063;-0.03867329592518263;0.595448356336618;0.17012433034885574;-0.7434618046193331;1.3077585750429128;0.33384507622195303;-0.5048526181726215;-1.1065986940884764;1.0260607525699244;1.553148199130011;1
-0.8646485849872574;0.24727018552935126;-1.3796312124909442;0.06725064805383019;-0.4486047951676824;1.603105540026438;0.5896983312354757;-0.9668673863814762;0.7469940889807261;-0.6230122577180627;0.7073650134587064;1
1.3511362597830063;2.1344971631292777;0.3875452438284536;4.285071622149872;1.5171086011766584;0.7170646450758627;1.7090563219196375;3.3201998814166056;-0.6432004983211744;0.237373660693061;-1.0781772674029342;0
-0.6373886009082558;-1.068069829161506;-0.13221253744195766;-0.44711776342129705;-0.49774763007629097;1.4062075633707545;0.20591844871519166;-0.5102248829192708;0.813193831233196;-0.47961460464954275;-0.32636999125066496;0
-0.6373886009082558;0.7619684521475134;-1.2237038781098208;-0.1384967165362209;-0.1537477857160311;0.02792172678097082;1.293294782522663;0.38694332976531154;1.4089915115054383;-0.5513134311838032;-0.7022736293268004;0
1.0102462836645045;-0.4389941699615306;-0.18418831556899867;-0.5499914457163226;0.04282355391840313;-0.5627722031860793;-0.8814578850922797;0.5534835369103056;-0.6432004983211744;0.022277181090279895;-1.0781772674029342;1
-0.6373886009082558;0.7619684521475134;-1.2237038781098208;-0.1384967165362209;-0.1537477857160311;0.02792172678097082;1.293294782522663;0.38694332976531154;1.4089915115054383;-0.5513134311838032;-0.7022736293268004;0
-0.6373886009082558;0.5904023632747927;-1.2237038781098208;-0.24137039883124597;-0.05546211589881398;0.1263707151088125;1.3572580962760437;0.3976878592584908;1.4089915115054383;-0.47961460464954275;-0.6082977198077653;1
-0.6942035969280064;0.36164757811116505;-1.327655434363903;-0.1384967165362209;-0.05546211589881398;1.1108605983872295;-0.08191646317502137;-0.6499037663311974;0.680794346728253;-0.47961460464954275;0.23748546586353744;1
-0.012423644691001457;-1.2396359180342267;0.6474241344636591;-0.035623034241195346;-0.1537477857160311;0.1263707151088125;-0.08191646317502137;-1.2193638294723217;-0.047402818048932205;0.8826630995014036;1.9290518372061463;1
-0.6942035969280064;0.36164757811116505;-1.327655434363903;-0.1384967165362209;-0.05546211589881398;1.1108605983872295;-0.08191646317502137;-0.6499037663311974;0.680794346728253;-0.47961460464954275;0.23748546586353744;1
-0.012423644691001457;-1.2396359180342267;0.6474241344636591;-0.035623034241195346;-0.1537477857160311;0.1263707151088125;-0.08191646317502137;-1.2193638294723217;-0.047402818048932205;0.8826630995014036;1.9290518372061463;1
-0.012423644691001457;2.8207615186201602;-1.275679656236862;0.9931137887090591;0.14110922373562024;-0.9565681564974461;-1.105329483229112;1.1874107770108036;1.077992800243082;-1.1249040434578854;0.5194131944206395;0
0.32846633142750054;-1.2396359180342267;0.4914968000825356;0.17012433034885574;-1.2348901537054182;-0.5627722031860793;-0.2098430906817827;-0.5854365893718834;0.54839486222331;0.3090724872273206;1.2712204705729104;0
-0.5237586088687549;0.6189967114202461;-0.8598734312205332;-0.035623034241195346;-0.05546211589881398;0.02792172678097082;-0.4017330319419247;0.34933747653900526;1.7399902227677972;0.3090724872273206;0.3314613753825726;1
-0.5237586088687549;0.6189967114202461;-0.8598734312205332;-0.035623034241195346;-0.05546211589881398;0.02792172678097082;-0.4017330319419247;0.34933747653900526;1.7399902227677972;0.3090724872273206;0.3314613753825726;1
-0.8646485849872574;0.36164757811116505;-1.0677765437286977;3.667829528379721;-1.0383188140709845;-0.46432321485823763;-0.8814578850922797;-0.27384523406825384;0.614594604475783;-0.40791577811528235;0.3314613753825726;1
-0.8646485849872574;0.36164757811116505;-1.0677765437286977;3.667829528379721;-1.0383188140709845;-0.46432321485823763;-0.8814578850922797;-0.27384523406825384;0.614594604475783;-0.40791577811528235;0.3314613753825726;1
0.498911319486751;0.30445888182025815;-0.340115649950122;0.5816190595289574;-0.006319280990205422;-0.07052726154687088;2.220762831946683;0.6931624203222918;-0.5770007560687044;-0.40791577811528235;-0.8902254483648673;0
-0.6373886009082558;0.07570409665663118;0.023714796939165797;0.17012433034885574;0.14110922373562024;-0.365874226530396;1.0374415275091404;-0.16639993913598422;0.4821951199708399;0.45247014029584137;0.5194131944206395;0
-1.26235355712551;0.19008148923844498;-1.3796312124909442;-0.24137039883124597;-0.10460495080742253;-0.9565681564974461;-1.1692927969824929;-1.0259622985942007;1.8061899650202673;-0.7664099107865834;0.9892927420158084;1
-0.5237586088687549;-0.03867329592518263;-0.7039460968394098;-0.035623034241195346;-0.1537477857160311;1.8000035166821216;0.4937533606054047;-0.7680935907567059;0.7469940889807261;-0.40791577811528235;0.3314613753825726;1
-0.5805736048885056;-1.26823026617968;0.6474241344636591;-1.2701072217815006;-1.087461648979593;-0.8581191681696044;-1.105329483229112;-1.8264297458396925;-0.17980230255387525;-0.9098075638551042;0.9892927420158084;1
0.5557263155065022;-0.8393150439978787;1.1152061376070288;1.4046085178891607;2.499965299348829;-1.2519151214809712;-1.105329483229112;-0.5048526181726215;-0.5770007560687044;-0.5513134311838032;2.586883203839382;1
0.9534312876447543;-0.38180547367062373;0.9073030250988646;0.4787453772339319;-0.7926046395279416;-1.1534661331531295;-1.201274453859183;0.016257062248897936;0.08499666645601084;-0.19281929851250124;1.6471241086490442;1
0.6125413115262524;-0.7535319995615183;1.011254581352947;2.2275979762493643;0.6325375728217051;-1.2519151214809712;-1.1373111401058025;-0.17177220388257386;-0.3122017870588183;-0.04942164544398048;1.6471241086490442;1
-0.5805736048885056;-1.26823026617968;0.6474241344636591;-1.2701072217815006;-1.087461648979593;-0.8581191681696044;-1.105329483229112;-1.8264297458396925;-0.17980230255387525;-0.9098075638551042;0.9892927420158084;1
0.15802134336824902;-1.2110415698887733;0.6993999125907002;-0.24137039883124597;-0.10460495080742253;-1.2519151214809712;-1.265237767612564;-0.8540498267025574;-0.3122017870588183;0.16567483415880063;1.365196380091944;1
-1.7168735252835128;1.0765062817475008;-0.39209142807716313;-0.9614861748964243;3.9251075116984757;-0.8581191681696044;0.5257350174820951;-1.482604802056406;2.004789191777683;-0.2645181250467616;0.5194131944206395;0
0.044391351328748704;-0.9536924365796925;0.2835936875743713;-0.24137039883124597;-0.006319280990205422;1.603105540026438;1.0694231843858308;-0.16639993913598422;-0.11360256030140518;0.5241689668301017;0.5194131944206395;1
0.044391351328748704;0.5332136669838858;-0.7559218749664509;-0.6528651280113479;-0.4486047951676824;2.1937994699934884;0.014028507455049645;-0.8970279446754533;0.4159953777183669;1.7430490179125273;1.2712204705729104;1
0.7261713035657527;-0.6677489551251583;0.5434725782095767;-0.1384967165362209;0.48510906809587945;-0.5627722031860793;-0.7215496007088281;0.6179507138696793;-0.5108010138162313;-0.6230122577180627;0.04953364682547054;0
0.044391351328748704;-0.9536924365796925;0.2835936875743713;-0.24137039883124597;-0.006319280990205422;1.603105540026438;1.0694231843858308;-0.16639993913598422;-0.11360256030140518;0.5241689668301017;0.5194131944206395;1
0.044391351328748704;0.5332136669838858;-0.7559218749664509;-0.6528651280113479;-0.4486047951676824;2.1937994699934884;0.014028507455049645;-0.8970279446754533;0.4159953777183669;1.7430490179125273;1.2712204705729104;1
0.15802134336824902;-0.32461677737971717;0.023714796939165797;-0.1384967165362209;-1.284032988614027;-0.16897624987471258;-0.5616413163253764;-0.8325607677160796;-0.9079994673310604;1.0977595791041848;0.7073650134587064;0
0.15802134336824902;-1.7543341846523886;0.4914968000825356;-0.5499914457163226;-0.8417474744365502;3.6705342949111137;1.00545987063245;-0.35980147001404567;1.011793057990612;1.5996513648440065;0.5194131944206395;1
0.6125413115262524;-1.6399567920705747;0.33556946570141244;-0.1384967165362209;-0.9891759791623759;3.572085306583272;0.8775332431256887;0.6179507138696793;1.011793057990612;1.8147478444467877;-0.23239408173163148;1
0.044391351328748704;0.8191571484384204;-0.39209142807716313;-0.24137039883124597;0.5833947379130966;-0.46432321485823763;0.9414965568790694;0.34933747653900526;-0.7755999828261174;-0.40791577811528235;-1.1721531769219693;0
0.15802134336824902;-0.32461677737971717;0.023714796939165797;-0.1384967165362209;-1.284032988614027;-0.16897624987471258;-0.5616413163253764;-0.8325607677160796;-0.9079994673310604;1.0977595791041848;0.7073650134587064;0
0.21483633938799918;-1.1252585254524128;0.595448356336618;0.8902401064140336;-0.8908903093451588;-0.5627722031860793;-0.8494762282155894;-1.0904294755535744;-0.11360256030140518;0.5958677933643621;1.4591722896109773;1
-0.9782785770267582;0.4760249706929789;-1.327655434363903;-0.5499914457163226;-0.05546211589881398;-0.7596701798417628;-0.6575862869554474;0.4030601240051401;2.4681873875449827;0.5958677933643621;0.04953364682547054;0
-0.5237586088687549;0.4760249706929789;-1.327655434363903;-0.44711776342129705;-0.35031912535046533;-0.26742523820255426;-0.24182474755847305;0.41380465349837897;1.077992800243082;0.022277181090279895;-0.6082977198077653;0
-0.4101286168292546;-0.7249376514160648;0.12766635319324782;-0.5499914457163226;-0.1537477857160311;1.3077585750429128;0.6536616449888564;0.20965859312701898;0.879393573485669;-0.40791577811528235;-0.8902254483648673;1
-0.5237586088687549;0.4760249706929789;-1.327655434363903;-0.44711776342129705;-0.35031912535046533;-0.26742523820255426;-0.24182474755847305;0.41380465349837897;1.077992800243082;0.022277181090279895;-0.6082977198077653;0
-0.9782785770267582;0.4760249706929789;-1.327655434363903;-0.5499914457163226;-0.05546211589881398;-0.7596701798417628;-0.6575862869554474;0.4030601240051401;2.4681873875449827;0.5958677933643621;0.04953364682547054;0
0.2716513354077503;-1.2968246143251336;0.595448356336618;-0.1384967165362209;-1.0383188140709845;0.3232686917644959;0.8455515862489984;-0.6875096195575037;0.4821951199708399;0.5241689668301017;1.2712204705729104;1
0.2716513354077503;-1.2968246143251336;0.595448356336618;-0.1384967165362209;-1.0383188140709845;0.3232686917644959;0.8455515862489984;-0.6875096195575037;0.4821951199708399;0.5241689668301017;1.2712204705729104;1
2.0897312080397614;0.5904023632747927;1.2191576938611113;-1.0643598571914499;-0.49774763007629097;-0.9565681564974461;-0.6256046300787571;0.6448120376027466;-1.6361966321082486;-0.336216951581022;-0.04444226269356291;0
-0.6373886009082558;-0.8393150439978787;0.595448356336618;0.3758716949389064;-0.645176134802116;0.7170646450758627;-0.1138981200517117;-1.6921231271743555;0.1511964087084809;0.5241689668301017;2.3049554752822816;1
-1.2055385611057594;-0.38180547367062373;-0.49604298433124533;-0.8586124926013987;-0.3994619602590739;-0.8581191681696044;-1.105329483229112;-1.3214368596580017;1.9385894495252103;-0.7664099107865834;0.895316832496775;0
0.7261713035657527;-1.1252585254524128;1.3231092501151935;-0.24137039883124597;-0.35031912535046533;-0.26742523820255426;-0.6575862869554474;-0.8701666209423858;0.28359589321342393;0.8109642729671432;1.835075927687113;1
0.8966162916250041;-1.468390703197854;1.1671819157340702;2.6390927054294666;0.04282355391840313;-0.661221191513921;-0.9134395419689701;-1.0044732396077825;-0.8417997250785904;-0.9098075638551042;1.9290518372061463;1
1.0102462836645045;-0.5533715625433444;0.6993999125907002;0.17012433034885574;0.534251903004488;-0.26742523820255426;0.20591844871519166;0.875819421707174;-0.6432004983211744;-0.04942164544398048;-0.4203459007696984;1
0.839801295605254;-0.15305068850699644;0.3875452438284536;-0.1384967165362209;0.6325375728217051;-0.5627722031860793;-0.01795314942164069;1.0369873641055785;-0.5108010138162313;-0.336216951581022;-0.7022736293268004;1
-0.012423644691001457;-1.2968246143251336;1.1671819157340702;1.4046085178891607;0.4359662331872709;-0.46432321485823763;-0.6895679438321377;-0.9292615331551699;-0.3122017870588183;-0.04942164544398048;1.553148199130011;1
1.0670612796842547;-0.49618286625243757;0.8033514688447823;-0.44711776342129705;-0.49774763007629097;-0.8581191681696044;-0.8174945713388991;-0.5639475303854056;-1.1727984363409465;1.0260607525699244;0.6133891039396729;1
1.0670612796842547;-0.49618286625243757;1.6349639188774399;1.713229564774237;0.534251903004488;-0.46432321485823763;-0.6895679438321377;0.3976878592584908;-0.17980230255387525;2.4600372832551303;1.4591722896109773;1
-0.012423644691001457;-1.411202006906947;1.1152061376070288;-0.34424408112627153;0.5833947379130966;-0.9565681564974461;-1.0733478263524219;-1.4127653603504429;-0.3784015293112913;-0.19281929851250124;1.835075927687113;1
0.32846633142750054;-2.3262211475614567;0.9592788032259058;-0.6528651280113479;-0.30117629044185673;-0.5627722031860793;-0.7855129144622087;-0.6391592368380181;0.614594604475783;0.8109642729671432;1.365196380091944;1
0.32846633142750054;-2.3262211475614567;0.9592788032259058;-0.6528651280113479;-0.30117629044185673;-0.5627722031860793;-0.7855129144622087;-0.6391592368380181;0.614594604475783;0.8109642729671432;1.365196380091944;1
0.32846633142750054;-2.3262211475614567;0.9592788032259058;-0.6528651280113479;-0.30117629044185673;-0.5627722031860793;-0.7855129144622087;-0.6391592368380181;0.614594604475783;0.8109642729671432;1.365196380091944;1
-0.012423644691001457;-1.411202006906947;1.1152061376070288;-0.34424408112627153;0.5833947379130966;-0.9565681564974461;-1.0733478263524219;-1.4127653603504429;-0.3784015293112913;-0.19281929851250124;1.835075927687113;1
-0.06923864071075263;-1.2396359180342267;0.6993999125907002;-0.24137039883124597;-1.1366044838882012;-0.9565681564974461;-1.1373111401058025;-0.72511547278381;-0.047402818048932205;0.237373660693061;0.7073650134587064;1
1.0670612796842547;-1.068069829161506;1.1152061376070288;-0.34424408112627153;-1.4314614933398524;-1.0550171448252879;-1.1692927969824929;-1.1441521230197091;-0.7755999828261174;0.3090724872273206;1.553148199130011;1
-0.4101286168292546;-0.5533715625433444;0.6993999125907002;0.2729980126438813;0.04282355391840313;-0.9565681564974461;-1.105329483229112;-0.714370943290571;0.813193831233196;-0.7664099107865834;1.6471241086490442;1
0.10120634734849886;-1.8115228809432955;1.3231092501151935;-0.5499914457163226;0.4359662331872709;-0.661221191513921;-0.7215496007088281;-0.12342182116302867;0.28359589321342393;0.16567483415880063;-0.04444226269356291;0
0.3852813274472507;-0.9536924365796925;1.3231092501151935;-0.34424408112627153;1.4679657662680499;-1.0550171448252879;-1.1373111401058025;-0.5532030008921667;-0.047402818048932205;-0.19281929851250124;0.8013409229777415;1
0.6693563075460025;-0.8965037402887855;1.3231092501151935;-0.44711776342129705;0.3376805633700538;-0.365874226530396;0.17393679183850133;-0.3114510872945601;-0.17980230255387525;-0.47961460464954275;0.6133891039396729;1
-1.0919085690662584;0.24727018552935126;-0.7559218749664509;-0.1384967165362209;1.9102512804455263;0.9139626217315461;-0.3057880613118537;-0.8164439734762511;1.011793057990612;0.45247014029584137;0.8013409229777415;1
-0.18286863275025295;0.36164757811116505;-1.1197523218557388;-0.44711776342129705;0.38682339827866236;-0.365874226530396;-0.4337146888186151;0.343965211792356;0.28359589321342393;-0.2645181250467616;-0.4203459007696984;0
0.10120634734849886;-0.32461677737971717;0.023714796939165797;-0.5499914457163226;-1.1366044838882012;0.22481970343665422;-0.24182474755847305;-0.8218162382229004;-1.0403989518360035;1.456253711775486;0.6133891039396729;1
-0.6942035969280064;0.19008148923844498;-0.6519703187123687;-0.8586124926013987;-0.1537477857160311;-0.8581191681696044;-0.8814578850922797;-0.4242686469734193;-0.3122017870588183;-0.19281929851250124;-1.0781772674029342;0
-0.9782785770267582;0.24727018552935126;-1.275679656236862;-0.34424408112627153;1.664537105902484;-0.9565681564974461;-0.9454211988456604;-0.09118823268337166;0.4159953777183669;0.3090724872273206;-0.8902254483648673;0
0.2716513354077503;-1.468390703197854;0.6474241344636591;-0.44711776342129705;0.9273945822733565;0.4217176800923376;-0.5936229732020667;-0.6713928253176752;-1.1065986940884764;0.3090724872273206;0.7073650134587064;1
0.10120634734849886;-0.32461677737971717;0.023714796939165797;-0.5499914457163226;-1.1366044838882012;0.22481970343665422;-0.24182474755847305;-0.8218162382229004;-1.0403989518360035;1.456253711775486;0.6133891039396729;1
-0.012423644691001457;-1.068069829161506;0.6993999125907002;-0.035623034241195346;-0.7926046395279416;0.8155136334037044;0.07799182120843032;-0.6284147073447793;0.1511964087084809;1.527952538309746;0.5194131944206395;1
0.3852813274472507;-0.8393150439978787;0.7513756907177411;-0.035623034241195346;1.0748230869991815;-0.9565681564974461;-1.1373111401058025;-0.35980147001404567;-1.2389981785934194;-0.47961460464954275;1.365196380091944;1
0.10120634734849886;0.7619684521475134;-0.340115649950122;-0.34424408112627153;0.7799660775475308;0.7170646450758627;2.156799518193302;0.33322068229917673;-1.2389981785934194;-1.1966028699921456;-1.1721531769219693;0
0.3852813274472507;-0.7249376514160648;0.8553272469718234;-0.035623034241195346;-0.645176134802116;1.3077585750429128;0.014028507455049645;-1.2945755359249342;-0.7755999828261174;-0.336216951581022;1.6471241086490442;1
-0.9214635810070075;0.19008148923844498;-0.9118492093475743;0.4787453772339319;-0.10460495080742253;-0.8581191681696044;-0.7535312575855184;-0.010604261484169462;0.9455933157381391;-0.2645181250467616;-0.23239408173163148;0
1.1806912717237559;-1.525579399488761;1.1152061376070288;-0.5499914457163226;-0.7434618046193331;-0.9565681564974461;-1.1373111401058025;0.28487029957963156;0.08499666645601084;1.5996513648440065;0.42543728490160604;1
1.1806912717237559;-1.525579399488761;1.1152061376070288;-0.5499914457163226;-0.7434618046193331;-0.9565681564974461;-1.1373111401058025;0.28487029957963156;0.08499666645601084;1.5996513648440065;0.42543728490160604;1
1.0102462836645045;-0.8393150439978787;1.2191576938611113;-0.035623034241195346;1.12396592190779;-0.9565681564974461;-1.0413661694757315;-0.15028314489609607;-0.6432004983211744;0.022277181090279895;1.083268651534842;1
0.10120634734849886;-1.068069829161506;0.9073030250988646;-0.7557388103063735;-0.10460495080742253;-0.9565681564974461;-1.0733478263524219;-0.354429205267456;1.3427917692529683;-0.12112047197824086;0.23748546586353744;0
0.2716513354077503;-1.1252585254524128;0.7513756907177411;3.564955846084696;-0.3994619602590739;-0.8581191681696044;-1.0413661694757315;-0.06969917369689388;-0.11360256030140518;-0.19281929851250124;1.553148199130011;1
-0.6373886009082558;-0.6677489551251583;0.17964213132028897;-0.34424408112627153;0.09196638882701169;1.8984525050099632;0.8455515862489984;0.1559359456608842;0.813193831233196;-0.9098075638551042;-0.9842013578839007;0
-0.6373886009082558;-0.6677489551251583;0.17964213132028897;-0.34424408112627153;0.09196638882701169;1.8984525050099632;0.8455515862489984;0.1559359456608842;0.813193831233196;-0.9098075638551042;-0.9842013578839007;0
0.044391351328748704;0.36164757811116505;0.12766635319324782;0.17012433034885574;1.3696800964508327;1.5046565516985961;2.348689459453444;0.6985346850688814;-1.1065986940884764;-1.053205216923625;-1.2661290864410029;0
-0.7510185929477565;-0.7249376514160648;0.2835936875743713;1.1988611532991102;-0.9891759791623759;-0.661221191513921;-0.5296596594486861;-1.3697872423774873;-0.2460020448063482;-1.1249040434578854;0.8013409229777415;1
2.2033612000792617;-0.4389941699615306;1.1671819157340702;-1.0643598571914499;-0.30117629044185673;-1.2519151214809712;-1.265237767612564;0.1022132981947494;-1.2389981785934194;-0.12112047197824086;-0.04444226269356291;0
0.44209632346700084;-0.15305068850699644;0.17964213132028897;-0.5499914457163226;-0.7926046395279416;-0.7596701798417628;-0.9134395419689701;0.5534835369103056;0.018796924203537846;0.45247014029584137;0.04953364682547054;1
0.6693563075460025;1.9057423779656502;-0.02826098118787536;-0.5499914457163226;-0.10460495080742253;-0.26742523820255426;-0.5616413163253764;0.22040312262025788;-0.4446012715637613;-0.19281929851250124;-0.4203459007696984;0
-0.5805736048885056;-0.03867329592518263;0.2835936875743713;-0.34424408112627153;-0.5468904649848988;3.4736363182554304;0.7815882724956177;-1.359042712884308;0.1511964087084809;1.2411572321727047;2.3049554752822816;1
0.44209632346700084;-0.15305068850699644;0.17964213132028897;-0.5499914457163226;-0.7926046395279416;-0.7596701798417628;-0.9134395419689701;0.5534835369103056;0.018796924203537846;0.45247014029584137;0.04953364682547054;1
2.2033612000792617;-0.4389941699615306;1.1671819157340702;-1.0643598571914499;-0.30117629044185673;-1.2519151214809712;-1.265237767612564;0.1022132981947494;-1.2389981785934194;-0.12112047197824086;-0.04444226269356291;0
-0.5237586088687549;0.30445888182025815;-1.3796312124909442;-0.44711776342129705;-0.8417474744365502;-0.8581191681696044;-1.105329483229112;-0.5854365893718834;0.879393573485669;-0.47961460464954275;0.8013409229777415;1
0.839801295605254;-1.068069829161506;0.6474241344636591;-1.0643598571914499;-0.7434618046193331;-1.2519151214809712;-1.2332561107358735;-1.0796849460603355;-0.8417997250785904;-0.6947110842523231;0.895316832496775;1
-0.6942035969280064;-0.9536924365796925;0.17964213132028897;-0.8586124926013987;-0.05546211589881398;1.8984525050099632;0.7815882724956177;0.11833009243457791;0.813193831233196;-1.053205216923625;-0.9842013578839007;0
-0.3533136208095039;-0.7821263477069718;-0.7559218749664509;-0.7557388103063735;0.7799660775475308;0.3232686917644959;-0.5936229732020667;-0.4027795879870012;-1.0403989518360035;-1.1249040434578854;-0.9842013578839007;0
0.7829862995855028;-1.325418962470587;0.6993999125907002;-0.9614861748964243;-0.3994619602590739;-0.16897624987471258;-0.7855129144622087;-0.6176701778515404;-1.1727984363409465;-0.9815063903893646;0.42543728490160604;1
-0.3533136208095039;-0.7821263477069718;-0.7559218749664509;-0.7557388103063735;0.7799660775475308;0.3232686917644959;-0.5936229732020667;-0.4027795879870012;-1.0403989518360035;-1.1249040434578854;-0.9842013578839007;0
-0.6942035969280064;-1.068069829161506;0.07569057506620695;-0.44711776342129705;0.04282355391840313;1.5046565516985961;0.7176249587422371;0.12370235718122717;0.879393573485669;-1.1966028699921456;-0.9842013578839007;0
-1.0350935730465083;-0.7249376514160648;-0.8598734312205332;-0.44711776342129705;-0.2520334555332482;1.4062075633707545;0.04601016433173998;-0.6284147073447793;0.28359589321342393;-1.1966028699921456;-0.9842013578839007;1
-0.6942035969280064;-1.068069829161506;0.07569057506620695;-0.44711776342129705;0.04282355391840313;1.5046565516985961;0.7176249587422371;0.12370235718122717;0.879393573485669;-1.1966028699921456;-0.9842013578839007;0
0.9534312876447543;-1.0108811328705993;0.9592788032259058;0.06725064805383019;0.534251903004488;0.4217176800923376;1.3572580962760437;1.3270896604227302;-1.1065986940884764;-1.5550970026634472;-0.9842013578839007;0
-0.3533136208095039;0.418836274402072;-1.0677765437286977;-0.44711776342129705;-0.10460495080742253;0.3232686917644959;-0.14587977692840204;0.1398191514210557;0.4821951199708399;-0.19281929851250124;-0.32636999125066496;1
-1.5464285372242619;0.7619684521475134;-1.3796312124909442;-0.24137039883124597;0.2885377284614452;-1.2519151214809712;-1.105329483229112;-1.5739333027488471;2.6005868720499254;-0.12112047197824086;2.2109795657632483;1
-1.5464285372242619;0.7619684521475134;-1.3796312124909442;-0.24137039883124597;0.2885377284614452;-1.2519151214809712;-1.105329483229112;-1.5739333027488471;2.6005868720499254;-0.12112047197824086;2.2109795657632483;1
0.32846633142750054;1.7913649853838365;0.3875452438284536;-1.0643598571914499;-1.5297471631570694;-1.1534661331531295;-1.1373111401058025;-0.6284147073447793;-1.3051979208458895;-1.1966028699921456;-1.2661290864410029;1
-1.0919085690662584;0.9335345410202335;-1.3796312124909442;-0.8071756514538863;-1.284032988614027;-0.8581191681696044;-1.0733478263524219;-2.734342488017514;1.011793057990612;-0.8381087373208438;2.3049554752822816;1
-0.46694361284900476;-0.5533715625433444;0.17964213132028897;-0.24137039883124597;-0.9400331442537673;-0.9565681564974461;-1.0733478263524219;-0.9453783273949985;0.813193831233196;0.5241689668301017;0.9892927420158084;1
0.8966162916250041;-1.0108811328705993;0.595448356336618;-0.9614861748964243;-1.1366044838882012;1.5046565516985961;0.04601016433173998;0.027001591742136826;-0.3784015293112913;1.2411572321727047;0.143509556344504;1
0.44209632346700084;-1.3540133106160406;0.33556946570141244;-0.3956809222737845;-0.8908903093451588;-0.26742523820255426;-0.5936229732020667;-0.8325607677160796;-0.3784015293112913;1.3845548852412255;1.1772445610538753;1
-0.8646485849872574;-0.9536924365796925;0.2835936875743713;-0.6528651280113479;-0.6943189697107245;-1.1534661331531295;-1.201274453859183;-2.1004152479170157;0.28359589321342393;-0.6947110842523231;2.2109795657632483;1
-0.06923864071075263;-0.5533715625433444;0.12766635319324782;-0.8586124926013987;-0.006319280990205422;1.1108605983872295;-0.01795314942164069;-0.3651737347606949;-0.4446012715637613;-0.7664099107865834;-0.13841817221259636;0
-0.8646485849872574;-0.9536924365796925;0.2835936875743713;-0.6528651280113479;-0.6943189697107245;-1.1534661331531295;-1.201274453859183;-2.1004152479170157;0.28359589321342393;-0.6947110842523231;2.2109795657632483;1
0.44209632346700084;-1.3540133106160406;0.33556946570141244;-0.3956809222737845;-0.8908903093451588;-0.26742523820255426;-0.5936229732020667;-0.8325607677160796;-0.3784015293112913;1.3845548852412255;1.1772445610538753;1
0.44209632346700084;-1.2968246143251336;0.3875452438284536;-0.44711776342129705;-0.8417474744365502;-0.365874226530396;-0.6575862869554474;-0.8325607677160796;-0.3784015293112913;1.3845548852412255;1.1772445610538753;1
0.32846633142750054;-1.0108811328705993;0.6993999125907002;1.1988611532991102;1.4188229313594414;-0.365874226530396;-0.6895679438321377;-0.6552760310778467;-0.5770007560687044;0.38077131376158097;1.4591722896109773;1
0.7261713035657527;-0.15305068850699644;0.4914968000825356;0.3758716949389064;1.7136799408110925;1.0124116100593878;0.3018634193452627;0.27412577008639266;-0.9079994673310604;0.237373660693061;0.42543728490160604;0
0.32846633142750054;-1.411202006906947;0.9592788032259058;-0.7557388103063735;-0.6943189697107245;-0.8581191681696044;-1.0733478263524219;-1.7028676566675944;-0.4446012715637613;-0.6947110842523231;1.7411000181680794;1
0.32846633142750054;-1.1824472217433197;0.23161790944733013;-0.44711776342129705;0.3376805633700538;-0.365874226530396;-0.8494762282155894;-0.5424584713989278;-0.9741992095835335;-0.6947110842523231;-0.04444226269356291;1
-0.3533136208095039;2.7349784741837992;-0.5999945405853276;-0.34424408112627153;1.0256802520905728;-0.46432321485823763;-0.4337146888186151;-0.35980147001404567;-0.5770007560687044;-1.1966028699921456;-0.4203459007696984;0
-0.46694361284900476;1.0479119336020473;-1.3796312124909442;-0.8586124926013987;0.534251903004488;0.618615656748021;-0.4656963456953054;-0.19326126286905163;0.4159953777183669;-0.47961460464954275;-0.4203459007696984;1
-0.18286863275025295;0.30445888182025815;-0.5480187624582865;-0.44711776342129705;1.9102512804455263;-1.2519151214809712;-1.2332561107358735;-1.165641182006187;-0.6432004983211744;-0.47961460464954275;0.7073650134587064;1
1.237506267743506;-0.7821263477069718;1.011254581352947;-0.24137039883124597;-0.30117629044185673;-0.16897624987471258;-0.5936229732020667;-0.3920350584937623;-1.7023963743607187;1.3845548852412255;0.895316832496775;1
0.32846633142750054;-0.8393150439978787;0.6993999125907002;-0.24137039883124597;-0.645176134802116;-0.365874226530396;-0.5616413163253764;-0.9937287101145437;-0.3122017870588183;0.7392654464328828;2.02302774672518;1
-0.18286863275025295;-1.983088969816016;0.5434725782095767;-1.5787282686665771;-1.5788899980656779;1.9969014933378049;2.0288728906865408;-3.567043523742663;-2.827791992652733;-1.4833981761291868;2.117003656244213;1
-0.18286863275025295;-1.983088969816016;0.5434725782095767;-1.5787282686665771;-1.5788899980656779;1.9969014933378049;2.0288728906865408;-3.567043523742663;-2.827791992652733;-1.4833981761291868;2.117003656244213;1
-0.7510185929477565;-0.15305068850699644;-0.6519703187123687;-0.6528651280113479;-0.1537477857160311;-0.5627722031860793;-0.7215496007088281;-0.18788899812240237;1.4089915115054383;-0.2645181250467616;-0.04444226269356291;0
1.6920262359015095;-0.9536924365796925;2.0507701438937693;-0.035623034241195346;2.0576797851713517;-1.2519151214809712;-1.201274453859183;-0.15565540964274535;-0.7755999828261174;-0.8381087373208438;1.365196380091944;1
1.6920262359015095;-0.9536924365796925;2.0507701438937693;-0.035623034241195346;2.0576797851713517;-1.2519151214809712;-1.201274453859183;-0.15565540964274535;-0.7755999828261174;-0.8381087373208438;1.365196380091944;1
-0.7510185929477565;-0.09586199221608953;-0.9118492093475743;-0.34424408112627153;-0.9400331442537673;-1.1534661331531295;-1.1692927969824929;-0.4672467649463749;0.21739615096095385;-0.7664099107865834;0.04953364682547054;0
-0.06923864071075263;-1.1824472217433197;0.8033514688447823;-0.1384967165362209;0.8291089124561394;-1.2519151214809712;-1.1692927969824929;-0.886283415182274;-0.3122017870588183;-0.6947110842523231;1.7411000181680794;1
-0.3533136208095039;0.30445888182025815;-1.327655434363903;-0.6528651280113479;0.3376805633700538;-0.365874226530396;-0.8814578850922797;-0.5532030008921667;0.018796924203537846;-0.6230122577180627;0.04953364682547054;1
0.15802134336824902;1.7341762890929295;-1.3796312124909442;0.3758716949389064;0.6816804077303137;0.1263707151088125;-0.08191646317502137;0.8113522447478003;0.08499666645601084;-0.336216951581022;-0.04444226269356291;1
-0.2396836287700031;-1.2396359180342267;0.2835936875743713;-0.5499914457163226;-0.7434618046193331;-0.16897624987471258;-0.3057880613118537;-1.6491450092014597;0.614594604475783;-0.6230122577180627;2.02302774672518;1
-1.0919085690662584;1.534015852074756;-1.3796312124909442;-0.24137039883124597;-0.7926046395279416;1.2093095867150712;0.20591844871519166;-1.5739333027488471;1.144192542495555;-0.9098075638551042;1.083268651534842;0
-0.6373886009082558;-1.068069829161506;-0.288139871823081;0.06725064805383019;-0.30117629044185673;2.4891464349770134;0.7176249587422371;-0.456502235453136;0.3497956354658969;-0.7664099107865834;-0.32636999125066496;1
-0.3533136208095039;0.30445888182025815;-1.327655434363903;-0.6528651280113479;0.3376805633700538;-0.365874226530396;-0.8814578850922797;-0.5532030008921667;0.018796924203537846;-0.6230122577180627;0.04953364682547054;1
-0.6942035969280064;0.36164757811116505;-1.3796312124909442;-0.34424408112627153;0.48510906809587945;-0.661221191513921;-1.009384512599041;-0.9829841806213048;0.680794346728253;-0.6947110842523231;0.9892927420158084;1
-0.5805736048885056;0.13289279294753809;-1.327655434363903;-0.6528651280113479;0.5833947379130966;-0.661221191513921;-0.9774028557223507;-0.8433052972093185;0.21739615096095385;-0.47961460464954275;0.5194131944206395;1
-0.1260536367305028;1.6769875928020226;-1.3796312124909442;1.713229564774237;0.6816804077303137;-1.0550171448252879;-1.009384512599041;0.9832647166394436;0.28359589321342393;-0.8381087373208438;-0.7962495388458338;0
-0.46694361284900476;0.24727018552935126;-0.9638249874746153;0.17012433034885574;0.38682339827866236;-0.16897624987471258;-0.5936229732020667;-0.4242686469734193;-0.11360256030140518;-0.40791577811528235;-0.04444226269356291;1
0.32846633142750054;1.2480723706202215;-0.4440672062042043;0.06725064805383019;-0.20289062062463964;-0.07052726154687088;0.07799182120843032;0.36545427077883375;-0.7755999828261174;-1.268301696526406;-0.7022736293268004;1
1.0102462836645045;-0.8965037402887855;0.3875452438284536;-0.035623034241195346;0.1902520586442288;-1.0550171448252879;-0.9134395419689701;0.06460744496844312;-0.9741992095835335;0.022277181090279895;0.143509556344504;1
-0.4101286168292546;-1.2396359180342267;0.3875452438284536;0.06725064805383019;0.04282355391840313;1.0124116100593878;-0.33776971818854407;-1.6921231271743555;-0.6432004983211744;-0.40791577811528235;1.9290518372061463;1
-0.5805736048885056;2.191685859420185;-0.8598734312205332;-0.6528651280113479;-0.35031912535046533;0.4217176800923376;0.33384507622195303;0.005512532755718693;0.21739615096095385;-0.6230122577180627;-1.1721531769219693;0
0.21483633938799918;-0.6677489551251583;0.7513756907177411;3.873576892969772;-0.1537477857160311;0.9139626217315461;-0.1138981200517117;-0.7573490612635266;-0.5108010138162313;0.8826630995014036;2.02302774672518;1
0.32846633142750054;-0.15305068850699644;-0.288139871823081;-0.24137039883124597;0.3376805633700538;0.5201666684201793;-0.2098430906817827;0.11295782768798829;0.08499666645601084;1.312856058706965;0.6133891039396729;1
-0.5237586088687549;2.506223689020172;-1.3796312124909442;-0.24137039883124597;0.3376805633700538;0.02792172678097082;-0.4337146888186151;0.45678277147127483;1.7399902227677972;0.16567483415880063;-0.23239408173163148;0
-0.8078335889675067;-0.21023938479790336;-0.39209142807716313;-0.7557388103063735;-0.10460495080742253;-0.26742523820255426;-0.6256046300787571;-0.6660205605710856;0.4159953777183669;-0.04942164544398048;-0.6082977198077653;1
0.32846633142750054;-0.15305068850699644;-0.288139871823081;-0.24137039883124597;0.3376805633700538;0.5201666684201793;-0.2098430906817827;0.11295782768798829;0.08499666645601084;1.312856058706965;0.6133891039396729;1
-1.0919085690662584;-0.7821263477069718;0.33556946570141244;0.8902401064140336;-1.7263185027915036;-0.365874226530396;0.237900105591882;-2.0252035414644034;0.28359589321342393;-0.19281929851250124;1.6471241086490442;1
-0.8078335889675067;-0.49618286625243757;-1.3796312124909442;-1.0643598571914499;-0.5468904649848988;1.603105540026438;-0.24182474755847305;-1.2515974179519787;0.018796924203537846;-0.47961460464954275;0.895316832496775;1
-0.4101286168292546;1.4482328076383957;-1.3796312124909442;-0.7557388103063735;-0.2520334555332482;1.70155452835428;-0.01795314942164069;-0.31682335204114975;-0.047402818048932205;-0.19281929851250124;0.23748546586353744;1
-0.6942035969280064;-0.5533715625433444;-0.49604298433124533;-0.6528651280113479;0.04282355391840313;1.1108605983872295;0.17393679183850133;-0.19863352761564126;1.144192542495555;-0.04942164544398048;-0.04444226269356291;0
0.5557263155065022;-0.21023938479790336;0.4914968000825356;-0.7557388103063735;-0.006319280990205422;-1.2519151214809712;-1.009384512599041;0.1666804751541231;-0.3122017870588183;0.9543619260356639;0.42543728490160604;1
0.5557263155065022;-0.15305068850699644;0.4914968000825356;-0.6528651280113479;0.14110922373562024;-0.9565681564974461;-0.9134395419689701;0.17742500464736197;-0.3122017870588183;0.8826630995014036;0.3314613753825726;1
-0.6942035969280064;-0.5533715625433444;-0.49604298433124533;-0.6528651280113479;0.04282355391840313;1.1108605983872295;0.17393679183850133;-0.19863352761564126;1.144192542495555;-0.04942164544398048;-0.04444226269356291;0
-1.5464285372242619;0.4474306225475254;-1.1197523218557388;-0.035623034241195346;-0.3994619602590739;0.3232686917644959;-0.6575862869554474;-2.2186050723425246;1.6075907382628543;-0.6947110842523231;2.3049554752822816;0
-0.012423644691001457;-1.1252585254524128;0.8033514688447823;-0.1384967165362209;-0.5468904649848988;-0.661221191513921;-0.8174945713388991;-1.3160645949113523;0.4159953777183669;0.8826630995014036;2.117003656244213;1
-0.06923864071075263;0.6475910595656996;0.023714796939165797;-0.44711776342129705;0.6816804077303137;-1.0550171448252879;1.00545987063245;0.40843238875172966;-1.2389981785934194;-0.19281929851250124;-1.2661290864410029;1
-0.06923864071075263;0.6475910595656996;0.023714796939165797;-0.44711776342129705;0.6816804077303137;-1.0550171448252879;1.00545987063245;0.40843238875172966;-1.2389981785934194;-0.19281929851250124;-1.2661290864410029;1
0.32846633142750054;-0.2674280810888102;1.3750850282422347;1.610355882479212;0.976537417181965;-1.2519151214809712;-1.1373111401058025;-0.456502235453136;-0.7094002405736474;-0.40791577811528235;1.553148199130011;1
-0.4101286168292546;-0.6105602588342514;-0.08023675931491651;1.5074822001841863;1.12396592190779;1.2093095867150712;1.4212214100294245;0.6072061843764404;-1.1065986940884764;-0.5513134311838032;-1.2661290864410029;0
0.8966162916250041;0.018515400365724275;1.5829881407503987;-0.035623034241195346;0.5833947379130966;1.4062075633707545;0.20591844871519166;0.20965859312701898;-0.8417997250785904;0.8109642729671432;1.083268651534842;1
0.32846633142750054;-0.2674280810888102;1.3750850282422347;1.610355882479212;0.976537417181965;-1.2519151214809712;-1.1373111401058025;-0.456502235453136;-0.7094002405736474;-0.40791577811528235;1.553148199130011;1
1.86247122396076;-1.6971454883614816;1.5829881407503987;-0.6528651280113479;-0.35031912535046533;-1.2519151214809712;-1.201274453859183;0.7468850677884267;-1.1727984363409465;0.38077131376158097;-0.5143218102887318;1
0.44209632346700084;-0.7249376514160648;1.2191576938611113;-0.6528651280113479;-0.49774763007629097;-0.8581191681696044;-0.9454211988456604;-1.122663064033291;-0.7094002405736474;0.3090724872273206;1.9290518372061463;1
-0.18286863275025295;-0.8393150439978787;0.9073030250988646;-0.5499914457163226;0.8291089124561394;-0.9565681564974461;-0.9774028557223507;-0.5961811188650626;-0.11360256030140518;-0.04942164544398048;0.895316832496775;1
1.0670612796842547;-1.3540133106160406;1.998794365766728;-0.035623034241195346;-0.30117629044185673;-0.9565681564974461;-0.9134395419689701;-0.5693197951319953;-0.6432004983211744;-0.12112047197824086;1.2712204705729104;1
-0.06923864071075263;1.219478022474768;-0.9118492093475743;-0.44711776342129705;-0.6943189697107245;-1.0550171448252879;-1.1373111401058025;-1.359042712884308;-0.2460020448063482;-0.5513134311838032;1.2712204705729104;1
-0.3533136208095039;0.4760249706929789;-0.4440672062042043;-0.035623034241195346;0.09196638882701169;-0.9565681564974461;-0.8174945713388991;-0.22012258660211903;-0.17980230255387525;-0.336216951581022;-0.23239408173163148;1
-0.9782785770267582;-0.03867329592518263;-0.9638249874746153;-0.035623034241195346;-0.5468904649848988;-0.26742523820255426;-0.6256046300787571;-1.6813785976811169;0.54839486222331;0.5241689668301017;1.9290518372061463;1
1.578396243862008;-1.2396359180342267;1.3750850282422347;-0.24137039883124597;-1.0383188140709845;-1.2519151214809712;-1.1373111401058025;-0.5317139419056889;-1.9671953433706046;1.312856058706965;0.42543728490160604;1
1.578396243862008;-1.2396359180342267;1.3750850282422347;-0.24137039883124597;-1.0383188140709845;-1.2519151214809712;-1.1373111401058025;-0.5317139419056889;-1.9671953433706046;1.312856058706965;0.42543728490160604;1
-0.18286863275025295;0.5332136669838858;0.4395210219554945;0.3758716949389064;0.23939489355283666;1.2093095867150712;0.20591844871519166;0.1559359456608842;-0.047402818048932205;-0.19281929851250124;0.3314613753825726;0
0.5557263155065022;-1.1252585254524128;0.9592788032259058;-0.9614861748964243;-1.1857473187968097;0.3232686917644959;-0.27380640443516335;-0.9292615331551699;-0.9079994673310604;1.7430490179125273;0.6133891039396729;1
-0.6373886009082558;-1.0108811328705993;-0.02826098118787536;-0.6528651280113479;0.09196638882701169;1.70155452835428;0.9414965568790694;0.0484906507286146;0.54839486222331;-0.47961460464954275;-0.8902254483648673;1
-0.18286863275025295;0.5332136669838858;0.33556946570141244;0.2729980126438813;0.3376805633700538;0.02792172678097082;-0.27380640443516335;0.2633812405931538;-0.047402818048932205;-0.47961460464954275;0.23748546586353744;1
0.44209632346700084;-1.5827680957796677;0.3875452438284536;-0.44711776342129705;-0.49774763007629097;2.88294238828838;0.6856433018655467;0.5266222131772381;0.813193831233196;1.527952538309746;-0.23239408173163148;1
0.8966162916250041;-1.1824472217433197;1.531012362623358;-0.44711776342129705;-0.3994619602590739;-1.2519151214809712;-1.201274453859183;-0.7358600022770488;-1.1065986940884764;0.5958677933643621;0.895316832496775;1
0.15802134336824902;-0.8965037402887855;1.998794365766728;4.079324257559823;-0.05546211589881398;-1.2519151214809712;-1.201274453859183;0.784490921014733;-0.3122017870588183;-0.47961460464954275;0.5194131944206395;0
0.15802134336824902;-0.8965037402887855;1.998794365766728;4.079324257559823;-0.05546211589881398;-1.2519151214809712;-1.201274453859183;0.784490921014733;-0.3122017870588183;-0.47961460464954275;0.5194131944206395;0
1.1238762757040057;-1.468390703197854;1.531012362623358;-1.0643598571914499;-1.6771756678828948;-1.2519151214809712;-1.201274453859183;-1.0743126813137458;-1.0403989518360035;-0.9815063903893646;1.2712204705729104;1
-0.6373886009082558;-0.8393150439978787;0.17964213132028897;-0.6528651280113479;-0.3994619602590739;1.5046565516985961;0.7815882724956177;0.075351974461682;0.680794346728253;-0.40791577811528235;-0.8902254483648673;1
0.21483633938799918;-0.6105602588342514;0.9592788032259058;-0.035623034241195346;-0.4486047951676824;1.603105540026438;0.429790046852024;-0.2899620283080823;0.08499666645601084;0.8826630995014036;1.4591722896109773;1
-0.6373886009082558;-0.8393150439978787;0.17964213132028897;-0.6528651280113479;-0.3994619602590739;1.5046565516985961;0.7815882724956177;0.075351974461682;0.680794346728253;-0.40791577811528235;-0.8902254483648673;1
-0.8646485849872574;-0.2674280810888102;-0.9638249874746153;-0.6528651280113479;-0.35031912535046533;2.3906974466491717;0.5896983312354757;-0.7627213260101163;-1.3051979208458895;-1.1249040434578854;-0.7962495388458338;0
0.10120634734849886;-1.068069829161506;0.6993999125907002;2.3304716585443903;-1.284032988614027;-1.2519151214809712;-1.1692927969824929;0.36008200603224416;0.4159953777183669;0.09397600762454027;1.083268651534842;1
-0.2396836287700031;-1.925900273525109;0.8033514688447823;-0.8586124926013987;-1.1857473187968097;0.22481970343665422;-0.49767800257199574;-1.4557434783233387;-0.17980230255387525;0.3090724872273206;0.7073650134587064;1
1.86247122396076;-0.6677489551251583;1.4270608063692758;-0.9614861748964243;0.6816804077303137;0.618615656748021;-0.14587977692840204;0.343965211792356;-1.9671953433706046;0.8109642729671432;-0.5143218102887318;1
1.86247122396076;-0.6677489551251583;1.4270608063692758;-0.9614861748964243;0.6816804077303137;0.618615656748021;-0.14587977692840204;0.343965211792356;-1.9671953433706046;0.8109642729671432;-0.5143218102887318;1
0.9534312876447543;-1.525579399488761;1.4270608063692758;-0.5499914457163226;0.09196638882701169;2.587595423304855;0.909514900002379;-1.1817579762460153;-2.2319943123804906;-0.12112047197824086;1.2712204705729104;1
-0.2396836287700031;-1.068069829161506;0.8033514688447823;-0.44711776342129705;0.23939489355283666;-0.7596701798417628;-0.8494762282155894;-0.6713928253176752;0.21739615096095385;-0.336216951581022;0.895316832496775;1
-0.7510185929477565;0.07570409665663118;-0.9118492093475743;-0.44711776342129705;-0.006319280990205422;-0.5627722031860793;-0.9454211988456604;-1.03133456334085;0.7469940889807261;-0.40791577811528235;0.9892927420158084;1
0.498911319486751;-1.2396359180342267;0.4914968000825356;-0.24137039883124597;-0.10460495080742253;-0.46432321485823763;-0.4656963456953054;-0.3007065578013212;0.08499666645601084;1.527952538309746;1.4591722896109773;1
-0.9782785770267582;1.1336949780384076;-0.9118492093475743;3.1534611169045936;1.7628227757197013;-0.661221191513921;-0.9134395419689701;-0.08581596793672239;0.21739615096095385;-1.1249040434578854;0.3314613753825726;1
0.6125413115262524;-0.7249376514160648;1.0632303594799877;0.06725064805383019;0.2885377284614452;-0.9565681564974461;-0.8174945713388991;0.5427390074171263;-1.1065986940884764;-1.053205216923625;0.04953364682547054;0
-0.9782785770267582;1.1336949780384076;-0.9118492093475743;3.1534611169045936;1.7628227757197013;-0.661221191513921;-0.9134395419689701;-0.08581596793672239;0.21739615096095385;-1.1249040434578854;0.3314613753825726;1
0.15802134336824902;-0.03867329592518263;0.595448356336618;-0.9614861748964243;0.7308232426389222;-1.0550171448252879;-0.8814578850922797;-0.026721055723997973;-0.7755999828261174;-0.9098075638551042;-0.9842013578839007;0
0.15802134336824902;-0.03867329592518263;0.595448356336618;-0.9614861748964243;0.7308232426389222;-1.0550171448252879;-0.8814578850922797;-0.026721055723997973;-0.7755999828261174;-0.9098075638551042;-0.9842013578839007;0
0.044391351328748704;-1.068069829161506;0.8033514688447823;-0.34424408112627153;-0.4486047951676824;0.7170646450758627;-0.3057880613118537;-1.4987215962962346;-1.3713976630983626;0.9543619260356639;1.835075927687113;1
-0.5237586088687549;-0.21023938479790336;0.023714796939165797;-0.34424408112627153;-0.49774763007629097;-0.16897624987471258;-0.6575862869554474;-1.5202106552827124;0.21739615096095385;-0.12112047197824086;1.4591722896109773;1
-1.26235355712551;-0.2674280810888102;-0.9118492093475743;-0.7557388103063735;-0.1537477857160311;0.22481970343665422;-0.49767800257199574;-1.4449989488300998;0.879393573485669;-0.7664099107865834;0.7073650134587064;1
-0.5237586088687549;-0.21023938479790336;0.023714796939165797;-0.34424408112627153;-0.49774763007629097;-0.16897624987471258;-0.6575862869554474;-1.5202106552827124;0.21739615096095385;-0.12112047197824086;1.4591722896109773;1
-0.18286863275025295;-0.2674280810888102;0.3875452438284536;-0.24137039883124597;-0.3994619602590739;0.02792172678097082;-0.6575862869554474;-1.670634068187878;-0.2460020448063482;0.09397600762454027;1.835075927687113;1
-1.1487235650860093;0.24727018552935126;0.07569057506620695;-0.34424408112627153;-1.6280328329742864;-0.26742523820255426;0.10997347808512066;-1.595422361735325;0.614594604475783;-0.336216951581022;2.2109795657632483;0
-0.06923864071075263;-1.6971454883614816;0.8033514688447823;-0.5499914457163226;-0.5960332998935074;-0.661221191513921;-0.9134395419689701;-1.584677832242086;-0.7094002405736474;-0.7664099107865834;1.7411000181680794;1
0.44209632346700084;-1.2968246143251336;0.7513756907177411;-0.44711776342129705;-0.645176134802116;-0.5627722031860793;-0.6895679438321377;-0.7949549144898329;-0.3122017870588183;1.456253711775486;1.1772445610538753;1
-0.1260536367305028;1.4482328076383957;-0.8598734312205332;0.8902401064140336;0.4359662331872709;-1.1534661331531295;-1.0413661694757315;0.9886369813860929;0.28359589321342393;-1.1249040434578854;-0.8902254483648673;0
1.4079512558027576;-0.32461677737971717;0.8553272469718234;-0.34424408112627153;4.4165358607845615;1.1108605983872295;0.6536616449888564;0.8006077152545614;-0.9741992095835335;0.8109642729671432;0.3314613753825726;1
-0.012423644691001457;0.018515400365724275;-1.3796312124909442;-1.0643598571914499;-0.5468904649848988;-0.9565681564974461;-1.009384512599041;-0.41889638222682973;-0.4446012715637613;-0.04942164544398048;-0.4203459007696984;1
-1.6600585292637622;-0.6105602588342514;0.023714796939165797;-0.44711776342129705;0.534251903004488;0.7170646450758627;0.3018634193452627;-1.0743126813137458;3.063985067817225;-0.04942164544398048;1.7411000181680794;1
-0.2396836287700031;-1.1252585254524128;0.7513756907177411;-0.9614861748964243;-1.2348901537054182;-0.9565681564974461;-0.33776971818854407;-1.4772325373098165;-0.17980230255387525;0.45247014029584137;0.5194131944206395;1
0.32846633142750054;-1.6399567920705747;0.6474241344636591;-0.8586124926013987;-0.35031912535046533;-1.2519151214809712;-1.1373111401058025;0.1451914161676453;-1.3051979208458895;-0.40791577811528235;-0.8902254483648673;1
-1.887318513342764;-0.7249376514160648;1.2191576938611113;1.918976929364288;-1.7263185027915036;1.3077585750429128;1.101404841262521;-3.4972040820366996;1.144192542495555;0.09397600762454027;2.9627868419155177;1
-0.7510185929477565;0.9335345410202335;-1.0158007656016563;0.06725064805383019;0.48510906809587945;-0.07052726154687088;-0.7855129144622087;-0.5317139419056889;0.4159953777183669;-0.336216951581022;0.8013409229777415;1
-0.7510185929477565;0.9335345410202335;-1.0158007656016563;0.06725064805383019;0.48510906809587945;-0.07052726154687088;-0.7855129144622087;-0.5317139419056889;0.4159953777183669;-0.336216951581022;0.8013409229777415;1
-0.7510185929477565;0.9335345410202335;-1.0158007656016563;0.06725064805383019;0.48510906809587945;-0.07052726154687088;-0.7855129144622087;-0.5317139419056889;0.4159953777183669;-0.336216951581022;0.8013409229777415;1
-0.6942035969280064;-0.7821263477069718;-0.7559218749664509;-0.34424408112627153;-0.7926046395279416;-0.16897624987471258;-0.6895679438321377;-2.250838660822241;-0.11360256030140518;-0.8381087373208438;2.680859113358417;1
-1.5464285372242619;0.7619684521475134;-1.3796312124909442;0.06725064805383019;-0.7434618046193331;-0.8581191681696044;-0.9774028557223507;-2.2293496018357635;1.3427917692529683;-0.47961460464954275;2.3049554752822816;0
-0.2396836287700031;0.07570409665663118;0.3875452438284536;0.06725064805383019;-0.2520334555332482;-0.7596701798417628;-0.9134395419689701;-2.342167161514682;-0.7755999828261174;0.5241689668301017;2.4929072943203487;1
-0.9782785770267582;-0.15305068850699644;-1.3796312124909442;-0.6528651280113479;-0.9400331442537673;0.5201666684201793;-0.5616413163253764;-1.7136121861608333;0.813193831233196;-0.6947110842523231;1.7411000181680794;1
-1.1487235650860093;-0.32461677737971717;-1.3796312124909442;-1.0643598571914499;-1.284032988614027;1.1108605983872295;-0.4017330319419247;-2.422751132713884;0.879393573485669;-1.1966028699921456;1.7411000181680794;1
1.3511362597830063;-0.7249376514160648;0.5434725782095767;-0.5499914457163226;-0.006319280990205422;0.1263707151088125;-0.5296596594486861;0.016257062248897936;-1.3051979208458895;0.022277181090279895;0.7073650134587064;1
-1.0350935730465083;0.30445888182025815;-1.3796312124909442;-0.24137039883124597;0.7308232426389222;-1.2519151214809712;-1.0413661694757315;-0.6122979131049507;2.004789191777683;-0.19281929851250124;0.9892927420158084;0
0.2716513354077503;-1.6399567920705747;0.4395210219554945;-0.7557388103063735;-1.284032988614027;-0.26742523820255426;-0.5936229732020667;-1.4879770668029957;-1.1727984363409465;-0.40791577811528235;0.8013409229777415;1
-1.432798545184761;-1.3540133106160406;-0.02826098118787536;-0.7557388103063735;-0.8908903093451588;-1.2519151214809712;-1.105329483229112;-2.7988096649768277;0.4821951199708399;-0.7664099107865834;2.8688109323964843;1
-1.1487235650860093;1.3338554150565818;-1.3796312124909442;0.4787453772339319;-0.4486047951676824;1.0124116100593878;0.20591844871519166;-1.5685610380022574;1.2765920270004951;-0.336216951581022;0.9892927420158084;1
0.9534312876447543;-0.5533715625433444;0.33556946570141244;0.2729980126438813;0.6816804077303137;1.2093095867150712;1.389239753152734;0.908053010186831;-0.6432004983211744;0.237373660693061;-0.4203459007696984;0
1.237506267743506;-0.5533715625433444;0.4395210219554945;0.8902401064140336;0.534251903004488;0.8155136334037044;0.7815882724956177;0.6824178908290529;-0.7094002405736474;0.3090724872273206;0.04953364682547054;1
0.44209632346700084;0.418836274402072;-1.3796312124909442;-0.5499914457163226;-1.1366044838882012;-1.0550171448252879;-1.1373111401058025;0.5319944779238874;-0.9079994673310604;-0.12112047197824086;-0.04444226269356291;1
-1.3759835491650103;-1.925900273525109;-0.288139871823081;-0.7557388103063735;-1.775461337700112;4.064330248222481;2.8603959694804897;-1.7727070983735578;0.018796924203537846;-1.4833981761291868;-0.8902254483648673;0
-0.5237586088687549;-0.9536924365796925;0.3875452438284536;-0.6528651280113479;-0.30117629044185673;0.22481970343665422;-0.24182474755847305;-1.831802010586342;0.4159953777183669;1.671350191378267;2.9627868419155177;1
-0.6373886009082558;-0.2674280810888102;-1.0158007656016563;3.1534611169045936;0.38682339827866236;-0.5627722031860793;-0.8814578850922797;0.06997970971503273;0.3497956354658969;0.237373660693061;0.7073650134587064;1
0.10120634734849886;-1.411202006906947;0.4395210219554945;-0.7557388103063735;-0.9891759791623759;-0.9565681564974461;-0.9774028557223507;-0.7895826497431837;-0.11360256030140518;0.6675666198986224;1.2712204705729104;1
-0.18286863275025295;-1.5827680957796677;0.8553272469718234;-0.7557388103063735;-0.6943189697107245;0.618615656748021;0.141955134961811;-1.1334075935264702;0.4159953777183669;-0.336216951581022;1.365196380091944;1
1.1806912717237559;-0.03867329592518263;0.9592788032259058;-0.44711776342129705;-0.05546211589881398;-0.9565681564974461;-1.0413661694757315;0.5534835369103056;-0.6432004983211744;0.8109642729671432;0.895316832496775;1
1.1806912717237559;-0.03867329592518263;0.9592788032259058;-0.44711776342129705;-0.05546211589881398;-0.9565681564974461;-1.0413661694757315;0.5534835369103056;-0.6432004983211744;0.8109642729671432;0.895316832496775;1
-0.46694361284900476;-0.6677489551251583;-0.5999945405853276;1.3017348355941358;1.12396592190779;1.3077585750429128;1.5491480375361857;0.6179507138696793;-1.1727984363409465;-0.47961460464954275;-1.2661290864410029;0
-0.06923864071075263;-0.09586199221608953;-0.13221253744195766;-0.44711776342129705;-0.10460495080742253;0.02792172678097082;1.293294782522663;0.49976088944417074;0.1511964087084809;-0.04942164544398048;-0.8902254483648673;1
-0.5805736048885056;-0.7249376514160648;0.17964213132028897;-0.7557388103063735;-0.05546211589881398;1.70155452835428;1.0694231843858308;0.1022132981947494;0.614594604475783;0.022277181090279895;-0.8902254483648673;1
-0.06923864071075263;-0.8393150439978787;0.2835936875743713;0.06725064805383019;-0.05546211589881398;0.8155136334037044;0.8135699293723081;-0.25235617508177605;-0.3122017870588183;1.456253711775486;0.5194131944206395;1
-0.8078335889675067;-0.4389941699615306;-0.8078976530934922;-0.035623034241195346;-1.8737470075173293;-0.9565681564974461;-1.0733478263524219;-1.7028676566675944;-0.11360256030140518;0.022277181090279895;0.895316832496775;1
-0.7510185929477565;-1.7543341846523886;0.17964213132028897;-0.6528651280113479;-0.7926046395279416;0.02792172678097082;-0.8174945713388991;0.005512532755718693;1.9385894495252103;1.2411572321727047;-0.4203459007696984;1
-0.5805736048885056;-1.1824472217433197;-0.18418831556899867;-0.1384967165362209;-0.7434618046193331;1.8984525050099632;0.7815882724956177;-0.4457577059598971;0.7469940889807261;-0.19281929851250124;-0.32636999125066496;0
-0.06923864071075263;-1.868711577234202;0.8553272469718234;0.06725064805383019;-0.2520334555332482;1.5046565516985961;0.17393679183850133;0.005512532755718693;1.4089915115054383;1.1694584056384452;-0.04444226269356291;1
-0.29649862478975375;-0.15305068850699644;-0.7559218749664509;-0.6528651280113479;4.76053570514482;-0.9565681564974461;-0.7855129144622087;-0.3812905290005234;-0.2460020448063482;1.5996513648440065;-0.6082977198077653;1
0.9534312876447543;-0.6677489551251583;0.9592788032259058;3.873576892969772;-0.49774763007629097;-0.9565681564974461;-1.009384512599041;0.1666804751541231;-0.7094002405736474;-1.1249040434578854;1.2712204705729104;1
-0.29649862478975375;-0.7821263477069718;0.8033514688447823;-0.44711776342129705;0.23939489355283666;-0.661221191513921;-0.7855129144622087;-0.7788381202499448;0.4821951199708399;0.09397600762454027;1.083268651534842;1
0.9534312876447543;-1.0108811328705993;1.0632303594799877;-0.44711776342129705;-0.9891759791623759;-0.9565681564974461;-1.105329483229112;-0.46187450019972565;-0.5770007560687044;-0.9098075638551042;1.4591722896109773;1
-0.06923864071075263;-1.1252585254524128;0.2835936875743713;0.3758716949389064;-0.6943189697107245;-1.1534661331531295;-1.0733478263524219;-1.063568151820507;-0.11360256030140518;0.8109642729671432;2.2109795657632483;1
-1.26235355712551;0.30445888182025815;-0.18418831556899867;0.06725064805383019;-1.8246041726087205;0.02792172678097082;0.7815882724956177;-1.7136121861608333;0.9455933157381391;0.022277181090279895;1.9290518372061463;1
-0.012423644691001457;0.418836274402072;-0.08023675931491651;-0.24137039883124597;1.811965610628309;-0.661221191513921;-0.24182474755847305;-0.29533429305467196;-1.1065986940884764;-0.8381087373208438;-0.6082977198077653;0
0.7261713035657527;-0.6105602588342514;0.4395210219554945;-0.34424408112627153;0.09196638882701169;0.1263707151088125;-0.24182474755847305;-0.26310070457501494;-0.5770007560687044;0.09397600762454027;0.6133891039396729;1
-0.9782785770267582;0.30445888182025815;-1.3796312124909442;-0.24137039883124597;0.9273945822733565;3.3751873299275887;0.5577166743587854;-0.6821373548109141;1.8061899650202673;0.237373660693061;0.895316832496775;1
-0.012423644691001457;0.418836274402072;-0.08023675931491651;-0.24137039883124597;1.811965610628309;-0.661221191513921;-0.24182474755847305;-0.29533429305467196;-1.1065986940884764;-0.8381087373208438;-0.6082977198077653;0
0.10120634734849886;-1.983088969816016;1.2711334719881524;-0.7043019691588607;-0.49774763007629097;2.88294238828838;1.3572580962760437;-0.7895826497431837;0.08499666645601084;0.8109642729671432;1.2712204705729104;1
-1.8305035173230138;-0.09586199221608953;-0.4440672062042043;-0.34424408112627153;-1.9228898424259373;0.02792172678097082;1.7730196356730181;-2.3153058377816147;0.9455933157381391;1.5996513648440065;2.3049554752822816;1
-0.9214635810070075;-0.6677489551251583;0.8553272469718234;0.3758716949389064;-0.2520334555332482;0.618615656748021;0.2698817624685723;-0.5317139419056889;0.680794346728253;3.678917334337555;0.143509556344504;1
1.0670612796842547;-0.6677489551251583;0.8553272469718234;-0.24137039883124597;1.4188229313594414;-0.46432321485823763;-0.27380640443516335;0.30635935856610935;-1.0403989518360035;0.16567483415880063;0.3314613753825726;0
1.2943212637632562;-0.9536924365796925;1.5829881407503987;-0.1384967165362209;0.2885377284614452;-0.9565681564974461;-0.8174945713388991;0.027001591742136826;-1.1727984363409465;0.5241689668301017;0.6133891039396729;1
0.2716513354077503;-0.4389941699615306;0.8553272469718234;-1.0643598571914499;-0.2520334555332482;-0.365874226530396;-0.7855129144622087;-0.6445315015846078;-0.7094002405736474;0.7392654464328828;-0.23239408173163148;1
0.10120634734849886;-1.1824472217433197;0.8033514688447823;-0.1384967165362209;-0.30117629044185673;-0.365874226530396;-0.8494762282155894;-1.2730864769384564;-1.1727984363409465;0.45247014029584137;1.2712204705729104;1
0.3852813274472507;1.476827155783849;-0.13221253744195766;-0.7557388103063735;-0.1537477857160311;-0.5627722031860793;-0.7855129144622087;0.11295782768798829;-0.17980230255387525;0.16567483415880063;-0.4203459007696984;0
0.3852813274472507;1.476827155783849;-0.13221253744195766;-0.7557388103063735;-0.1537477857160311;-0.5627722031860793;-0.7855129144622087;0.11295782768798829;-0.17980230255387525;0.16567483415880063;-0.4203459007696984;0
0.8966162916250041;0.07570409665663118;-0.02826098118787536;-0.44711776342129705;1.4679657662680499;-0.8581191681696044;0.46177170372871434;0.20428632838042937;-2.496793281390377;2.38833845672087;-0.23239408173163148;0
-0.06923864071075263;-1.1252585254524128;0.6474241344636591;0.06725064805383019;-0.35031912535046533;1.3077585750429128;0.07799182120843032;-0.7680935907567059;0.018796924203537846;1.671350191378267;1.835075927687113;1
-1.0350935730465083;-1.068069829161506;0.023714796939165797;0.3758716949389064;-0.6943189697107245;-0.7596701798417628;-0.049934806298331025;-1.5416997142691902;-0.7094002405736474;-0.6230122577180627;1.4591722896109773;1
-0.4101286168292546;-0.15305068850699644;0.12766635319324782;-0.1384967165362209;0.23939489355283666;-1.0550171448252879;-1.009384512599041;-0.9077724741686921;0.018796924203537846;-0.19281929851250124;0.9892927420158084;1
0.498911319486751;-0.9536924365796925;0.3875452438284536;-0.8586124926013987;-0.9400331442537673;-1.0550171448252879;-1.0733478263524219;-0.02134879097740835;-0.7755999828261174;0.16567483415880063;0.04953364682547054;1
-0.6942035969280064;0.36164757811116505;-1.3796312124909442;-0.24137039883124597;-0.1537477857160311;1.0124116100593878;-0.049934806298331025;-0.8003271792364226;0.680794346728253;0.237373660693061;0.3314613753825726;1
0.7829862995855028;-0.6105602588342514;1.011254581352947;-0.34424408112627153;-0.35031912535046533;-1.0550171448252879;-0.9454211988456604;-0.11804955641643906;-0.3122017870588183;0.6675666198986224;1.7411000181680794;1
-0.4101286168292546;-0.9536924365796925;0.23161790944733013;-0.7557388103063735;-0.10460495080742253;1.0124116100593878;0.6216799881121661;0.24189218160673567;0.9455933157381391;-0.19281929851250124;-0.8902254483648673;1
-0.4101286168292546;-0.9536924365796925;0.23161790944733013;-0.7557388103063735;-0.10460495080742253;1.0124116100593878;0.6216799881121661;0.24189218160673567;0.9455933157381391;-0.19281929851250124;-0.8902254483648673;1
-1.0350935730465083;0.4760249706929789;-1.3796312124909442;-0.24137039883124597;0.6816804077303137;3.1782893532719054;0.429790046852024;-0.6982541490507426;1.9385894495252103;0.38077131376158097;0.9892927420158084;1
-1.0350935730465083;2.020119770547464;-1.2237038781098208;3.2563347991996188;-0.10460495080742253;0.7170646450758627;0.04601016433173998;-0.5317139419056889;1.7399902227677972;-1.053205216923625;0.7073650134587064;0
-0.6942035969280064;0.7619684521475134;-1.3796312124909442;-0.035623034241195346;-1.4314614933398524;-0.9565681564974461;-1.105329483229112;-1.8962691875457156;0.21739615096095385;0.09397600762454027;2.117003656244213;1
-1.5464285372242619;2.2202802075656383;-1.3796312124909442;-0.34424408112627153;-1.972032677334546;0.1263707151088125;1.0374415275091404;-1.7458457746404905;2.4019876452925124;0.5958677933643621;0.895316832496775;0
-0.06923864071075263;-1.0108811328705993;0.33556946570141244;-0.035623034241195346;-0.2520334555332482;-0.46432321485823763;0.04601016433173998;-0.38666279374711304;-0.3122017870588183;1.1694584056384452;0.5194131944206395;1
-0.06923864071075263;-1.0108811328705993;0.33556946570141244;-0.035623034241195346;-0.2520334555332482;-0.46432321485823763;0.04601016433173998;-0.38666279374711304;-0.3122017870588183;1.1694584056384452;0.5194131944206395;1
0.839801295605254;-0.7821263477069718;0.8553272469718234;-0.8071756514538863;-0.645176134802116;-1.0550171448252879;-1.105329483229112;-1.0367068280874396;-0.8417997250785904;-1.340000523060666;0.895316832496775;0
1.0670612796842547;-0.7249376514160648;0.6993999125907002;0.06725064805383019;-0.645176134802116;2.4891464349770134;0.2698817624685723;0.446038241978036;0.4159953777183669;1.527952538309746;0.04953364682547054;1
-0.8646485849872574;0.7619684521475134;-1.0158007656016563;-0.8586124926013987;-0.5468904649848988;0.02792172678097082;0.4937533606054047;-0.5317139419056889;-0.17980230255387525;-0.336216951581022;-1.0781772674029342;0
-0.9214635810070075;0.6475910595656996;-0.18418831556899867;-0.34424408112627153;-0.05546211589881398;-0.46432321485823763;2.348689459453444;-0.714370943290571;0.28359589321342393;0.38077131376158097;0.42543728490160604;0
-0.7510185929477565;-0.5533715625433444;0.17964213132028897;-0.44711776342129705;0.1902520586442288;-0.9565681564974461;-0.2098430906817827;-1.7458457746404905;0.08499666645601084;-1.340000523060666;1.365196380091944;1
-0.9782785770267582;1.5626102002202094;-1.2237038781098208;5.519555809690179;-0.10460495080742253;-0.9565681564974461;-1.0733478263524219;-0.22012258660211903;1.3427917692529683;-1.053205216923625;1.6471241086490442;0
-0.7510185929477565;-0.5533715625433444;0.17964213132028897;-0.44711776342129705;0.1902520586442288;-0.9565681564974461;-0.2098430906817827;-1.7458457746404905;0.08499666645601084;-1.340000523060666;1.365196380091944;1
-0.9214635810070075;0.6475910595656996;-0.18418831556899867;-0.34424408112627153;-0.05546211589881398;-0.46432321485823763;2.348689459453444;-0.714370943290571;0.28359589321342393;0.38077131376158097;0.42543728490160604;0
0.2716513354077503;2.449034992729265;-1.1197523218557388;-0.6528651280113479;-0.30117629044185673;-1.0550171448252879;-0.8494762282155894;-0.29533429305467196;-0.11360256030140518;-1.4833981761291868;-0.7962495388458338;0
0.44209632346700084;-0.7249376514160648;1.5829881407503987;2.2275979762493643;-0.05546211589881398;-0.9565681564974461;-0.8174945713388991;-0.10193276217661054;-0.2460020448063482;-0.5513134311838032;1.9290518372061463;1
-1.0350935730465083;2.0487141186929176;-1.3796312124909442;-0.1384967165362209;4.170821686241518;-0.9565681564974461;-1.0733478263524219;-0.6445315015846078;1.6075907382628543;-0.9815063903893646;0.3314613753825726;0
-0.6373886009082558;-1.5827680957796677;0.5434725782095767;0.06725064805383019;-0.8908903093451588;-0.46432321485823763;-0.14587977692840204;-1.2462251532053892;1.3427917692529683;1.0977595791041848;1.835075927687113;1
-1.0919085690662584;2.0487141186929176;-1.3796312124909442;-0.1384967165362209;4.170821686241518;-0.9565681564974461;-1.0733478263524219;-0.6445315015846078;1.6075907382628543;-0.9815063903893646;0.3314613753825726;0
-0.7510185929477565;1.2480723706202215;-0.7559218749664509;-0.6528651280113479;1.6153942709938756;-0.07052726154687088;0.5896983312354757;-0.4457577059598971;-0.6432004983211744;-0.40791577811528235;-0.8902254483648673;1
-1.2055385611057594;-0.5533715625433444;-0.23616409369603983;-0.6528651280113479;-0.1537477857160311;0.5201666684201793;0.33384507622195303;-0.20400579236223088;1.3427917692529683;-0.336216951581022;-0.8902254483648673;1
-0.2396836287700031;0.30445888182025815;-0.18418831556899867;-0.1384967165362209;-0.2520334555332482;0.7170646450758627;1.5491480375361857;0.08072423920827163;-0.7094002405736474;-0.47961460464954275;-0.8902254483648673;1
-0.3533136208095039;0.24727018552935126;-0.288139871823081;-0.9614861748964243;-0.5960332998935074;-1.1534661331531295;-1.1692927969824929;-1.1441521230197091;-1.0403989518360035;-0.7664099107865834;-0.6082977198077653;1
-0.3533136208095039;-1.525579399488761;-0.02826098118787536;-0.44711776342129705;-1.4314614933398524;0.3232686917644959;1.00545987063245;-0.8647943561957963;-1.1065986940884764;1.0260607525699244;0.42543728490160604;1
-0.2396836287700031;0.30445888182025815;-0.18418831556899867;-0.1384967165362209;-0.2520334555332482;0.7170646450758627;1.5491480375361857;0.08072423920827163;-0.7094002405736474;-0.47961460464954275;-0.8902254483648673;1
-0.3533136208095039;0.24727018552935126;-0.288139871823081;-0.9614861748964243;-0.5960332998935074;-1.1534661331531295;-1.1692927969824929;-1.1441521230197091;-1.0403989518360035;-0.7664099107865834;-0.6082977198077653;1
-0.2396836287700031;-1.068069829161506;0.4914968000825356;-0.5499914457163226;-0.7926046395279416;-1.0550171448252879;-1.1373111401058025;-1.3536704481376587;-0.3122017870588183;-0.7664099107865834;0.7073650134587064;1
0.15802134336824902;-0.6105602588342514;0.6474241344636591;-0.6528651280113479;-0.645176134802116;-0.9565681564974461;-1.0733478263524219;-0.8325607677160796;0.21739615096095385;0.3090724872273206;1.1772445610538753;1
0.8966162916250041;1.219478022474768;-0.39209142807716313;3.46208216378967;1.4679657662680499;1.70155452835428;0.9734782137557597;1.112199070558191;-1.1727984363409465;-0.6947110842523231;-0.9842013578839007;0
-0.6373886009082558;-0.9536924365796925;1.011254581352947;-0.34424408112627153;-0.35031912535046533;0.8155136334037044;-0.049934806298331025;-0.7358600022770488;0.54839486222331;1.456253711775486;0.5194131944206395;1
-0.6373886009082558;-0.9536924365796925;1.011254581352947;-0.34424408112627153;-0.35031912535046533;0.8155136334037044;-0.049934806298331025;-0.7358600022770488;0.54839486222331;1.456253711775486;0.5194131944206395;1
-0.6373886009082558;-0.9536924365796925;1.011254581352947;-0.34424408112627153;-0.35031912535046533;0.8155136334037044;-0.049934806298331025;-0.7358600022770488;0.54839486222331;1.456253711775486;0.5194131944206395;1
0.8966162916250041;1.1051006298929542;1.479036584496317;-0.7557388103063735;2.6965366389832632;0.8155136334037044;0.20591844871519166;0.4352937124847971;0.21739615096095385;2.1015431505838285;-0.4203459007696984;0
-0.6373886009082558;-0.9536924365796925;1.011254581352947;-0.34424408112627153;-0.35031912535046533;0.8155136334037044;-0.049934806298331025;-0.7358600022770488;0.54839486222331;1.456253711775486;0.5194131944206395;1
-1.2055385611057594;-0.7821263477069718;0.8553272469718234;-0.44711776342129705;-0.49774763007629097;-0.16897624987471258;-0.6895679438321377;-1.3053200654181136;0.879393573485669;1.5996513648440065;0.7073650134587064;1
-0.8646485849872574;0.7047797558566065;-1.275679656236862;-0.34424408112627153;-0.1537477857160311;-0.7596701798417628;-0.9774028557223507;-0.9292615331551699;0.21739615096095385;-0.19281929851250124;-0.04444226269356291;1
-0.9782785770267582;-0.49618286625243757;-0.5999945405853276;-0.34424408112627153;-0.2520334555332482;0.618615656748021;0.237900105591882;-0.5424584713989278;0.018796924203537846;-0.19281929851250124;-1.0781772674029342;0
-0.8646485849872574;0.7047797558566065;-1.275679656236862;-0.34424408112627153;-0.1537477857160311;-0.7596701798417628;-0.9774028557223507;-0.9292615331551699;0.21739615096095385;-0.19281929851250124;-0.04444226269356291;1
0.7261713035657527;-0.8393150439978787;0.8033514688447823;-0.5499914457163226;-0.49774763007629097;-1.0550171448252879;-1.0413661694757315;-0.06432690895030425;-1.1065986940884764;0.7392654464328828;0.04953364682547054;1
1.0670612796842547;-1.1252585254524128;1.011254581352947;-0.5499914457163226;-0.006319280990205422;-0.9565681564974461;-1.1692927969824929;-0.23086711609529828;-1.4375974053508327;-1.1966028699921456;-0.04444226269356291;1
0.2716513354077503;-1.468390703197854;1.011254581352947;-0.34424408112627153;0.6816804077303137;0.4217176800923376;-0.5296596594486861;-0.9829841806213048;-0.3784015293112913;-0.6230122577180627;0.8013409229777415;1
-0.2396836287700031;0.24727018552935126;0.23161790944733013;-0.44711776342129705;-0.10460495080742253;-0.5627722031860793;1.0694231843858308;0.032373856488786094;-0.17980230255387525;0.3090724872273206;-0.8902254483648673;1
-0.06923864071075263;-1.068069829161506;0.5434725782095767;-0.5499914457163226;-1.1857473187968097;2.6860444116326967;0.909514900002379;-1.4127653603504429;-0.5770007560687044;1.1694584056384452;1.4591722896109773;1
-0.06923864071075263;-0.7249376514160648;0.23161790944733013;-0.5499914457163226;0.04282355391840313;-0.7596701798417628;-0.6895679438321377;-0.3812905290005234;-0.5108010138162313;0.3090724872273206;0.143509556344504;1
0.3852813274472507;-0.7821263477069718;0.6993999125907002;-1.1672335394864752;-1.8246041726087205;0.9139626217315461;0.141955134961811;-1.0367068280874396;-0.7755999828261174;1.312856058706965;0.42543728490160604;1
1.4647662518225077;-1.1824472217433197;1.3231092501151935;-0.6528651280113479;2.499965299348829;0.1263707151088125;-0.049934806298331025;0.33859294704576637;-0.2460020448063482;0.8826630995014036;0.9892927420158084;1
1.4647662518225077;-1.1824472217433197;1.3231092501151935;-0.6528651280113479;2.499965299348829;0.1263707151088125;-0.049934806298331025;0.33859294704576637;-0.2460020448063482;0.8826630995014036;0.9892927420158084;1
-0.1260536367305028;0.018515400365724275;-0.23616409369603983;-0.24137039883124597;-0.1537477857160311;1.70155452835428;1.389239753152734;0.03774612123537571;-0.3784015293112913;-1.340000523060666;-0.7962495388458338;1
1.237506267743506;-0.9536924365796925;1.0632303594799877;-0.24137039883124597;-0.35031912535046533;-0.661221191513921;-0.7215496007088281;-0.17714446862916347;-0.5770007560687044;0.8109642729671432;1.4591722896109773;1
2.4306211841582637;-0.7821263477069718;1.1671819157340702;0.06725064805383019;-0.05546211589881398;-0.7596701798417628;-0.8174945713388991;1.3378341899159691;-1.6361966321082486;1.2411572321727047;-0.13841817221259636;1
0.498911319486751;-0.38180547367062373;-0.18418831556899867;0.17012433034885574;0.48510906809587945;0.22481970343665422;1.00545987063245;1.348578719409208;-1.1065986940884764;-0.9815063903893646;-0.9842013578839007;0
-0.46694361284900476;0.30445888182025815;-1.2237038781098208;1.713229564774237;-0.05546211589881398;1.1108605983872295;0.014028507455049645;-0.4242686469734193;-1.9671953433706046;-1.268301696526406;-1.1721531769219693;0
0.3852813274472507;0.30445888182025815;-0.08023675931491651;-0.44711776342129705;1.12396592190779;-0.7596701798417628;-0.7855129144622087;0.5266222131772381;-0.3122017870588183;0.5241689668301017;-0.7962495388458338;0
-1.8305035173230138;-0.6105602588342514;-1.3796312124909442;-0.6528651280113479;-1.8246041726087205;0.22481970343665422;1.3572580962760437;-2.761203811750581;2.4019876452925124;0.5958677933643621;2.9627868419155177;1
-0.4101286168292546;-0.5533715625433444;0.12766635319324782;-0.34424408112627153;-0.30117629044185673;0.3232686917644959;0.6536616449888564;0.2526367110999149;0.54839486222331;-0.04942164544398048;-0.8902254483648673;0
-0.3533136208095039;-1.983088969816016;0.3875452438284536;0.2729980126438813;-0.7434618046193331;-0.07052726154687088;0.3978083899753337;-1.0796849460603355;0.3497956354658969;0.9543619260356639;1.2712204705729104;1
-0.29649862478975375;1.6483932446565692;-1.327655434363903;0.17012433034885574;-0.35031912535046533;3.1782893532719054;1.4212214100294245;-0.2684729693216046;0.4159953777183669;-0.19281929851250124;0.3314613753825726;0
-0.4101286168292546;-0.5533715625433444;0.12766635319324782;-0.34424408112627153;-0.30117629044185673;0.3232686917644959;0.6536616449888564;0.2526367110999149;0.54839486222331;-0.04942164544398048;-0.8902254483648673;0
1.0670612796842547;-1.6971454883614816;0.5434725782095767;-0.24137039883124597;-1.1857473187968097;-0.16897624987471258;-0.3057880613118537;-0.30607882254791086;-0.5770007560687044;-1.1249040434578854;-1.0781772674029342;0
-0.6942035969280064;1.2766667187656748;-1.327655434363903;-0.24137039883124597;-1.087461648979593;-0.46432321485823763;-0.8814578850922797;-2.304561308288376;0.4821951199708399;-1.770193482266228;2.2109795657632483;1
-0.29649862478975375;0.13289279294753809;-1.3796312124909442;-0.7557388103063735;-0.5468904649848988;-0.8581191681696044;-0.9134395419689701;-0.06432690895030425;-0.3784015293112913;-0.04942164544398048;-0.9842013578839007;1
-0.6942035969280064;1.2766667187656748;-1.327655434363903;-0.24137039883124597;-1.087461648979593;-0.46432321485823763;-0.8814578850922797;-2.304561308288376;0.4821951199708399;-1.770193482266228;2.2109795657632483;1
-0.1260536367305028;1.1622893261838612;-1.3796312124909442;0.06725064805383019;-0.006319280990205422;-0.365874226530396;-0.6895679438321377;0.6824178908290529;0.4159953777183669;-1.340000523060666;-0.7962495388458338;0
-1.0350935730465083;0.8191571484384204;-1.3796312124909442;1.918976929364288;-1.1857473187968097;-0.46432321485823763;-0.8174945713388991;-0.9829841806213048;0.879393573485669;-0.6230122577180627;1.2712204705729104;0
-0.46694361284900476;0.4760249706929789;-0.340115649950122;-0.7557388103063735;-0.2520334555332482;1.9969014933378049;0.46177170372871434;-0.9507505921415881;-1.4375974053508327;-1.770193482266228;-1.0781772674029342;0
0.839801295605254;-0.8965037402887855;0.6474241344636591;0.06725064805383019;-0.10460495080742253;1.2093095867150712;0.6216799881121661;0.311731623312699;-1.0403989518360035;-0.40791577811528235;-0.6082977198077653;0
0.3852813274472507;-0.7249376514160648;0.7513756907177411;-0.44711776342129705;-1.1366044838882012;-0.07052726154687088;-0.17786143380509237;-1.3805317718707262;-0.6432004983211744;-0.336216951581022;1.6471241086490442;1
-0.012423644691001457;0.19008148923844498;-0.23616409369603983;-0.035623034241195346;0.04282355391840313;-0.5627722031860793;1.293294782522663;0.8543303627206962;0.3497956354658969;-0.19281929851250124;-0.8902254483648673;0
-0.5237586088687549;0.13289279294753809;-0.39209142807716313;-0.6528651280113479;0.04282355391840313;-0.07052726154687088;-0.36975137506523437;-0.08581596793672239;1.144192542495555;0.237373660693061;0.04953364682547054;0
-0.5237586088687549;1.219478022474768;-1.0158007656016563;-0.7557388103063735;0.23939489355283666;-0.07052726154687088;0.07799182120843032;-0.9077724741686921;-1.3051979208458895;-1.1966028699921456;-0.4203459007696984;0
-0.5237586088687549;0.13289279294753809;-0.39209142807716313;-0.6528651280113479;0.04282355391840313;-0.07052726154687088;-0.36975137506523437;-0.08581596793672239;1.144192542495555;0.237373660693061;0.04953364682547054;0
-0.8078335889675067;-0.6677489551251583;0.33556946570141244;-0.24137039883124597;-0.006319280990205422;0.618615656748021;-0.3057880613118537;-0.9722396511280659;0.614594604475783;0.7392654464328828;0.6133891039396729;1
-0.6942035969280064;0.418836274402072;-1.327655434363903;-0.1384967165362209;-0.10460495080742253;0.8155136334037044;-0.27380640443516335;-0.8433052972093185;0.54839486222331;-0.2645181250467616;0.42543728490160604;1
-0.6942035969280064;0.418836274402072;-1.327655434363903;-0.1384967165362209;-0.10460495080742253;0.8155136334037044;-0.27380640443516335;-0.8433052972093185;0.54839486222331;-0.2645181250467616;0.42543728490160604;1
-0.46694361284900476;0.30445888182025815;-0.6519703187123687;-0.24137039883124597;-0.20289062062463964;1.1108605983872295;0.46177170372871434;-0.22012258660211903;-0.2460020448063482;-0.40791577811528235;-0.6082977198077653;0
-0.6942035969280064;1.1051006298929542;-1.3796312124909442;-0.6528651280113479;2.0576797851713517;-0.9565681564974461;-1.009384512599041;-0.23623938084194754;0.879393573485669;-0.47961460464954275;-0.6082977198077653;0
-0.2396836287700031;0.7619684521475134;-1.3796312124909442;-1.0643598571914499;0.7308232426389222;-0.9565681564974461;-1.0413661694757315;-0.5478307361455771;0.7469940889807261;-0.47961460464954275;-0.8902254483648673;0
-0.29649862478975375;0.9907232373111404;-1.0677765437286977;-0.5499914457163226;-0.10460495080742253;0.4217176800923376;-0.33776971818854407;-0.23086711609529828;0.54839486222331;0.3090724872273206;0.42543728490160604;0
-1.26235355712551;0.6475910595656996;-1.275679656236862;-0.035623034241195346;-0.5960332998935074;1.0124116100593878;0.014028507455049645;-1.6813785976811169;1.011793057990612;-1.4116993495949264;0.5194131944206395;0
-0.46694361284900476;0.36164757811116505;-0.23616409369603983;-0.6528651280113479;0.04282355391840313;2.6860444116326967;0.46177170372871434;-0.9238892684085207;-1.4375974053508327;-1.6267958291977076;-1.1721531769219693;0
-0.7510185929477565;0.30445888182025815;0.07569057506620695;2.4333453408394154;0.1902520586442288;-0.365874226530396;0.7496066156189274;-0.20400579236223088;0.018796924203537846;0.38077131376158097;0.5194131944206395;1
-0.8646485849872574;0.6475910595656996;-1.3796312124909442;0.2729980126438813;2.0576797851713517;-0.07052726154687088;-0.4017330319419247;-0.714370943290571;0.813193831233196;-0.12112047197824086;0.8013409229777415;1
-0.8646485849872574;0.6475910595656996;-1.3796312124909442;0.2729980126438813;2.0576797851713517;-0.07052726154687088;-0.4017330319419247;-0.714370943290571;0.813193831233196;-0.12112047197824086;0.8013409229777415;1
-1.1487235650860093;2.8207615186201602;-1.3796312124909442;-0.44711776342129705;0.09196638882701169;0.1263707151088125;-0.6895679438321377;-1.256969682698628;1.8061899650202673;-0.6947110842523231;0.7073650134587064;0
0.839801295605254;-0.4389941699615306;0.595448356336618;0.06725064805383019;-0.006319280990205422;1.8000035166821216;0.6536616449888564;0.29561482907287046;-1.1065986940884764;-0.47961460464954275;-0.6082977198077653;0
-0.06923864071075263;1.4482328076383957;-1.3796312124909442;-0.24137039883124597;0.38682339827866236;-0.26742523820255426;-0.6256046300787571;0.5857171253900222;0.3497956354658969;-1.340000523060666;-0.7962495388458338;0
0.10120634734849886;-0.8965037402887855;0.2835936875743713;-0.6528651280113479;-0.7434618046193331;1.0124116100593878;0.17393679183850133;-1.154896652512948;0.4159953777183669;0.5241689668301017;1.2712204705729104;1
-0.6373886009082558;0.24727018552935126;-1.1197523218557388;-0.1384967165362209;-0.006319280990205422;0.02792172678097082;-0.3057880613118537;-0.5746920598786445;0.4159953777183669;-0.336216951581022;-0.13841817221259636;1
-0.6373886009082558;0.24727018552935126;-1.1197523218557388;-0.1384967165362209;-0.006319280990205422;0.02792172678097082;-0.3057880613118537;-0.5746920598786445;0.4159953777183669;-0.336216951581022;-0.13841817221259636;1
1.1806912717237559;-0.5533715625433444;1.2191576938611113;-0.1384967165362209;-0.645176134802116;-0.26742523820255426;-0.8494762282155894;-0.3812905290005234;-1.4375974053508327;1.5996513648440065;0.895316832496775;1
-0.8078335889675067;-0.6677489551251583;0.23161790944733013;-0.44711776342129705;-0.10460495080742253;0.5201666684201793;0.17393679183850133;-0.015976526230759083;1.011793057990612;-0.6947110842523231;-0.8902254483648673;1
-1.603243533244012;-0.21023938479790336;-1.2237038781098208;-0.6528651280113479;-1.8246041726087205;1.2093095867150712;1.3252764393993535;-3.174868197239831;1.210392284748025;1.2411572321727047;3.3386904799916532;1
-1.887318513342764;-0.8393150439978787;-1.327655434363903;-0.8586124926013987;-1.6280328329742864;1.0124116100593878;0.46177170372871434;-3.1533791382533534;2.5343871297974556;0.7392654464328828;3.3386904799916532;1
-0.5805736048885056;-0.49618286625243757;-0.340115649950122;-0.8586124926013987;-1.5788899980656779;0.8155136334037044;0.5896983312354757;-1.7243567156540127;0.4159953777183669;-0.5513134311838032;1.1772445610538753;1
-1.3759835491650103;-0.38180547367062373;-1.3796312124909442;-0.5499914457163226;-0.20289062062463964;0.9139626217315461;-0.049934806298331025;-1.536327449522541;1.210392284748025;-0.8381087373208438;0.7073650134587064;0
-0.46694361284900476;0.30445888182025815;-0.340115649950122;-0.44711776342129705;-0.3994619602590739;1.8000035166821216;-0.049934806298331025;-0.9507505921415881;-1.4375974053508327;-1.5550970026634472;-1.0781772674029342;0
-0.29649862478975375;0.30445888182025815;-0.7039460968394098;-0.34424408112627153;1.0256802520905728;0.1263707151088125;-0.3057880613118537;-1.2408528884587995;-0.5108010138162313;-0.8381087373208438;0.7073650134587064;1
-0.18286863275025295;1.0765062817475008;-0.23616409369603983;-0.1384967165362209;-0.30117629044185673;-0.26742523820255426;1.1333864981392114;0.09146876870151051;-0.5108010138162313;-0.7664099107865834;-0.8902254483648673;1
0.10120634734849886;-0.7249376514160648;0.6993999125907002;3.976450575264797;-1.5297471631570694;-1.2519151214809712;-1.1373111401058025;-0.5639475303854056;-0.2460020448063482;-0.6230122577180627;1.4591722896109773;0
-0.7510185929477565;0.9335345410202335;-1.3796312124909442;-0.5499914457163226;1.6153942709938756;-1.2519151214809712;-1.1373111401058025;-0.18788899812240237;0.21739615096095385;-0.336216951581022;-0.7022736293268004;1
-0.18286863275025295;1.0765062817475008;-0.23616409369603983;-0.1384967165362209;-0.30117629044185673;-0.26742523820255426;1.1333864981392114;0.09146876870151051;-0.5108010138162313;-0.7664099107865834;-0.8902254483648673;1
0.839801295605254;-1.2968246143251336;0.6474241344636591;-0.7557388103063735;-0.9400331442537673;-1.2519151214809712;-1.1692927969824929;-1.0259622985942007;-1.1727984363409465;-0.5513134311838032;0.9892927420158084;1
-0.6942035969280064;-0.38180547367062373;-0.340115649950122;-0.5499914457163226;-0.20289062062463964;1.2093095867150712;0.2698817624685723;-0.5961811188650626;0.3497956354658969;-0.04942164544398048;-0.04444226269356291;1
-0.6942035969280064;-0.38180547367062373;-0.340115649950122;-0.5499914457163226;-0.20289062062463964;1.2093095867150712;0.2698817624685723;-0.5961811188650626;0.3497956354658969;-0.04942164544398048;-0.04444226269356291;1
-0.2396836287700031;1.3624497632020354;-1.3796312124909442;-0.44711776342129705;0.14110922373562024;-0.661221191513921;-0.7535312575855184;-0.2792174988148435;0.08499666645601084;0.237373660693061;0.42543728490160604;1
0.21483633938799918;0.5904023632747927;0.07569057506620695;0.2729980126438813;0.7308232426389222;0.1263707151088125;0.7496066156189274;0.33859294704576637;-0.3784015293112913;-0.12112047197824086;-0.23239408173163148;1
-0.7510185929477565;-0.6105602588342514;-0.39209142807716313;-0.1384967165362209;-0.49774763007629097;0.22481970343665422;-0.3057880613118537;-1.0474513575806785;0.4821951199708399;-0.6230122577180627;0.42543728490160604;0
1.6920262359015095;-0.8965037402887855;1.2191576938611113;-0.6528651280113479;0.4359662331872709;0.4217176800923376;0.04601016433173998;0.33859294704576637;-1.1065986940884764;-0.5513134311838032;0.04953364682547054;0
-0.6942035969280064;-2.0974663623978294;0.9073030250988646;0.06725064805383019;-0.645176134802116;0.1263707151088125;-0.4656963456953054;-1.8425465400795211;0.21739615096095385;-0.7664099107865834;1.835075927687113;1
-0.18286863275025295;0.418836274402072;-0.9638249874746153;0.17012433034885574;-1.2348901537054182;-1.2519151214809712;-1.2332561107358735;-2.068181659437359;-0.6432004983211744;-1.985289961869009;2.3989313848013154;0
-0.7510185929477565;0.418836274402072;0.17964213132028897;2.124724293954339;-0.645176134802116;0.4217176800923376;2.060854547563231;1.305600601436312;-0.11360256030140518;3.7506161608718154;-0.23239408173163148;0
-0.7510185929477565;0.418836274402072;0.17964213132028897;2.124724293954339;-0.645176134802116;0.4217176800923376;2.060854547563231;1.305600601436312;-0.11360256030140518;3.7506161608718154;-0.23239408173163148;0
-0.4101286168292546;1.219478022474768;-1.3796312124909442;-0.5499914457163226;0.9273945822733565;-0.9565681564974461;-1.0733478263524219;-0.8056994439830122;0.28359589321342393;-0.40791577811528235;0.5194131944206395;0
-0.06923864071075263;0.6189967114202461;-0.8598734312205332;-0.34424408112627153;-0.3994619602590739;0.9139626217315461;0.46177170372871434;-0.17714446862916347;-0.17980230255387525;0.7392654464328828;0.42543728490160604;1
-1.3759835491650103;-0.7535319995615183;-0.7039460968394098;-0.035623034241195346;-1.2348901537054182;-0.16897624987471258;-0.5616413163253764;-1.6598895386946986;2.004789191777683;0.16567483415880063;1.835075927687113;1
-0.46694361284900476;1.3052610669111284;-1.3796312124909442;-0.5499914457163226;0.14110922373562024;-0.9565681564974461;-1.0733478263524219;0.005512532755718693;0.1511964087084809;-1.1249040434578854;-0.7022736293268004;0
-0.06923864071075263;0.6189967114202461;-0.8598734312205332;-0.34424408112627153;-0.3994619602590739;0.9139626217315461;0.46177170372871434;-0.17714446862916347;-0.17980230255387525;0.7392654464328828;0.42543728490160604;1
-0.9782785770267582;0.5904023632747927;-1.3796312124909442;1.918976929364288;0.5833947379130966;3.4736363182554304;1.0214506990707952;-0.6069256483583015;-0.7755999828261174;-1.4116993495949264;-0.8902254483648673;0
-0.9782785770267582;0.5904023632747927;-1.3796312124909442;1.918976929364288;0.5833947379130966;3.4736363182554304;1.0214506990707952;-0.6069256483583015;-0.7755999828261174;-1.4116993495949264;-0.8902254483648673;0
-0.6373886009082558;0.018515400365724275;-0.6519703187123687;-0.34424408112627153;-0.8417474744365502;-0.07052726154687088;-0.5296596594486861;-1.8694078638126481;0.21739615096095385;-0.2645181250467616;1.553148199130011;1
-1.489613541204511;0.418836274402072;-1.3796312124909442;-1.0643598571914499;-0.8908903093451588;-0.46432321485823763;-0.8814578850922797;-2.578546810365699;0.879393573485669;-0.6230122577180627;1.6471241086490442;1
-1.773688521303263;0.6761854077111531;-1.3796312124909442;-0.29280723997875896;-0.05546211589881398;-0.07052726154687088;-0.5616413163253764;-1.2193638294723217;3.063985067817225;-0.2645181250467616;1.9290518372061463;1
-0.9214635810070075;1.9057423779656502;-1.0158007656016563;-0.44711776342129705;0.9273945822733565;0.4217176800923376;0.36582673309864333;-0.3920350584937623;1.8723897072727402;0.6675666198986224;1.1772445610538753;1
0.44209632346700084;-0.8965037402887855;0.2835936875743713;-0.34424408112627153;-0.8417474744365502;-1.1534661331531295;-0.9774028557223507;-0.5102248829192708;-0.11360256030140518;1.0977595791041848;0.7073650134587064;1
-0.18286863275025295;-1.411202006906947;0.9073030250988646;-0.6528651280113479;-0.006319280990205422;1.2093095867150712;0.7176249587422371;-0.9131447389153414;0.28359589321342393;0.09397600762454027;0.7073650134587064;0
-0.4101286168292546;1.5054215039293026;-0.288139871823081;-0.1384967165362209;0.2885377284614452;0.5201666684201793;0.7176249587422371;-0.6499037663311974;-1.3051979208458895;-1.4833981761291868;-1.1721531769219693;0
-0.46694361284900476;0.4760249706929789;-0.02826098118787536;-0.5499914457163226;-0.3994619602590739;0.8155136334037044;1.3572580962760437;-0.31682335204114975;-0.11360256030140518;-0.8381087373208438;-0.6082977198077653;0
0.7829862995855028;0.9335345410202335;0.2835936875743713;0.06725064805383019;0.3376805633700538;0.618615656748021;1.4532030669061147;0.639439772856157;-0.17980230255387525;-0.19281929851250124;-0.32636999125066496;0
-0.8646485849872574;0.8763458447293272;-0.9118492093475743;1.5074822001841863;-0.645176134802116;-0.07052726154687088;-0.5296596594486861;-0.7895826497431837;0.614594604475783;-0.9098075638551042;0.6133891039396729;0
0.7829862995855028;0.9335345410202335;0.2835936875743713;0.06725064805383019;0.3376805633700538;0.618615656748021;1.4532030669061147;0.639439772856157;-0.17980230255387525;-0.19281929851250124;-0.32636999125066496;0
-0.7510185929477565;0.5332136669838858;-0.8598734312205332;-1.0643598571914499;-0.49774763007629097;1.1108605983872295;0.5577166743587854;-0.3812905290005234;-0.2460020448063482;-0.2645181250467616;-1.1721531769219693;0
-0.46694361284900476;0.4760249706929789;-0.02826098118787536;-0.5499914457163226;-0.3994619602590739;0.8155136334037044;1.3572580962760437;-0.31682335204114975;-0.11360256030140518;-0.8381087373208438;-0.6082977198077653;0
-1.0350935730465083;-0.09586199221608953;-0.5999945405853276;0.5816190595289574;-0.8417474744365502;-0.365874226530396;-0.5936229732020667;-2.046692600450881;0.08499666645601084;-0.40791577811528235;2.2109795657632483;1
-0.18286863275025295;3.735780659274669;-0.288139871823081;-0.5499914457163226;0.09196638882701169;-0.16897624987471258;-0.14587977692840204;-0.7466045317702877;0.1511964087084809;-1.268301696526406;0.04953364682547054;0
-0.7510185929477565;-0.9536924365796925;-0.288139871823081;-0.1384967165362209;0.23939489355283666;0.4217176800923376;0.6216799881121661;-0.6069256483583015;0.54839486222331;-0.7664099107865834;-0.32636999125066496;1
-0.7510185929477565;-0.9536924365796925;-0.288139871823081;-0.035623034241195346;0.23939489355283666;0.8155136334037044;0.7496066156189274;-0.6176701778515404;0.54839486222331;-0.8381087373208438;-0.32636999125066496;1
-0.46694361284900476;0.5904023632747927;0.023714796939165797;-0.44711776342129705;0.09196638882701169;0.1263707151088125;1.4532030669061147;-0.29533429305467196;-0.3784015293112913;-0.47961460464954275;-0.6082977198077653;1
-1.6600585292637622;1.219478022474768;-1.3796312124909442;-1.2701072217815006;-1.972032677334546;0.02792172678097082;0.014028507455049645;-2.2186050723425246;4.586579139624068;-0.40791577811528235;1.9290518372061463;1
0.8966162916250041;-0.49618286625243757;1.011254581352947;-0.24137039883124597;0.48510906809587945;-0.5627722031860793;-0.14587977692840204;-0.17714446862916347;-0.9079994673310604;0.3090724872273206;1.365196380091944;1
-0.46694361284900476;0.5904023632747927;0.023714796939165797;-0.44711776342129705;0.09196638882701169;0.1263707151088125;1.4532030669061147;-0.29533429305467196;-0.3784015293112913;-0.47961460464954275;-0.6082977198077653;1
0.7829862995855028;0.7619684521475134;0.3875452438284536;0.17012433034885574;0.6325375728217051;-0.365874226530396;1.3572580962760437;0.671673361335814;-0.3784015293112913;0.09397600762454027;-0.32636999125066496;0
-1.887318513342764;1.219478022474768;-1.3796312124909442;-1.2701072217815006;-1.972032677334546;0.02792172678097082;0.014028507455049645;-2.2186050723425246;4.586579139624068;-0.40791577811528235;1.9290518372061463;1
0.44209632346700084;-1.068069829161506;0.8033514688447823;-0.6528651280113479;-1.1366044838882012;-0.661221191513921;-0.8814578850922797;-1.4987215962962346;-0.9079994673310604;-0.6947110842523231;0.895316832496775;0
0.44209632346700084;-0.9536924365796925;0.6474241344636591;-0.6528651280113479;-1.0383188140709845;0.5201666684201793;0.3018634193452627;-0.9453783273949985;-0.9079994673310604;1.2411572321727047;0.5194131944206395;1
-0.9214635810070075;-0.38180547367062373;-0.13221253744195766;-0.7557388103063735;-0.20289062062463964;0.22481970343665422;-0.36975137506523437;-1.0259622985942007;0.4821951199708399;-0.336216951581022;0.143509556344504;1
-0.9214635810070075;-0.38180547367062373;-0.13221253744195766;-0.7557388103063735;-0.20289062062463964;0.22481970343665422;-0.36975137506523437;-1.0259622985942007;0.4821951199708399;-0.336216951581022;0.143509556344504;1
-0.9214635810070075;-0.38180547367062373;-0.13221253744195766;-0.7557388103063735;-0.20289062062463964;0.22481970343665422;-0.36975137506523437;-1.0259622985942007;0.4821951199708399;-0.336216951581022;0.143509556344504;1
-0.9214635810070075;-0.38180547367062373;-0.13221253744195766;-0.7557388103063735;-0.20289062062463964;0.22481970343665422;-0.36975137506523437;-1.0259622985942007;0.4821951199708399;-0.336216951581022;0.143509556344504;1
-1.0350935730465083;-0.03867329592518263;-0.8078976530934922;-0.6528651280113479;-0.3994619602590739;-0.26742523820255426;-0.24182474755847305;-0.6499037663311974;0.1511964087084809;-0.9098075638551042;-1.0781772674029342;0
-0.5237586088687549;0.418836274402072;-0.02826098118787536;-0.34424408112627153;0.09196638882701169;0.1263707151088125;1.4532030669061147;-0.29533429305467196;-0.17980230255387525;-0.6230122577180627;-0.6082977198077653;1
-0.5237586088687549;0.418836274402072;-0.02826098118787536;-0.34424408112627153;0.09196638882701169;0.1263707151088125;1.4532030669061147;-0.29533429305467196;-0.17980230255387525;-0.6230122577180627;-0.6082977198077653;1
-0.29649862478975375;1.962931074256557;-0.02826098118787536;1.4046085178891607;1.2713944266336157;1.5046565516985961;0.6856433018655467;-0.015976526230759083;-0.3784015293112913;-1.340000523060666;-1.1721531769219693;0
0.044391351328748704;-0.7821263477069718;-0.8598734312205332;-0.7557388103063735;-0.30117629044185673;-0.9565681564974461;-0.6575862869554474;-0.4833635591862034;-1.5037971476033056;-1.5550970026634472;-0.7022736293268004;1
0.44209632346700084;1.419638459492942;-0.23616409369603983;-0.24137039883124597;-0.10460495080742253;-0.365874226530396;0.07799182120843032;0.4782718304577526;-0.9079994673310604;-0.9815063903893646;-0.7962495388458338;0
-0.6373886009082558;1.762770637238383;-1.3796312124909442;-0.44711776342129705;4.170821686241518;-1.1534661331531295;-1.105329483229112;-0.3383124110276275;0.4821951199708399;-0.9098075638551042;-0.4203459007696984;0
-0.9782785770267582;0.30445888182025815;-1.275679656236862;-0.035623034241195346;-0.5960332998935074;0.3232686917644959;-0.17786143380509237;-1.525582920029302;0.4159953777183669;0.09397600762454027;2.02302774672518;1
-1.3191685531452602;-0.15305068850699644;-1.3796312124909442;-1.0643598571914499;-1.1857473187968097;-0.07052726154687088;-0.6256046300787571;-1.197874770485844;0.28359589321342393;-1.4116993495949264;-0.8902254483648673;0
-1.3191685531452602;-0.15305068850699644;-1.3796312124909442;-1.0643598571914499;-1.1857473187968097;-0.07052726154687088;-0.6256046300787571;-1.197874770485844;0.28359589321342393;-1.4116993495949264;-0.8902254483648673;0
-1.3191685531452602;-0.15305068850699644;-1.3796312124909442;-1.0643598571914499;-1.1857473187968097;-0.07052726154687088;-0.6256046300787571;-1.197874770485844;0.28359589321342393;-1.4116993495949264;-0.8902254483648673;0
-0.46694361284900476;-0.09586199221608953;-1.275679656236862;-0.7557388103063735;0.14110922373562024;-0.26742523820255426;-0.4656963456953054;-0.714370943290571;0.28359589321342393;-0.7664099107865834;0.04953364682547054;1
-0.46694361284900476;-0.09586199221608953;-1.275679656236862;-0.7557388103063735;0.14110922373562024;-0.26742523820255426;-0.4656963456953054;-0.714370943290571;0.28359589321342393;-0.7664099107865834;0.04953364682547054;1
-0.46694361284900476;-0.09586199221608953;-1.275679656236862;-0.7557388103063735;0.14110922373562024;-0.26742523820255426;-0.4656963456953054;-0.714370943290571;0.28359589321342393;-0.7664099107865834;0.04953364682547054;1
-0.4101286168292546;0.07570409665663118;-1.275679656236862;-0.7557388103063735;0.1902520586442288;0.1263707151088125;-0.4656963456953054;-0.44038544121324785;0.3497956354658969;-0.9815063903893646;-0.04444226269356291;1
-0.46694361284900476;-0.09586199221608953;-1.275679656236862;-0.7557388103063735;0.14110922373562024;-0.26742523820255426;-0.4656963456953054;-0.714370943290571;0.28359589321342393;-0.7664099107865834;0.04953364682547054;1
1.8056562279410098;-0.6105602588342514;1.1152061376070288;0.17012433034885574;-0.20289062062463964;-0.7596701798417628;-0.8174945713388991;0.9725201871462047;-1.5037971476033056;-0.8381087373208438;0.5194131944206395;0
-0.06923864071075263;-0.49618286625243757;-0.13221253744195766;-0.1384967165362209;-0.8908903093451588;-0.5627722031860793;-0.5616413163253764;-0.3114510872945601;-0.4446012715637613;-0.8381087373208438;-0.23239408173163148;1
-1.26235355712551;0.36164757811116505;-1.327655434363903;-0.34424408112627153;-1.2348901537054182;-1.0550171448252879;-1.0413661694757315;-1.0689404165670966;1.3427917692529683;-0.6230122577180627;0.895316832496775;0
-0.6373886009082558;0.7333741040020599;-1.2237038781098208;-0.6528651280113479;-0.1537477857160311;-0.8581191681696044;-1.0733478263524219;-0.45112997070648675;0.1511964087084809;-1.8418923088004884;-0.8902254483648673;0
-0.6373886009082558;0.7333741040020599;-1.2237038781098208;-0.6528651280113479;-0.1537477857160311;-0.8581191681696044;-1.0733478263524219;-0.45112997070648675;0.1511964087084809;-1.8418923088004884;-0.8902254483648673;0
-0.8078335889675067;0.24727018552935126;-1.3796312124909442;0.3758716949389064;-0.006319280990205422;0.5201666684201793;-0.14587977692840204;-0.8218162382229004;0.614594604475783;-0.9098075638551042;0.3314613753825726;0
0.3852813274472507;0.418836274402072;0.12766635319324782;-0.44711776342129705;-0.5960332998935074;1.603105540026438;0.8775332431256887;-0.09118823268337166;0.1511964087084809;-0.5513134311838032;-0.4203459007696984;0
-0.6373886009082558;0.5332136669838858;-1.327655434363903;-0.1384967165362209;-0.7926046395279416;-0.7596701798417628;0.014028507455049645;-1.821057481093103;0.018796924203537846;-0.9815063903893646;1.2712204705729104;1
-0.4101286168292546;0.6761854077111531;-1.2237038781098208;-0.5499914457163226;0.23939489355283666;-0.16897624987471258;0.36582673309864333;0.1022132981947494;0.3497956354658969;-1.340000523060666;-0.13841817221259636;0
-0.4101286168292546;0.6761854077111531;-1.2237038781098208;-0.5499914457163226;0.23939489355283666;-0.16897624987471258;0.36582673309864333;0.1022132981947494;0.3497956354658969;-1.340000523060666;-0.13841817221259636;0
-0.6373886009082558;0.30445888182025815;-1.2237038781098208;-0.1384967165362209;-0.20289062062463964;-0.8581191681696044;-0.5616413163253764;-0.5532030008921667;0.21739615096095385;-0.9098075638551042;-0.4203459007696984;0
-1.26235355712551;-1.1824472217433197;-0.08023675931491651;-0.6528651280113479;0.23939489355283666;-1.0550171448252879;-0.4337146888186151;-1.1119185345400522;0.28359589321342393;-1.4833981761291868;-0.32636999125066496;0
-1.26235355712551;-1.068069829161506;-0.08023675931491651;-0.6528651280113479;0.14110922373562024;-1.1534661331531295;-0.5616413163253764;-1.1119185345400522;0.28359589321342393;-1.4833981761291868;-0.32636999125066496;0
-0.5805736048885056;-0.5533715625433444;-0.13221253744195766;0.06725064805383019;-0.1537477857160311;1.1108605983872295;0.6856433018655467;-0.12342182116302867;1.8723897072727402;-0.40791577811528235;0.6133891039396729;1
-0.5237586088687549;0.6475910595656996;-0.49604298433124533;3.0505874346095685;4.269107356058735;3.572085306583272;1.677074665042947;0.34933747653900526;-0.2460020448063482;-1.053205216923625;-0.8902254483648673;0
1.86247122396076;-0.2960224292342637;0.6993999125907002;-1.0643598571914499;0.48510906809587945;-0.9565681564974461;-0.5616413163253764;0.17742500464736197;-1.6361966321082486;0.022277181090279895;-0.389020597596719;1
0.498911319486751;0.07570409665663118;0.23161790944733013;-0.1384967165362209;1.5171086011766584;-0.46432321485823763;-0.24182474755847305;0.1505636809142946;-0.5108010138162313;-0.6230122577180627;0.42543728490160604;0
-0.012423644691001457;1.8485536816747434;-0.6519703187123687;0.06725064805383019;0.5833947379130966;-0.26742523820255426;0.2698817624685723;0.28487029957963156;0.28359589321342393;-0.7664099107865834;-0.32636999125066496;0
1.86247122396076;-0.2960224292342637;0.6993999125907002;-1.0643598571914499;0.48510906809587945;-0.9565681564974461;-0.5616413163253764;0.17742500464736197;-1.6361966321082486;0.022277181090279895;-0.389020597596719;1
-0.18286863275025295;1.7341762890929295;0.023714796939165797;-0.44711776342129705;-0.05546211589881398;-0.46432321485823763;0.5577166743587854;-0.10193276217661054;-0.17980230255387525;-1.1966028699921456;-0.6082977198077653;0
-0.6373886009082558;0.4474306225475254;-1.275679656236862;-0.5499914457163226;0.7308232426389222;-0.5627722031860793;-0.4656963456953054;-0.918517003661931;0.9455933157381391;-0.8381087373208438;1.2712204705729104;1
-0.29649862478975375;-0.15305068850699644;-0.9118492093475743;-0.24137039883124597;1.664537105902484;-0.5627722031860793;-0.1138981200517117;0.20965859312701898;-0.9079994673310604;-0.19281929851250124;-0.8902254483648673;0
-0.5805736048885056;1.219478022474768;-0.9638249874746153;-0.7557388103063735;0.6325375728217051;-0.5627722031860793;-0.01795314942164069;-0.5102248829192708;-0.5108010138162313;-1.053205216923625;-0.6082977198077653;0
-0.8078335889675067;0.07570409665663118;0.17964213132028897;-0.24137039883124597;0.3376805633700538;-0.661221191513921;1.9009462631797795;0.2902425643262212;-0.4446012715637613;3.822314987406076;0.04953364682547054;1
-0.18286863275025295;1.3910441113474887;0.2835936875743713;-0.34424408112627153;-0.10460495080742253;0.02792172678097082;0.909514900002379;-0.08044370319013278;-0.3122017870588183;-1.053205216923625;-0.6082977198077653;1
-0.9782785770267582;0.4760249706929789;-1.3796312124909442;-0.8586124926013987;-0.5960332998935074;-1.1534661331531295;-1.201274453859183;-1.4772325373098165;0.08499666645601084;-1.985289961869009;-0.04444226269356291;0
-0.46694361284900476;0.30445888182025815;1.531012362623358;0.684492741823983;3.5319648324296073;-1.0550171448252879;-1.009384512599041;-1.0474513575806785;-0.7094002405736474;2.746832589392172;1.083268651534842;1
-0.3533136208095039;1.2766667187656748;0.023714796939165797;1.4046085178891607;1.4188229313594414;1.8000035166821216;1.389239753152734;-0.03746558521723686;-0.5108010138162313;-1.4116993495949264;-1.0781772674029342;0
-0.6373886009082558;0.19008148923844498;-0.02826098118787536;-0.44711776342129705;0.09196638882701169;-0.26742523820255426;1.7410379787963277;-0.456502235453136;-0.3784015293112913;-0.9098075638551042;-0.5143218102887318;0
-0.06923864071075263;2.0487141186929176;-0.340115649950122;-1.0643598571914499;0.23939489355283666;-0.8581191681696044;-0.4656963456953054;-1.1334075935264702;-1.3713976630983626;-1.340000523060666;-0.4203459007696984;0
-1.773688521303263;-0.21023938479790336;-0.02826098118787536;-0.1384967165362209;0.4359662331872709;0.7170646450758627;0.909514900002379;-0.7573490612635266;2.6005868720499254;-0.19281929851250124;1.6471241086490442;1
-0.6373886009082558;-0.4389941699615306;-0.5999945405853276;-0.44711776342129705;-0.1537477857160311;-0.5627722031860793;-0.5616413163253764;-0.33294014628097823;-0.17980230255387525;-0.9815063903893646;-0.5143218102887318;1
-0.46694361284900476;0.24727018552935126;-1.275679656236862;0.17012433034885574;-0.20289062062463964;-0.46432321485823763;-0.33776971818854407;-0.6122979131049507;0.28359589321342393;-0.19281929851250124;0.3314613753825726;1
-0.46694361284900476;0.24727018552935126;-1.275679656236862;0.17012433034885574;-0.20289062062463964;-0.46432321485823763;-0.33776971818854407;-0.6122979131049507;0.28359589321342393;-0.19281929851250124;0.3314613753825726;1
-0.8646485849872574;1.7341762890929295;-0.9118492093475743;-0.6528651280113479;-0.35031912535046533;-1.1534661331531295;-0.6575862869554474;-0.7358600022770488;0.4159953777183669;-1.4116993495949264;-0.7962495388458338;0
-0.18286863275025295;0.418836274402072;-0.23616409369603983;-0.34424408112627153;-0.05546211589881398;0.9139626217315461;1.9009462631797795;-0.3114510872945601;-0.11360256030140518;-1.1249040434578854;-0.5143218102887318;0
-0.18286863275025295;0.418836274402072;-0.23616409369603983;-0.34424408112627153;-0.05546211589881398;0.9139626217315461;1.9009462631797795;-0.3114510872945601;-0.11360256030140518;-1.1249040434578854;-0.5143218102887318;0
-0.6942035969280064;1.3052610669111284;-0.5999945405853276;-0.6528651280113479;1.2713944266336157;0.4217176800923376;1.2293314687692825;-0.41889638222682973;-0.8417997250785904;-1.053205216923625;-0.8902254483648673;0
-0.18286863275025295;1.6197988965111163;-0.08023675931491651;0.9931137887090591;-0.2520334555332482;1.8000035166821216;1.2613131256459726;-0.015976526230759083;-0.8417997250785904;-1.6267958291977076;-1.1721531769219693;0
-0.5237586088687549;0.6475910595656996;-1.0158007656016563;-0.6528651280113479;0.9273945822733565;-0.7596701798417628;-0.7215496007088281;-0.32756788153438865;-0.11360256030140518;-0.47961460464954275;-0.7962495388458338;0
-0.5237586088687549;0.6475910595656996;-1.0158007656016563;-0.6528651280113479;0.9273945822733565;-0.7596701798417628;-0.7215496007088281;-0.32756788153438865;-0.11360256030140518;-0.47961460464954275;-0.7962495388458338;0
-0.9782785770267582;0.6475910595656996;0.23161790944733013;3.770703210674746;0.09196638882701169;-0.8581191681696044;0.10997347808512066;0.2526367110999149;0.21739615096095385;0.237373660693061;-0.13841817221259636;0
-0.9214635810070075;-0.2674280810888102;-1.275679656236862;-0.24137039883124597;-0.05546211589881398;1.9969014933378049;2.0928362044399216;-0.7895826497431837;-1.4375974053508327;-0.8381087373208438;-0.7022736293268004;0
-1.3191685531452602;-0.21023938479790336;-1.3796312124909442;-0.1384967165362209;-0.645176134802116;-0.07052726154687088;-0.4017330319419247;-2.0359480709576423;1.7399902227677972;-0.40791577811528235;1.9290518372061463;1
-0.18286863275025295;0.6475910595656996;-0.23616409369603983;-0.035623034241195346;0.6325375728217051;-1.0550171448252879;-0.4017330319419247;-0.31682335204114975;0.3497956354658969;-0.47961460464954275;0.5194131944206395;0
-0.6942035969280064;0.5332136669838858;-1.0677765437286977;-1.1672335394864752;-0.5468904649848988;-1.0550171448252879;-1.0733478263524219;-1.348298183391069;-0.9741992095835335;-1.1966028699921456;-0.6082977198077653;0
-0.18286863275025295;-0.03867329592518263;-0.08023675931491651;-0.44711776342129705;-0.1537477857160311;0.3232686917644959;0.429790046852024;-0.31682335204114975;-0.11360256030140518;-1.1966028699921456;-0.23239408173163148;0
-1.0919085690662584;0.24727018552935126;-0.6519703187123687;1.5074822001841863;-0.5468904649848988;1.1108605983872295;0.8775332431256887;-0.010604261484169462;0.018796924203537846;-1.1966028699921456;-1.1721531769219693;0
0.15802134336824902;0.9049401928747807;-0.8598734312205332;-0.8586124926013987;0.534251903004488;-1.2519151214809712;-1.0733478263524219;0.3976878592584908;-0.047402818048932205;0.022277181090279895;-0.8432374936053497;1
0.21483633938799918;0.8477514965838737;-0.8598734312205332;-0.8586124926013987;0.4359662331872709;-1.1534661331531295;-1.105329483229112;0.3976878592584908;-0.047402818048932205;0.022277181090279895;-0.8432374936053497;0
-0.5805736048885056;0.36164757811116505;-0.02826098118787536;-0.44711776342129705;-0.05546211589881398;0.1263707151088125;1.8689646063030891;-0.4672467649463749;-0.2460020448063482;-0.9098075638551042;-0.5143218102887318;0
-0.7510185929477565;0.418836274402072;-0.7559218749664509;-0.24137039883124597;0.09196638882701169;-0.26742523820255426;-0.5616413163253764;-0.058954644203654996;1.3427917692529683;-0.19281929851250124;-0.23239408173163148;1
-0.6373886009082558;0.8191571484384204;-1.3796312124909442;-0.24137039883124597;-0.645176134802116;-0.5627722031860793;-0.6895679438321377;-0.5961811188650626;0.680794346728253;0.5241689668301017;0.6133891039396729;1
-0.2396836287700031;0.9335345410202335;-0.288139871823081;-0.34424408112627153;-0.05546211589881398;1.70155452835428;3.0522859107406317;-0.27384523406825384;-0.4446012715637613;-0.9815063903893646;-0.5143218102887318;0
-0.2396836287700031;0.9335345410202335;-0.288139871823081;-0.34424408112627153;-0.05546211589881398;1.70155452835428;3.0522859107406317;-0.27384523406825384;-0.4446012715637613;-0.9815063903893646;-0.5143218102887318;0
-0.4101286168292546;-1.2968246143251336;0.8033514688447823;-0.44711776342129705;-1.4314614933398524;-0.9565681564974461;-0.6895679438321377;-0.22012258660211903;0.813193831233196;1.2411572321727047;1.365196380091944;1
-0.6373886009082558;-1.1252585254524128;0.33556946570141244;-0.7557388103063735;-0.9891759791623759;-1.2519151214809712;-1.0413661694757315;-0.3812905290005234;-0.5770007560687044;3.2487243751319945;-0.4203459007696984;1
-0.18286863275025295;-0.15305068850699644;0.6474241344636591;0.17012433034885574;0.04282355391840313;-0.365874226530396;0.014028507455049645;0.9617756576530254;0.7469940889807261;-0.19281929851250124;0.23748546586353744;1
-0.3533136208095039;-1.411202006906947;0.17964213132028897;-0.44711776342129705;-0.9400331442537673;0.22481970343665422;-0.36975137506523437;-0.8110717087296615;-0.2460020448063482;1.8147478444467877;0.8013409229777415;1
-0.06923864071075263;-1.6399567920705747;0.3875452438284536;2.7419663877244913;-0.9400331442537673;-0.7596701798417628;-0.7535312575855184;0.3708265355254234;-0.6432004983211744;2.1015431505838285;0.42543728490160604;1
-1.3191685531452602;-0.09586199221608953;-1.3796312124909442;-0.34424408112627153;-0.8417474744365502;2.3906974466491717;0.2698817624685723;-0.918517003661931;1.4751912537579113;2.0298443240495687;0.23748546586353744;1
-0.1260536367305028;-1.3540133106160406;0.4914968000825356;-0.24137039883124597;-1.6280328329742864;1.8984525050099632;0.237900105591882;-0.918517003661931;-0.3122017870588183;2.603434936323651;1.835075927687113;1
-1.3191685531452602;-0.09586199221608953;-1.3796312124909442;-0.34424408112627153;-0.8417474744365502;2.3906974466491717;0.2698817624685723;-0.918517003661931;1.4751912537579113;2.0298443240495687;0.23748546586353744;1
-0.9782785770267582;2.4776293408747185;-1.3796312124909442;-0.6528651280113479;0.04282355391840313;-1.0550171448252879;-0.9454211988456604;-1.670634068187878;1.210392284748025;-1.4833981761291868;1.365196380091944;1
-1.0919085690662584;-0.32461677737971717;0.6993999125907002;-0.035623034241195346;-0.49774763007629097;-0.7596701798417628;-0.8494762282155894;-0.22012258660211903;1.6075907382628543;0.5958677933643621;0.143509556344504;1
-0.06923864071075263;-1.6399567920705747;0.3875452438284536;2.7419663877244913;-0.9400331442537673;-0.7596701798417628;-0.7535312575855184;0.3708265355254234;-0.6432004983211744;2.1015431505838285;0.42543728490160604;1
0.8966162916250041;0.24727018552935126;-0.08023675931491651;-0.44711776342129705;1.12396592190779;-0.365874226530396;1.389239753152734;-0.22012258660211903;-1.8347958588656617;1.8147478444467877;-0.32636999125066496;0
0.9534312876447543;-1.1824472217433197;1.686939697004481;-0.24137039883124597;-0.20289062062463964;-1.2519151214809712;-0.9774028557223507;1.4452794848482386;-0.7755999828261174;0.9543619260356639;-0.7962495388458338;0
-1.2055385611057594;0.30445888182025815;-1.3796312124909442;-0.8586124926013987;-0.7926046395279416;-0.7596701798417628;-0.8814578850922797;-0.058954644203654996;1.6075907382628543;1.3845548852412255;-0.9842013578839007;0
0.9534312876447543;-1.1824472217433197;1.686939697004481;-0.24137039883124597;-0.20289062062463964;-1.2519151214809712;-0.9774028557223507;1.4452794848482386;-0.7755999828261174;0.9543619260356639;-0.7962495388458338;0
-0.5805736048885056;-1.068069829161506;0.33556946570141244;0.06725064805383019;-0.8417474744365502;0.5201666684201793;-0.27380640443516335;-0.8110717087296615;0.21739615096095385;0.8826630995014036;1.553148199130011;1
-0.29649862478975375;0.018515400365724275;-1.327655434363903;-0.8586124926013987;-0.20289062062463964;-1.2519151214809712;-0.8494762282155894;-0.918517003661931;-1.0403989518360035;-1.340000523060666;-0.6082977198077653;0
-0.3533136208095039;0.6475910595656996;-0.288139871823081;-0.24137039883124597;-0.20289062062463964;1.603105540026438;2.796432655727109;-0.5961811188650626;-0.3122017870588183;-1.4116993495949264;-0.5143218102887318;0
-0.29649862478975375;0.018515400365724275;-1.327655434363903;-0.8586124926013987;-0.20289062062463964;-1.2519151214809712;-0.8494762282155894;-0.918517003661931;-1.0403989518360035;-1.340000523060666;-0.6082977198077653;0
-0.46694361284900476;-0.7249376514160648;-0.4440672062042043;-0.8586124926013987;-0.10460495080742253;0.8155136334037044;0.3978083899753337;-0.11267729166978979;0.1511964087084809;-0.47961460464954275;-0.9842013578839007;0
-0.7510185929477565;0.07570409665663118;-1.3796312124909442;-0.34424408112627153;-0.10460495080742253;2.29224845832133;0.3018634193452627;-0.5961811188650626;0.4821951199708399;1.3845548852412255;0.895316832496775;1
-1.0919085690662584;0.018515400365724275;-0.9118492093475743;1.5074822001841863;2.0576797851713517;-0.16897624987471258;-0.4656963456953054;0.0484906507286146;1.210392284748025;0.16567483415880063;0.5194131944206395;0
-0.012423644691001457;-1.525579399488761;0.5434725782095767;-1.0643598571914499;-0.2520334555332482;-0.7596701798417628;-0.7215496007088281;0.3708265355254234;-0.3784015293112913;0.38077131376158097;-0.7962495388458338;1
-0.012423644691001457;-1.525579399488761;0.5434725782095767;-1.0643598571914499;-0.2520334555332482;-0.7596701798417628;-0.7215496007088281;0.3708265355254234;-0.3784015293112913;0.38077131376158097;-0.7962495388458338;1
-0.3533136208095039;-1.6971454883614816;0.5434725782095767;-0.6528651280113479;-1.7263185027915036;0.7170646450758627;0.46177170372871434;0.20965859312701898;0.614594604475783;0.45247014029584137;1.553148199130011;1
-0.4101286168292546;-0.6677489551251583;0.33556946570141244;0.06725064805383019;-0.1537477857160311;-0.9565681564974461;-0.7215496007088281;-0.5424584713989278;-0.11360256030140518;-0.47961460464954275;0.7073650134587064;0
-0.29649862478975375;0.6475910595656996;-1.3796312124909442;-0.5499914457163226;-0.4486047951676824;1.1108605983872295;0.3018634193452627;-0.27384523406825384;-0.047402818048932205;-0.12112047197824086;0.5194131944206395;0
-0.2396836287700031;-1.983088969816016;0.6993999125907002;-0.24137039883124597;-1.5788899980656779;2.1937994699934884;0.6856433018655467;-0.3812905290005234;0.08499666645601084;2.0298443240495687;0.8013409229777415;0
-0.5237586088687549;-0.6677489551251583;-0.13221253744195766;-0.6528651280113479;-0.7434618046193331;0.22481970343665422;0.04601016433173998;-0.5961811188650626;0.3497956354658969;-0.19281929851250124;-0.04444226269356291;0
-0.4101286168292546;-0.5533715625433444;0.23161790944733013;-0.34424408112627153;-0.5960332998935074;-0.26742523820255426;0.909514900002379;-0.488735823932793;-0.3784015293112913;-0.7664099107865834;-0.5143218102887318;1
-1.3759835491650103;-0.49618286625243757;-1.3796312124909442;-0.8586124926013987;-1.9228898424259373;-1.2519151214809712;-1.105329483229112;-1.2408528884587995;1.077992800243082;1.456253711775486;1.1772445610538753;1
-1.26235355712551;-0.7249376514160648;-0.5480187624582865;-0.6528651280113479;-0.5960332998935074;-0.46432321485823763;-0.6575862869554474;-0.6499037663311974;0.680794346728253;0.6675666198986224;-0.32636999125066496;1
0.9534312876447543;-0.8393150439978787;0.595448356336618;-0.8586124926013987;4.318250190967344;1.1108605983872295;1.4212214100294245;1.305600601436312;-1.1065986940884764;0.022277181090279895;-1.8299845435552051;0
-0.8646485849872574;2.2202802075656383;0.12766635319324782;2.4333453408394154;-0.5468904649848988;-0.07052726154687088;-0.2098430906817827;-0.5048526181726215;1.4089915115054383;-0.7664099107865834;0.6133891039396729;0
-0.7510185929477565;0.36164757811116505;-1.3796312124909442;-0.7557388103063735;-1.4314614933398524;-1.2519151214809712;-1.201274453859183;-0.3812905290005234;0.614594604475783;-1.268301696526406;-0.13841817221259636;0
-0.5805736048885056;0.8191571484384204;-1.275679656236862;-0.24137039883124597;-0.4486047951676824;1.5046565516985961;1.485184723782805;-0.5639475303854056;0.018796924203537846;0.237373660693061;0.5820638007666935;1
-0.6373886009082558;-0.8965037402887855;0.2835936875743713;-0.44711776342129705;-0.9400331442537673;-0.07052726154687088;-0.5616413163253764;-1.0796849460603355;-0.5770007560687044;0.5958677933643621;0.8013409229777415;1
-0.5237586088687549;1.476827155783849;-0.39209142807716313;2.8448400700195173;0.6325375728217051;0.3232686917644959;1.677074665042947;0.22577538736684752;-1.0403989518360035;-0.9098075638551042;-0.8275748420188417;1
-0.8078335889675067;0.5904023632747927;-1.275679656236862;-0.5499914457163226;-0.1537477857160311;0.22481970343665422;-0.49767800257199574;0.22040312262025788;0.54839486222331;0.7392654464328828;-0.6082977198077653;0
-0.8078335889675067;0.30445888182025815;-0.340115649950122;-0.7043019691588607;-1.1366044838882012;-0.7596701798417628;-0.7535312575855184;-1.8747801285592378;0.4159953777183669;-1.1249040434578854;1.1772445610538753;0
-0.5805736048885056;0.8191571484384204;-1.275679656236862;-0.24137039883124597;-0.4486047951676824;1.5046565516985961;1.485184723782805;-0.5639475303854056;0.018796924203537846;0.237373660693061;0.6133891039396729;1
-0.5237586088687549;1.476827155783849;-0.39209142807716313;2.8448400700195173;0.6325375728217051;0.3232686917644959;1.677074665042947;0.22577538736684752;-1.0403989518360035;-0.9098075638551042;-0.7962495388458338;1
-0.8078335889675067;0.5904023632747927;-1.275679656236862;-0.5499914457163226;-0.1537477857160311;0.22481970343665422;-0.49767800257199574;0.22040312262025788;0.54839486222331;0.7392654464328828;-0.6082977198077653;0
-0.8646485849872574;0.8191571484384204;-1.3796312124909442;-0.5499914457163226;-0.05546211589881398;0.618615656748021;-0.2098430906817827;0.1613082104074738;0.54839486222331;0.6675666198986224;-0.7022736293268004;0
-0.8078335889675067;0.30445888182025815;-1.327655434363903;-0.5499914457163226;-0.05546211589881398;2.3906974466491717;0.2698817624685723;0.06460744496844312;0.54839486222331;0.5958677933643621;-0.7022736293268004;0
-0.6373886009082558;-0.8393150439978787;0.23161790944733013;-0.44711776342129705;-1.2348901537054182;-0.07052726154687088;-0.5296596594486861;-1.0689404165670966;-0.5770007560687044;0.8109642729671432;0.8013409229777415;1
-0.6373886009082558;-0.8965037402887855;0.2835936875743713;-0.44711776342129705;-0.9400331442537673;-0.07052726154687088;-0.5616413163253764;-1.0796849460603355;-0.5770007560687044;0.5958677933643621;0.8013409229777415;1
-0.29649862478975375;-1.1824472217433197;0.9073030250988646;0.2729980126438813;1.12396592190779;-0.7596701798417628;-0.9134395419689701;0.32784841755252747;0.08499666645601084;0.9543619260356639;0.5194131944206395;1
-0.9782785770267582;0.30445888182025815;-1.275679656236862;-0.44711776342129705;-0.9400331442537673;2.0953504816656467;0.237900105591882;-1.595422361735325;0.21739615096095385;0.8109642729671432;1.083268651534842;1
-0.4101286168292546;-0.21023938479790336;0.33556946570141244;-0.5499914457163226;-0.35031912535046533;1.1108605983872295;1.2613131256459726;0.18816953414054122;0.614594604475783;-0.47961460464954275;-1.3601049959600362;0
1.91928621998051;-0.4389941699615306;1.8948428095126457;-0.24137039883124597;-0.3994619602590739;-0.8581191681696044;-0.7215496007088281;1.6279364862331207;-0.7094002405736474;0.3090724872273206;0.42543728490160604;1
-1.0350935730465083;2.1344971631292777;-1.3796312124909442;-0.8586124926013987;-1.4314614933398524;-0.661221191513921;-0.9134395419689701;-1.0958017403001639;1.210392284748025;-0.12112047197824086;0.42543728490160604;1
-1.3191685531452602;0.07570409665663118;-1.0677765437286977;-0.6528651280113479;-1.5297471631570694;2.1937994699934884;1.389239753152734;-2.336794896768033;-0.11360256030140518;-1.053205216923625;0.0965216015849881;1
-0.4101286168292546;-0.21023938479790336;0.33556946570141244;-0.5499914457163226;-0.35031912535046533;1.1108605983872295;1.2613131256459726;0.18816953414054122;0.614594604475783;-0.47961460464954275;-1.3601049959600362;0
0.044391351328748704;-1.3540133106160406;0.6993999125907002;-0.7557388103063735;-0.6943189697107245;-0.7596701798417628;-0.8174945713388991;-0.3651737347606949;0.4821951199708399;-0.336216951581022;0.04953364682547054;0
-0.2396836287700031;-1.868711577234202;0.4395210219554945;-0.7557388103063735;-1.3331758235226354;-0.8581191681696044;-0.9774028557223507;-1.1441521230197091;0.018796924203537846;1.0977595791041848;1.365196380091944;1
-1.0919085690662584;-0.6105602588342514;-0.9118492093475743;-0.1384967165362209;-1.3331758235226354;1.8000035166821216;0.5896983312354757;0.28487029957963156;0.614594604475783;0.237373660693061;-0.04444226269356291;1
-1.2055385611057594;1.476827155783849;-1.3796312124909442;-0.34424408112627153;-1.0383188140709845;-0.9565681564974461;-1.0413661694757315;-0.03746558521723686;1.8061899650202673;-0.2645181250467616;-0.4203459007696984;0
-0.8646485849872574;0.6475910595656996;-1.2237038781098208;-0.1384967165362209;-0.30117629044185673;-0.16897624987471258;-0.4656963456953054;-0.6767650900643245;0.28359589321342393;-0.47961460464954275;-0.04444226269356291;1
-0.8078335889675067;0.5904023632747927;-1.327655434363903;-0.035623034241195346;-0.2520334555332482;-0.16897624987471258;-0.2098430906817827;-0.8003271792364226;0.1511964087084809;-0.8381087373208438;0.3314613753825726;1
-0.8646485849872574;0.36164757811116505;-0.8598734312205332;-0.7557388103063735;-0.8908903093451588;1.8000035166821216;0.237900105591882;-0.488735823932793;0.614594604475783;0.16567483415880063;-0.7022736293268004;0
-0.8646485849872574;0.36164757811116505;-0.8598734312205332;-0.7557388103063735;-0.8908903093451588;1.8000035166821216;0.237900105591882;-0.488735823932793;0.614594604475783;0.16567483415880063;-0.7022736293268004;0
-0.5805736048885056;-0.2674280810888102;0.2835936875743713;-0.34424408112627153;-0.9400331442537673;1.5046565516985961;0.2698817624685723;0.30635935856610935;-0.11360256030140518;0.022277181090279895;-0.4203459007696984;1
-0.9214635810070075;2.9351389112019737;-0.9638249874746153;-0.1384967165362209;-0.6943189697107245;0.3232686917644959;-0.4337146888186151;-0.12342182116302867;1.3427917692529683;-0.5513134311838032;0.5194131944206395;0
-0.5805736048885056;-0.2674280810888102;0.2835936875743713;-0.34424408112627153;-0.9400331442537673;1.5046565516985961;0.2698817624685723;0.30635935856610935;-0.11360256030140518;0.022277181090279895;-0.4203459007696984;1
-0.5805736048885056;2.5920067334565324;-1.1197523218557388;-0.34424408112627153;-0.9891759791623759;0.4217176800923376;0.10997347808512066;0.1827972693939516;-0.047402818048932205;-0.6947110842523231;-0.7022736293268004;0
0.9534312876447543;0.9335345410202335;-0.8078976530934922;-1.0643598571914499;0.14110922373562024;-0.7596701798417628;-0.6895679438321377;-0.4994803534260319;-2.893991734905206;-1.268301696526406;-0.7022736293268004;0
-0.9214635810070075;0.9907232373111404;-0.9638249874746153;1.3531716767416484;-0.6943189697107245;-0.7596701798417628;-0.9454211988456604;-1.8103129515998642;0.7469940889807261;-0.9098075638551042;2.02302774672518;0
-0.4101286168292546;-1.0108811328705993;1.7389154751315221;0.17012433034885574;-0.3994619602590739;0.7170646450758627;-0.049934806298331025;-0.08044370319013278;0.4159953777183669;1.0260607525699244;0.6133891039396729;1
-1.26235355712551;0.418836274402072;-0.9638249874746153;-0.6528651280113479;-0.49774763007629097;-0.16897624987471258;-0.01795314942164069;-1.7995684221066253;0.4159953777183669;-0.7664099107865834;0.5194131944206395;0
-1.7168735252835128;-0.32461677737971717;-0.8078976530934922;-0.24137039883124597;-1.6280328329742864;0.02792172678097082;1.389239753152734;-2.6268971930851848;1.4751912537579113;1.671350191378267;2.9314615387425382;1
-1.7168735252835128;-0.32461677737971717;-0.8078976530934922;-0.24137039883124597;-1.6280328329742864;0.02792172678097082;1.389239753152734;-2.6268971930851848;1.4751912537579113;1.671350191378267;2.9627868419155177;1
-0.6942035969280064;1.9915254224020107;-1.1197523218557388;3.359208481494645;0.04282355391840313;-1.2519151214809712;-1.009384512599041;0.7361405382951878;0.54839486222331;-0.9098075638551042;-0.23239408173163148;0
-0.06923864071075263;-1.411202006906947;1.7389154751315221;0.5816190595289574;1.12396592190779;-0.5627722031860793;-0.7535312575855184;0.8435858332274573;0.4821951199708399;0.237373660693061;0.143509556344504;0
-1.5464285372242619;0.5332136669838858;-1.2237038781098208;-0.9614861748964243;-0.05546211589881398;-0.9565681564974461;-1.0413661694757315;-0.9292615331551699;2.2695881607875696;-0.19281929851250124;-0.32636999125066496;0
-0.06923864071075263;-1.411202006906947;1.7389154751315221;0.5816190595289574;1.12396592190779;-0.5627722031860793;-0.7535312575855184;0.8435858332274573;0.4821951199708399;0.237373660693061;0.143509556344504;0
-0.6373886009082558;0.30445888182025815;1.4270608063692758;-0.34424408112627153;1.6153942709938756;-1.2519151214809712;-1.1692927969824929;0.2580089758465642;0.08499666645601084;-0.5513134311838032;-0.13841817221259636;0
-0.1260536367305028;-1.1252585254524128;0.9073030250988646;-0.9614861748964243;-1.9228898424259373;-0.9565681564974461;-1.0733478263524219;-0.692881884304153;0.21739615096095385;-0.2645181250467616;0.23748546586353744;0
-0.8646485849872574;2.191685859420185;-1.0677765437286977;-0.44711776342129705;-1.0383188140709845;-1.1534661331531295;-1.105329483229112;-0.4242686469734193;1.4089915115054383;-0.04942164544398048;0.42543728490160604;0
-0.7510185929477565;0.7333741040020599;-0.5480187624582865;-0.34424408112627153;-0.35031912535046533;-0.7596701798417628;-0.6575862869554474;-0.3490569405208664;0.3497956354658969;-0.6947110842523231;-0.7022736293268004;0
-0.8646485849872574;0.8763458447293272;-0.288139871823081;-0.34424408112627153;-0.5468904649848988;-0.661221191513921;-0.7215496007088281;-0.6713928253176752;0.4159953777183669;-0.336216951581022;-0.13841817221259636;0
-1.3191685531452602;0.6475910595656996;-1.1197523218557388;-0.5499914457163226;-0.7434618046193331;-0.661221191513921;-0.9134395419689701;-0.9400060626484088;1.3427917692529683;0.9543619260356639;0.143509556344504;0
-1.5464285372242619;0.07570409665663118;-1.1717280999827797;-0.7557388103063735;-1.5788899980656779;-1.0550171448252879;-1.0413661694757315;-1.348298183391069;2.6667866143023984;-0.47961460464954275;0.895316832496775;0
-1.2055385611057594;0.24727018552935126;-0.8598734312205332;-0.34424408112627153;-1.6280328329742864;-1.1534661331531295;-1.105329483229112;-1.197874770485844;0.813193831233196;0.8109642729671432;0.3314613753825726;1
-0.6942035969280064;-1.7543341846523886;1.1671819157340702;-0.6528651280113479;-2.070318347151763;-0.7596701798417628;-0.8814578850922797;-1.7565903041337294;0.4821951199708399;-0.6230122577180627;1.835075927687113;1
-1.5464285372242619;0.07570409665663118;-1.1717280999827797;-0.7557388103063735;-1.5788899980656779;-1.0550171448252879;-1.0413661694757315;-1.348298183391069;2.6667866143023984;-0.47961460464954275;0.895316832496775;0
-1.2055385611057594;0.7047797558566065;-1.0677765437286977;-0.8586124926013987;-1.5297471631570694;-0.9565681564974461;-0.8814578850922797;-1.7351012451472516;1.6737904805153243;-0.7664099107865834;1.4121843348514598;0
-0.3533136208095039;0.07570409665663118;-0.02826098118787536;-0.5499914457163226;0.38682339827866236;0.7170646450758627;3.2441758520007737;-0.18788899812240237;-0.3784015293112913;-0.40791577811528235;-0.7022736293268004;0
-1.0919085690662584;-1.2396359180342267;-0.9118492093475743;-1.0643598571914499;-0.7434618046193331;-0.07052726154687088;-0.5616413163253764;-1.1387798582731194;0.680794346728253;0.38077131376158097;-0.4203459007696984;1
-0.7510185929477565;-0.5533715625433444;-1.275679656236862;-0.5499914457163226;-0.05546211589881398;-0.07052726154687088;-0.5616413163253764;-0.961495121634827;0.21739615096095385;1.1694584056384452;0.143509556344504;1
-0.3533136208095039;0.07570409665663118;-0.02826098118787536;-0.5499914457163226;0.38682339827866236;0.7170646450758627;3.2441758520007737;-0.18788899812240237;-0.3784015293112913;-0.40791577811528235;-0.7022736293268004;0
-0.8078335889675067;1.219478022474768;-1.2237038781098208;-0.1384967165362209;-1.3331758235226354;-0.8581191681696044;-0.9454211988456604;-0.8755388856890352;0.879393573485669;-0.12112047197824086;0.9892927420158084;1
-0.9782785770267582;2.1059028149838244;-1.1717280999827797;-0.1384967165362209;-0.645176134802116;-0.8581191681696044;-1.0413661694757315;-0.4779912944395541;1.4089915115054383;-0.47961460464954275;0.3314613753825726;1
-0.8078335889675067;1.219478022474768;-1.2237038781098208;-0.1384967165362209;-1.3331758235226354;-0.8581191681696044;-0.9454211988456604;-0.8755388856890352;0.879393573485669;-0.12112047197824086;0.9892927420158084;1
-0.46694361284900476;1.1336949780384076;-1.1717280999827797;-0.9614861748964243;-0.2520334555332482;-0.7596701798417628;-0.9774028557223507;-0.8755388856890352;-0.3784015293112913;-0.8381087373208438;-0.7962495388458338;0
-0.29649862478975375;1.6769875928020226;0.12766635319324782;1.918976929364288;0.09196638882701169;0.5201666684201793;0.5896983312354757;-0.15565540964274535;-1.0403989518360035;-0.8381087373208438;-0.9842013578839007;0
-0.5805736048885056;0.33305322996571163;-0.4440672062042043;-0.035623034241195346;-0.1537477857160311;-0.07052726154687088;0.46177170372871434;-0.17714446862916347;-0.047402818048932205;-0.7664099107865834;-0.6082977198077653;0
-1.2055385611057594;-0.49618286625243757;0.6474241344636591;0.06725064805383019;-0.20289062062463964;-0.9565681564974461;-1.009384512599041;-0.62304244259813;1.2765920270004951;0.3090724872273206;0.5194131944206395;1
-0.46694361284900476;-0.8393150439978787;1.5829881407503987;-0.1384967165362209;1.2222515917250072;-1.0550171448252879;-1.0733478263524219;-0.354429205267456;0.28359589321342393;-0.6947110842523231;0.895316832496775;1
-0.9214635810070075;1.3338554150565818;-1.275679656236862;-0.6528651280113479;-0.1537477857160311;-0.9565681564974461;-1.0733478263524219;-0.3812905290005234;1.5413909960103813;-0.12112047197824086;-0.46733385552921597;0
-0.8646485849872574;1.6197988965111163;-1.1197523218557388;-0.44711776342129705;-0.5468904649848988;-0.9565681564974461;-1.009384512599041;-0.5854365893718834;1.2765920270004951;0.09397600762454027;0.3314613753825726;1
-0.46694361284900476;-0.8393150439978787;1.5829881407503987;-0.1384967165362209;1.2222515917250072;-1.0550171448252879;-1.0733478263524219;-0.354429205267456;0.28359589321342393;-0.6947110842523231;0.895316832496775;1
-0.6942035969280064;-1.468390703197854;1.7389154751315221;-0.34424408112627153;-0.35031912535046533;0.1263707151088125;-0.6575862869554474;0.7683741267749044;0.4159953777183669;0.5241689668301017;0.143509556344504;1
-0.2396836287700031;-1.983088969816016;0.6993999125907002;-0.6528651280113479;-0.9400331442537673;-0.8581191681696044;-0.8174945713388991;-1.402020830857204;-0.2460020448063482;0.38077131376158097;0.6133891039396729;0
-1.0919085690662584;-0.9536924365796925;-0.288139871823081;-0.24137039883124597;-1.6771756678828948;1.0124116100593878;0.07799182120843032;-0.05358237945706537;1.011793057990612;0.8826630995014036;-0.7022736293268004;1
-0.6942035969280064;0.9335345410202335;-1.1717280999827797;-0.34424408112627153;-0.645176134802116;0.3232686917644959;-0.5936229732020667;0.22040312262025788;0.813193831233196;0.16567483415880063;-0.6082977198077653;0
-1.0919085690662584;1.5054215039293026;-1.1717280999827797;-0.24137039883124597;-0.9891759791623759;-0.46432321485823763;-0.9134395419689701;-0.4457577059598971;1.4089915115054383;0.022277181090279895;-0.04444226269356291;1
-1.0919085690662584;0.19008148923844498;-0.5999945405853276;-0.6528651280113479;-0.1537477857160311;0.1263707151088125;0.6216799881121661;-2.0252035414644034;0.08499666645601084;-0.336216951581022;0.04953364682547054;1
-0.8078335889675067;1.7913649853838365;-0.288139871823081;1.713229564774237;-0.35031912535046533;0.02792172678097082;0.6216799881121661;0.9187975396800699;1.4089915115054383;0.5241689668301017;-1.1408278737489599;1
-0.8078335889675067;1.7913649853838365;-0.288139871823081;1.713229564774237;-0.35031912535046533;0.02792172678097082;0.6216799881121661;0.9187975396800699;1.4089915115054383;0.5241689668301017;-1.1251652221624517;1
-1.26235355712551;-1.1824472217433197;-0.08023675931491651;-0.1384967165362209;-0.49774763007629097;0.7170646450758627;0.3978083899753337;-0.20400579236223088;0.680794346728253;2.3166396301866095;0.143509556344504;0
-1.0350935730465083;0.018515400365724275;-1.0677765437286977;-0.44711776342129705;-0.8908903093451588;1.3077585750429128;-0.049934806298331025;-0.9776119158746555;0.4159953777183669;1.312856058706965;-0.13841817221259636;1
-0.5237586088687549;-0.32461677737971717;1.011254581352947;-0.24137039883124597;1.6153942709938756;-0.8581191681696044;-0.8174945713388991;-0.12879408590967795;0.018796924203537846;-0.12112047197824086;0.04953364682547054;0
-0.9782785770267582;0.9907232373111404;-0.9638249874746153;0.17012433034885574;1.2222515917250072;-0.16897624987471258;-0.5936229732020667;-0.03209332047058759;0.813193831233196;-0.47961460464954275;-0.23239408173163148;0
-1.0350935730465083;0.018515400365724275;-1.0677765437286977;-0.44711776342129705;-0.8908903093451588;1.3077585750429128;-0.049934806298331025;-0.9776119158746555;0.4159953777183669;1.312856058706965;-0.13841817221259636;1
-0.8078335889675067;-0.2674280810888102;-0.340115649950122;-0.5499914457163226;0.04282355391840313;-0.661221191513921;-0.7215496007088281;-0.46187450019972565;0.4821951199708399;-1.5550970026634472;-1.3131170412005186;0
-1.26235355712551;-1.1824472217433197;-0.08023675931491651;-0.1384967165362209;-0.49774763007629097;0.7170646450758627;0.3978083899753337;-0.20400579236223088;0.680794346728253;2.3166396301866095;0.143509556344504;0
-0.8646485849872574;-0.2674280810888102;-0.08023675931491651;-0.44711776342129705;-0.2520334555332482;1.3077585750429128;0.4937533606054047;-0.7573490612635266;0.1511964087084809;-0.336216951581022;-0.04444226269356291;0
-1.3191685531452602;-0.6105602588342514;-0.39209142807716313;-0.44711776342129705;-0.30117629044185673;0.618615656748021;0.04601016433173998;-0.8003271792364226;0.4821951199708399;0.9543619260356639;-0.4203459007696984;1
-0.9214635810070075;-0.2674280810888102;-0.9638249874746153;-0.34424408112627153;-0.8417474744365502;0.22481970343665422;-0.36975137506523437;-0.6391592368380181;0.08499666645601084;-0.04942164544398048;-0.7022736293268004;0
-0.8646485849872574;-0.32461677737971717;-0.9638249874746153;-0.24137039883124597;-0.8417474744365502;0.22481970343665422;-0.24182474755847305;-0.6337869720913689;-0.11360256030140518;0.022277181090279895;-0.7962495388458338;1
-0.6942035969280064;0.018515400365724275;-1.0158007656016563;-0.7557388103063735;-0.49774763007629097;-0.07052726154687088;-0.6895679438321377;-0.8647943561957963;-0.17980230255387525;0.09397600762454027;0.3314613753825726;1
-0.2396836287700031;-1.3540133106160406;1.1671819157340702;-0.24137039883124597;0.7308232426389222;0.5201666684201793;0.429790046852024;0.23114765211349678;-0.047402818048932205;0.16567483415880063;-0.32636999125066496;1
-0.6942035969280064;0.9335345410202335;-0.9638249874746153;-0.34424408112627153;-0.8908903093451588;2.587595423304855;0.20591844871519166;-0.3383124110276275;0.680794346728253;-0.336216951581022;-0.23239408173163148;1
-0.9782785770267582;-0.49618286625243757;-0.9118492093475743;-0.24137039883124597;-0.8908903093451588;-0.661221191513921;-0.8814578850922797;-1.2193638294723217;0.680794346728253;0.3090724872273206;0.8013409229777415;1
-1.26235355712551;1.019317585456594;-0.8598734312205332;0.3758716949389064;-0.006319280990205422;-0.26742523820255426;-0.5616413163253764;-0.21475032185546977;1.8723897072727402;0.09397600762454027;-0.23239408173163148;0
-0.6373886009082558;0.018515400365724275;-0.7039460968394098;-0.44711776342129705;-1.1366044838882012;0.22481970343665422;-0.7535312575855184;-0.5263416771590993;-0.7094002405736474;0.237373660693061;-0.5143218102887318;1
-0.18286863275025295;-0.7821263477069718;0.17964213132028897;-0.5499914457163226;-0.35031912535046533;1.603105540026438;1.2293314687692825;0.24726444635332528;0.4821951199708399;-0.2645181250467616;-1.3601049959600362;0
-0.9782785770267582;0.19008148923844498;-0.6519703187123687;-0.035623034241195346;-0.8417474744365502;-0.26742523820255426;-0.5296596594486861;-1.471860272563167;0.680794346728253;-0.19281929851250124;1.1772445610538753;1
-0.7510185929477565;0.13289279294753809;-0.7039460968394098;-0.24137039883124597;-0.30117629044185673;-0.07052726154687088;-0.33776971818854407;-0.4350131764666582;0.28359589321342393;-0.40791577811528235;-0.7022736293268004;1
-1.26235355712551;0.018515400365724275;-0.9638249874746153;-0.5499914457163226;-0.20289062062463964;0.8155136334037044;-0.01795314942164069;-0.7680935907567059;1.8723897072727402;0.237373660693061;-0.13841817221259636;1
-1.6600585292637622;0.30445888182025815;-0.9638249874746153;-0.5499914457163226;-1.087461648979593;0.4217176800923376;-0.4656963456953054;-1.0044732396077825;1.210392284748025;-0.04942164544398048;-0.23239408173163148;1
-1.2055385611057594;0.6475910595656996;-0.9118492093475743;0.06725064805383019;-0.006319280990205422;-0.07052726154687088;-0.6256046300787571;-0.714370943290571;1.6737904805153243;-0.12112047197824086;1.4591722896109773;0
-0.6373886009082558;-0.7821263477069718;0.2835936875743713;-0.6528651280113479;-0.7926046395279416;1.8000035166821216;0.46177170372871434;0.23114765211349678;0.9455933157381391;0.9543619260356639;-0.5143218102887318;0
-1.2055385611057594;-0.03867329592518263;-0.9638249874746153;2.021850611659314;-0.49774763007629097;-0.46432321485823763;-0.4337146888186151;-0.13416635065626756;1.6075907382628543;-0.12112047197824086;1.083268651534842;1
-0.5237586088687549;-1.5827680957796677;0.12766635319324782;-0.24137039883124597;-1.3331758235226354;0.3232686917644959;0.10997347808512066;-0.026721055723997973;0.54839486222331;0.8109642729671432;0.42543728490160604;1
-0.9214635810070075;1.8771480298201968;-1.275679656236862;-0.5499914457163226;-0.8417474744365502;1.3077585750429128;-0.24182474755847305;-1.0689404165670966;-0.11360256030140518;-0.6230122577180627;0.28447342062305503;1
1.578396243862008;-0.49618286625243757;0.8033514688447823;-0.24137039883124597;-0.8417474744365502;-0.16897624987471258;-0.8494762282155894;0.4675273009645137;-0.4446012715637613;-0.5513134311838032;-0.04444226269356291;1
0.044391351328748704;-0.8965037402887855;0.8553272469718234;-0.1384967165362209;-0.8908903093451588;-0.365874226530396;-0.8494762282155894;-0.6499037663311974;-0.9741992095835335;1.1694584056384452;0.7073650134587064;1
-1.0350935730465083;0.5904023632747927;0.33556946570141244;-0.6528651280113479;-1.087461648979593;0.02792172678097082;-0.5616413163253764;-0.7519767965168774;0.28359589321342393;-0.04942164544398048;-0.32636999125066496;1
-0.7510185929477565;0.24727018552935126;-1.275679656236862;-0.44711776342129705;-0.4486047951676824;0.1263707151088125;-0.6256046300787571;-0.5155971476658604;0.28359589321342393;-0.2645181250467616;-0.23239408173163148;0
-1.1487235650860093;0.418836274402072;-0.8598734312205332;-0.8586124926013987;-1.6280328329742864;-0.365874226530396;-0.6256046300787571;-1.9607363645050295;1.5413909960103813;-0.9815063903893646;1.553148199130011;0
1.6352112398817582;-0.7249376514160648;1.2191576938611113;-0.44711776342129705;0.8782517473647479;0.3232686917644959;0.141955134961811;0.6018339196298508;-1.4375974053508327;-0.47961460464954275;-0.04444226269356291;0
-0.5237586088687549;-0.9536924365796925;0.17964213132028897;-0.6528651280113479;-0.35031912535046533;0.1263707151088125;-0.6895679438321377;-1.3536704481376587;-0.5108010138162313;0.38077131376158097;0.895316832496775;1
-0.6942035969280064;0.8763458447293272;-1.3796312124909442;-0.1384967165362209;0.2885377284614452;0.1263707151088125;-0.6256046300787571;0.6018339196298508;0.879393573485669;-0.8381087373208438;-0.8902254483648673;0
-0.6942035969280064;0.8191571484384204;-1.3796312124909442;-0.1384967165362209;0.09196638882701169;0.22481970343665422;-0.5936229732020667;0.5212499484306485;0.813193831233196;-0.7664099107865834;-0.9842013578839007;0
-1.1487235650860093;0.8763458447293272;-1.327655434363903;1.3017348355941358;1.0748230869991815;1.603105540026438;0.2698817624685723;-0.456502235453136;1.2765920270004951;0.09397600762454027;0.8013409229777415;1
-0.5805736048885056;1.1908836743293145;-1.3796312124909442;-0.24137039883124597;-0.05546211589881398;0.22481970343665422;-0.5616413163253764;0.50513315419082;0.614594604475783;-0.336216951581022;-0.9842013578839007;0
-0.9782785770267582;1.8771480298201968;-1.275679656236862;-0.035623034241195346;-0.9400331442537673;-0.07052726154687088;-0.7215496007088281;-0.23623938084194754;1.4751912537579113;-0.336216951581022;0.5194131944206395;1
-0.7510185929477565;0.19008148923844498;-0.49604298433124533;-0.7557388103063735;-0.7926046395279416;-0.07052726154687088;-0.6895679438321377;-0.8433052972093185;0.813193831233196;0.237373660693061;0.0965216015849881;1
-0.9782785770267582;2.020119770547464;-1.1717280999827797;-0.24137039883124597;-0.7434618046193331;-0.365874226530396;-0.8174945713388991;-0.18788899812240237;1.4089915115054383;-0.6230122577180627;-0.5143218102887318;0
-0.9782785770267582;1.8771480298201968;-1.275679656236862;-0.035623034241195346;-0.9400331442537673;-0.07052726154687088;-0.7215496007088281;-0.23623938084194754;1.4751912537579113;-0.336216951581022;0.5194131944206395;1
-0.29649862478975375;0.418836274402072;-0.02826098118787536;-0.44711776342129705;-0.05546211589881398;1.5046565516985961;2.732469341973728;-0.26310070457501494;-0.7094002405736474;-0.9098075638551042;-0.5143218102887318;0
-0.29649862478975375;0.418836274402072;-0.02826098118787536;-0.44711776342129705;-0.05546211589881398;1.5046565516985961;2.732469341973728;-0.26310070457501494;-0.7094002405736474;-0.9098075638551042;-0.5143218102887318;0
-0.29649862478975375;0.418836274402072;-0.02826098118787536;-0.44711776342129705;-0.05546211589881398;1.5046565516985961;2.732469341973728;-0.26310070457501494;-0.7094002405736474;-0.9098075638551042;-0.5143218102887318;0
-0.6373886009082558;0.962128889165687;-0.7039460968394098;-0.44711776342129705;-0.2520334555332482;-0.365874226530396;-0.8174945713388991;-0.6713928253176752;-0.17980230255387525;-0.7664099107865834;-0.32636999125066496;0
-0.6373886009082558;0.962128889165687;-0.7039460968394098;-0.44711776342129705;-0.2520334555332482;-0.365874226530396;-0.8174945713388991;-0.6713928253176752;-0.17980230255387525;-0.7664099107865834;-0.32636999125066496;0
-0.6373886009082558;0.962128889165687;-0.7039460968394098;-0.44711776342129705;-0.2520334555332482;-0.365874226530396;-0.8174945713388991;-0.6713928253176752;-0.17980230255387525;-0.7664099107865834;-0.32636999125066496;0
-0.9214635810070075;0.8191571484384204;-1.275679656236862;-0.5499914457163226;-0.9891759791623759;1.0124116100593878;-0.1138981200517117;-0.9776119158746555;0.4821951199708399;1.2411572321727047;0.42543728490160604;1
-0.9214635810070075;-2.0974663623978294;1.9468185876396868;-0.34424408112627153;-1.087461648979593;0.8155136334037044;0.20591844871519166;-0.9507505921415881;0.1511964087084809;0.45247014029584137;0.7073650134587064;1
-0.6373886009082558;0.962128889165687;-0.7039460968394098;-0.44711776342129705;-0.2520334555332482;-0.365874226530396;-0.8174945713388991;-0.6713928253176752;-0.17980230255387525;-0.7664099107865834;-0.32636999125066496;0
-0.7510185929477565;0.19008148923844498;-0.7039460968394098;-0.8586124926013987;-0.20289062062463964;0.9139626217315461;-0.1138981200517117;-0.22549485134870864;0.1511964087084809;-0.40791577811528235;-1.1721531769219693;0
-1.2055385611057594;-0.09586199221608953;-0.6519703187123687;-0.5499914457163226;-1.2348901537054182;-0.07052726154687088;-0.36975137506523437;-1.4772325373098165;1.077992800243082;-0.5513134311838032;0.9892927420158084;1
-1.0919085690662584;-0.8393150439978787;-0.6519703187123687;-0.24137039883124597;-2.1194611820603715;-0.07052726154687088;-0.6575862869554474;-0.8433052972093185;0.813193831233196;0.022277181090279895;0.6133891039396729;1
-0.5805736048885056;0.9335345410202335;0.2835936875743713;-0.24137039883124597;-0.5960332998935074;1.8984525050099632;1.8689646063030891;-0.20937805710888013;0.08499666645601084;-0.9815063903893646;-0.8902254483648673;0
-1.3191685531452602;0.30445888182025815;-0.340115649950122;-0.035623034241195346;-0.30117629044185673;-0.07052726154687088;0.141955134961811;-1.0958017403001639;1.7399902227677972;0.16567483415880063;1.9290518372061463;1
-0.46694361284900476;-0.03867329592518263;0.6993999125907002;-0.24137039883124597;-1.0383188140709845;-0.365874226530396;-0.8174945713388991;-1.0581958870739172;-0.3784015293112913;-0.04942164544398048;1.2712204705729104;1
-0.18286863275025295;-1.2968246143251336;1.8948428095126457;-0.8586124926013987;-0.006319280990205422;0.02792172678097082;-0.5296596594486861;-0.4457577059598971;-0.11360256030140518;0.9543619260356639;0.3314613753825726;1
-1.2055385611057594;0.9907232373111404;-0.5999945405853276;2.7419663877244913;-0.2520334555332482;-0.26742523820255426;-0.5936229732020667;-0.26310070457501494;1.4751912537579113;-0.336216951581022;1.365196380091944;1
-0.8646485849872574;0.8191571484384204;-0.5999945405853276;-0.6528651280113479;1.811965610628309;-0.26742523820255426;-0.8174945713388991;-0.7036264137973919;0.680794346728253;0.16567483415880063;0.8013409229777415;1
-1.2055385611057594;0.19008148923844498;-0.9118492093475743;-0.7557388103063735;-1.382318658431244;0.8155136334037044;-0.4337146888186151;-1.4449989488300998;1.4751912537579113;-0.336216951581022;0.8013409229777415;0
-0.5237586088687549;-1.0108811328705993;0.33556946570141244;-0.035623034241195346;-0.645176134802116;-0.661221191513921;-0.6256046300787571;-1.0796849460603355;0.28359589321342393;-0.336216951581022;1.365196380091944;1
-1.2055385611057594;0.19008148923844498;-0.9118492093475743;-0.7557388103063735;-1.382318658431244;0.8155136334037044;-0.4337146888186151;-1.4449989488300998;1.4751912537579113;-0.336216951581022;0.8013409229777415;0
-1.26235355712551;1.0765062817475008;-0.8598734312205332;0.17012433034885574;-1.382318658431244;-0.26742523820255426;-0.5936229732020667;-1.6598895386946986;1.6737904805153243;-1.053205216923625;1.365196380091944;0
-1.2055385611057594;-0.38180547367062373;0.12766635319324782;-0.34424408112627153;-0.35031912535046533;1.603105540026438;1.677074665042947;-0.4994803534260319;0.08499666645601084;-0.19281929851250124;-0.6082977198077653;0
-0.9214635810070075;-1.1824472217433197;0.9073030250988646;-0.035623034241195346;-0.9891759791623759;0.8155136334037044;-0.36975137506523437;-1.0044732396077825;-0.17980230255387525;1.0977595791041848;1.083268651534842;1
-0.6373886009082558;-0.7821263477069718;0.9073030250988646;0.17012433034885574;-0.7434618046193331;0.618615656748021;0.07799182120843032;-0.9507505921415881;-0.11360256030140518;1.3845548852412255;0.9892927420158084;1
-0.46694361284900476;-1.2396359180342267;0.7513756907177411;-0.035623034241195346;-0.7926046395279416;1.8000035166821216;0.46177170372871434;-0.961495121634827;0.1511964087084809;1.456253711775486;0.895316832496775;1
-1.432798545184761;0.4760249706929789;-0.8078976530934922;-0.6528651280113479;-0.7434618046193331;0.22481970343665422;-0.5616413163253764;-1.0098455043543721;1.5413909960103813;0.09397600762454027;0.42543728490160604;1
-0.6373886009082558;0.7619684521475134;0.33556946570141244;0.06725064805383019;-0.645176134802116;1.8000035166821216;1.8050012925497085;-1.3805317718707262;-0.3122017870588183;0.9543619260356639;2.2109795657632483;1
-0.9782785770267582;1.1336949780384076;-0.340115649950122;5.519555809690179;-0.3994619602590739;1.3077585750429128;1.0694231843858308;0.5319944779238874;-0.17980230255387525;-0.7664099107865834;-1.1721531769219693;0
-1.1487235650860093;0.13289279294753809;-0.5999945405853276;-0.6528651280113479;-0.20289062062463964;1.0124116100593878;-0.33776971818854407;-1.9177582465321337;0.018796924203537846;1.2411572321727047;1.083268651534842;1
-1.6600585292637622;1.219478022474768;-0.9118492093475743;-0.7557388103063735;0.38682339827866236;0.02792172678097082;-0.6256046300787571;-1.4449989488300998;2.3357879030400395;-0.6230122577180627;1.083268651534842;1
-1.1487235650860093;-0.09586199221608953;-0.7039460968394098;-0.1384967165362209;-0.2520334555332482;1.3077585750429128;-0.17786143380509237;-0.5209694124125097;0.680794346728253;0.7392654464328828;0.5194131944206395;1
-0.8646485849872574;0.5332136669838858;-0.9638249874746153;-0.5499914457163226;-0.645176134802116;1.2093095867150712;-0.24182474755847305;-0.10730502692320017;0.680794346728253;1.2411572321727047;-0.8902254483648673;1
-1.2055385611057594;0.418836274402072;-0.9638249874746153;-0.44711776342129705;0.4359662331872709;1.603105540026438;-0.049934806298331025;-0.9722396511280659;0.879393573485669;-0.47961460464954275;0.04953364682547054;0
-1.3759835491650103;0.13289279294753809;-0.8598734312205332;-0.24137039883124597;-0.9400331442537673;2.29224845832133;0.17393679183850133;-0.8540498267025574;1.3427917692529683;0.8109642729671432;0.7073650134587064;1
-1.1487235650860093;-0.09586199221608953;-0.7039460968394098;-0.1384967165362209;-0.2520334555332482;1.3077585750429128;-0.17786143380509237;-0.5209694124125097;0.680794346728253;0.7392654464328828;0.5194131944206395;1
-1.3759835491650103;0.6761854077111531;-0.7559218749664509;-0.44711776342129705;-0.30117629044185673;1.603105540026438;-0.049934806298331025;-0.6660205605710856;1.6737904805153243;0.45247014029584137;-0.23239408173163148;0
-1.3191685531452602;-1.2396359180342267;1.0632303594799877;1.1988611532991102;-0.6943189697107245;0.22481970343665422;-0.1138981200517117;-0.6552760310778467;0.4821951199708399;0.09397600762454027;0.5194131944206395;1
