fixed acidity;volatile acidity;citric acid;residual sugar;chlorides;free sulfur dioxide;total sulfur dioxide;density;pH;sulphates;alcohol;label
-0.1321918910091846;1.426442810319755;-0.8674309356056437;0.9833476887409429;0.39228461001339093;-1.2008456287634983;-1.055953989228212;0.9887780339385585;0.30141709455740234;-1.1531846862038688;-0.8721398859267278;0
-0.07600116582998039;-1.2386815216354823;0.6863028803148086;-0.22634647438436117;-1.1157292215256678;-0.9970361947483258;-1.1510188125139416;-0.7376423230975605;-0.03401801067177382;0.2537296378462818;0.7394801315590191;1
-0.7502898679804332;0.5191664419945677;-0.9710131900003405;-0.6662352609753811;-0.2674714412849473;-0.7932267607331535;-0.7073829705138704;0.5828798308736282;1.1064613471074287;-0.8569921969301527;-1.346145773422536;0
-0.6379084176220242;1.7383190619315378;-1.3853422075791277;-0.44629086767987125;3.973817459918657;-1.2008456287634983;-1.119330538085365;-0.34798004815527306;0.5026781576949104;-0.9310403192485817;-0.3981339984309197;0
1.7221020399045621;-1.5222053867371033;0.8934673891042021;1.3132642786842081;-0.5030986024629255;-0.9970361947483258;-0.8658243426567529;1.0158379141428833;-1.3086714105426474;1.2904033503042864;-1.0617422409250503;1
-0.5255269672636153;3.7229861176428853;-1.3853422075791277;2.0280835568946154;0.7221626356625604;-1.0989409117559121;-1.0242657147996355;-0.06655729403022426;2.11276666279496;-0.7829440746117237;0.265474244063211;0
-1.5369600204892955;0.43410928246408137;-1.1263865715923858;-0.00640208108885155;-0.40884773799173424;0.3277251263502949;-0.675694696085294;-2.242171662458181;1.643157515474113;-0.7088959522932946;2.351100149044768;0
-1.8179136463853176;-0.6149290184119163;-1.3853422075791277;-0.6662352609753811;-1.7754852728240065;0.22582040934270867;1.3206665929150259;-2.7887812425856358;2.4482017680241395;0.623970249438426;3.0147083915388984;1
-0.469336242084411;-0.7283385644525645;-0.4531019180268565;-0.886179654270891;-0.12609514457816043;0.8372487113882259;0.3700183600577307;-0.12067705443887362;0.1672430524657313;-0.48675158533800844;-0.9669410634258891;0
-0.6379084176220242;0.2356425768929465;-1.0745954443950374;-0.886179654270891;-0.2674714412849473;-0.6913220437255672;-0.6123181472281409;0.2581612684216719;0.30141709455740234;0.401825882483139;-0.7773387084275665;1
-0.694099142801229;-1.7490244788184004;1.152423025090944;-0.6662352609753811;-2.0111124340019844;-0.7932267607331535;-0.8975126170853295;-1.7767417229437605;0.5026781576949104;-0.6348478299748657;1.8770942615489596;1
-0.18838261618838884;0.5191664419945677;0.3237649899333697;0.32351450885441363;0.2980337455421997;0.022010975327536247;-0.29543540294237586;0.2581612684216719;-0.03401801067177382;-0.48675158533800844;0.265474244063211;1
-0.469336242084411;0.29234734991327077;1.5149609154723833;0.7634032954454333;3.361186840855914;-1.0989409117559121;-1.0242657147996355;-1.0623608855495168;-0.7048882211301291;2.845413918991295;1.1186848415556658;1
-0.6379084176220242;0.575871215014892;-1.3853422075791277;-0.5562630643276263;0.7221626356625604;-0.18179845868763617;-0.2637471285137994;0.01462234658274979;0.36850411560323937;-0.48675158533800844;-1.346145773422536;1
0.4859060859620639;0.575871215014892;-0.2977285364348113;0.32351450885441363;0.7221626356625604;1.346772296426157;0.5918362810577662;1.1240774349601819;-0.2352790738092819;-0.48675158533800844;-0.7773387084275665;0
0.37352463560365545;-0.44481469935094353;1.152423025090944;0.21354231220665856;0.10953201659981777;0.5315345603654673;0.9087190253435313;1.0699576745515325;0.2343300735115683;-0.5607997076564374;-0.6825375309284052;0
0.4297153607828597;-0.1612908342493226;0.16839160834132433;-0.5562630643276263;-0.7858511958764988;-0.7932267607331535;-0.929200891513906;0.5504079746284025;0.03306901037406022;0.475874004801568;0.07587188906488843;1
1.6659113147253577;-0.9551576565338614;2.032872187445867;-0.00640208108885155;1.9474238737880458;-1.3027503457710845;-1.2143953613710945;-0.16397286276584117;-0.7719752421759631;-0.8569921969301527;1.4030883740531515;1
-0.5255269672636153;-1.0118624295541858;0.3237649899333697;-0.00640208108885155;-0.6444748991697118;-0.6913220437255672;-0.6440064216567174;-1.0948327417946824;0.30141709455740234;-0.3386553407011504;1.4030883740531515;1
-0.4131455169052068;1.171271331728296;-1.281759953184431;0.1035701155589035;-0.5030986024629255;-0.589417326717981;-1.0242657147996355;-0.7268183710158186;1.3077224102449339;0.475874004801568;1.2134860190548271;1
-0.5255269672636153;0.12223303085229863;-0.40131079082950805;-0.6662352609753811;0.015281152128626496;-0.07989374168004997;-0.3905002262281054;-0.09361717423454893;1.1735483681532657;0.2537296378462818;0.07587188906488843;0
-0.469336242084411;0.575871215014892;0.01301822674927927;-0.44629086767987125;0.06240658436422213;0.12391569233512245;1.4157314162007553;-0.3046842398283055;-0.369453115900953;-0.48675158533800844;-0.5877363534292422;1
-0.35695479172600203;2.1919572460941317;-0.763848681210947;-0.22634647438436117;2.889932518499957;-0.8951314777407396;-0.7390712449424469;-0.17479681484758305;0.2343300735115683;0.031585270890994714;-0.2085316434325971;1
-0.8064805931596374;0.575871215014892;-1.3335510803817794;-0.00640208108885155;-0.2674714412849473;-0.18179845868763617;-0.23205885408522287;-0.8134099876696936;0.1672430524657313;-0.8569921969301527;0.36027542156237397;1
-0.469336242084411;0.2356425768929465;-1.281759953184431;0.21354231220665856;-0.2203460090493517;-0.4875126097103948;-0.3588119517995289;-0.6239908262394208;0.30141709455740234;-0.19055909606429233;0.36027542156237397;1
-0.6379084176220242;0.4057568959539192;-1.178177698789734;0.1035701155589035;-0.2674714412849473;0.22582040934270867;1.3206665929150259;0.39346066944329533;1.441896452336605;-0.7088959522932946;-0.8721398859267278;0
0.14876173488683755;-1.7490244788184004;0.4791383715254148;-0.5562630643276263;-0.8329766281120944;3.792485504608226;0.9720955742006843;-0.3696279523186967;1.0393743260615946;1.6606439618964315;0.5498777765606966;1
0.03638028452842908;2.8724145223380217;-0.6084752996189017;3.952596998230327;-0.40884773799173424;-0.4875126097103948;0.24326526234342472;1.2323169557774807;0.36850411560323937;-1.1531846862038688;-0.49293517593008096;0
1.3849576888293356;-0.44481469935094353;0.3237649899333697;0.1035701155589035;0.8164135001337517;0.42962984335788107;-0.2637471285137994;0.7885349204264838;-0.503627157992621;0.475874004801568;0.36027542156237397;0
-0.6379084176220242;-0.7850433374728887;0.8934673891042021;0.21354231220665856;-0.738725763640903;0.6334392773730535;0.053135615771965676;-0.9649453168138998;-0.10110503171761084;1.4384995949411445;1.0238836640565045;1
-0.1321918910091846;1.9367857675026727;-1.3853422075791277;-0.22634647438436117;0.10953201659981777;-0.589417326717981;-0.4855650495138349;-0.08820519819370803;-0.436540136946787;-1.0791365638854398;-0.5877363534292422;0
-0.5255269672636153;0.6042236015250542;-0.8674309356056437;-0.00640208108885155;-0.07896971234256478;0.022010975327536247;-0.4221885006566819;0.34475288507554697;1.777331557565784;0.32777776016471;0.36027542156237397;1
-0.9750527686972511;2.0785477000534835;-1.178177698789734;-0.11637427773660661;-0.6444748991697118;-0.8951314777407396;-1.055953989228212;-0.48869142521773734;1.441896452336605;-0.48675158533800844;0.36027542156237397;1
2.733535093130241;-0.3881099263306193;1.3077964066829895;-0.22634647438436117;-0.5030986024629255;-0.3856078927028086;-0.3588119517995289;2.0982331223159307;-1.4428454526343184;-0.6348478299748657;-1.346145773422536;1
2.0592463909797885;-0.841748110493213;1.5149609154723833;-0.3363186710321162;0.5336609067201779;-0.9970361947483258;-0.7073829705138704;1.367616356799104;-1.1744973684509763;0.475874004801568;0.45507659906153525;1
-0.019810440650775155;0.7459855340758648;-0.6084752996189017;-0.5562630643276263;-0.12609514457816043;0.12391569233512245;-0.13699403079949335;0.2581612684216719;-0.03401801067177382;-0.7829440746117237;-0.7773387084275665;1
0.261143185245247;-0.44481469935094353;0.8416762619068536;-1.1061240475664011;-0.2674714412849473;-0.3856078927028086;-0.8024477937996;-0.6564626824845864;-0.7048882211301291;0.772066494075284;-0.2085316434325971;1
-0.18838261618838884;-0.6149290184119163;-0.5048930452242049;-0.44629086767987125;-0.40884773799173424;-0.9970361947483258;-0.8975126170853295;0.2581612684216719;-0.16819205276344487;-0.2646072183827214;-1.1565434184242134;1
-0.8626713183388421;0.6325759880352162;-1.3853422075791277;0.32351450885441363;1.9474238737880458;-0.07989374168004997;-0.4221885006566819;-0.7268183710158186;0.8381132629240866;-0.11651097374586332;0.8342813090581821;1
-0.07600116582998039;-1.6356149327777518;0.3755561171307181;2.962847228400532;-0.9272274925832856;-0.7932267607331535;-0.7707595193710235;0.3664007892389706;-0.6378012000842921;2.1789808181254338;0.45507659906153525;1
-0.1321918910091846;0.8026903070961889;1.4631697882750347;-0.6662352609753811;1.6646712803744725;1.6524864474489158;3.0001451376295805;0.04168222678707447;-0.9732363053134713;-0.19055909606429233;-0.9669410634258891;0
-0.5255269672636153;0.6325759880352162;-1.0228043171976888;-0.6662352609753811;0.8635389323693473;-0.7932267607331535;-0.7390712449424469;-0.33715609607353114;-0.10110503171761084;-0.48675158533800844;-0.7773387084275665;0
-0.07600116582998039;-0.7283385644525645;0.2201827355386728;-0.5562630643276263;0.015281152128626496;-0.7932267607331535;-0.7073829705138704;-0.3912758564821805;-0.503627157992621;0.32777776016471;0.1706730665640497;1
-0.24457334136759307;-1.0685672025745097;0.4791383715254148;-0.5562630643276263;-0.7858511958764988;-1.0989409117559121;-1.1510188125139416;-1.3708435198788302;-0.30236609485511595;-0.7829440746117237;0.7394801315590191;1
1.3849576888293356;-0.1612908342493226;0.997049643498899;0.1035701155589035;-0.40884773799173424;-1.0989409117559121;-0.6123181472281409;1.8276343202726837;-1.7782805578634975;-0.042462851427434306;-0.8721398859267278;0
1.5535298643669484;-0.5015194723712678;0.7898851347095052;-0.22634647438436117;-0.8329766281120944;-0.18179845868763617;-0.8658243426567529;0.4638163579745876;-0.436540136946787;-0.5607997076564374;-0.018929288434272863;1
-0.18838261618838884;0.2356425768929465;-0.1941462820401144;0.8733754920931884;-0.40884773799173424;0.12391569233512245;2.3030031002008977;0.01462234658274979;-0.369453115900953;-0.5607997076564374;-1.0617422409250503;0
1.7221020399045621;0.4057568959539192;1.152423025090944;0.32351450885441363;0.1566574488354134;-0.589417326717981;-0.16868230522806985;1.448795997412078;-1.1074103474051422;-0.11651097374586332;0.07587188906488843;1
0.31733391042445125;-2.3160722090216423;0.9452585163015506;-0.6662352609753811;-0.314596873520543;-0.589417326717981;-0.8024477937996;-0.6510507064437455;0.6368521997865815;0.8461146163937131;1.4030883740531515;1
1.3287669636501305;-0.047881288208674114;0.5827206259201116;0.21354231220665856;-0.738725763640903;1.346772296426157;0.3066418112005777;-0.515751305422062;-1.1074103474051422;1.0682589833490002;1.592690729051474;1
-0.07600116582998039;0.4057568959539192;-0.5048930452242049;-0.11637427773660661;-0.4559731702273299;-0.4875126097103948;0.8453424764863783;-0.22891657525623244;-0.7719752421759631;-1.4493771754775844;-1.0617422409250503;0
-0.7502898679804332;-0.44481469935094353;0.3755561171307181;0.32351450885441363;0.015281152128626496;0.022010975327536247;0.8136542020578018;0.6911193516909269;1.576070494428276;-0.3386553407011504;-0.8721398859267278;0
-0.07600116582998039;0.9728046261571611;-0.1941462820401144;-0.44629086767987125;0.8164135001337517;-0.18179845868763617;1.0988486719149904;0.31228102883032127;-0.8390622632218002;0.401825882483139;-0.9669410634258891;0
-0.18838261618838884;0.4057568959539192;-0.24593740923746285;-0.3363186710321162;-0.07896971234256478;0.9391534283958122;1.8593672582008265;-0.32092016795094835;-0.10110503171761084;-1.1531846862038688;-0.49293517593008096;0
2.6211536427718327;-1.1819767486151582;1.9810810602485187;0.21354231220665856;0.5336609067201779;-0.07989374168004997;0.02144734134338917;1.5570355182294369;-1.7782805578634975;-0.2646072183827214;0.1706730665640497;0
-0.5255269672636153;-0.7850433374728887;1.1006318978935956;-0.44629086767987125;0.015281152128626496;-0.18179845868763617;0.6552128299149192;0.2581612684216719;0.1672430524657313;-0.7088959522932946;-1.1565434184242134;0
-0.469336242084411;-0.841748110493213;1.566752042669731;-0.11637427773660661;1.1462915257829205;-1.0989409117559121;-1.0876422636567884;-0.36421597627785585;0.30141709455740234;-0.7088959522932946;0.9290824865573434;1
-0.07600116582998039;-0.1612908342493226;0.4273472443280663;0.5434589021499232;-0.2203460090493517;0.5315345603654673;2.5565092956295095;0.47464031005632945;-0.570714179038458;-0.19055909606429233;-0.9669410634258891;0
-0.694099142801229;0.349052122933595;-1.3335510803817794;-0.11637427773660661;-0.07896971234256478;1.1429628624109844;-0.10530575637091685;-0.6618746585254274;0.7039392208324156;-0.48675158533800844;0.265474244063211;1
-0.35695479172600203;-0.558224245391592;-0.09056402764541763;0.21354231220665856;-0.40884773799173424;1.346772296426157;0.5284597322006133;-0.3100962158692065;0.36850411560323937;-0.48675158533800844;0.07587188906488843;1
0.261143185245247;-0.2747003802899711;0.7380940075121567;0.9833476887409429;0.48653547448458223;1.0410581454033982;0.1798887134862717;0.7993588725082257;-0.03401801067177382;-0.8569921969301527;0.07587188906488843;1
1.3287669636501305;-1.0118624295541858;1.3595875338803378;0.21354231220665856;-0.5502240346985205;-1.0989409117559121;-0.9608891659424824;0.2581612684216719;-1.1074103474051422;0.031585270890994714;0.5498777765606966;1
0.261143185245247;-0.33140515331029535;1.152423025090944;0.5434589021499232;0.1566574488354134;0.12391569233512245;2.017808630343709;0.7993588725082257;-0.16819205276344487;-0.3386553407011504;-0.5877363534292422;0
-0.35695479172600203;-1.408795840696455;0.16839160834132433;-0.44629086767987125;-0.9272274925832856;0.22582040934270867;-0.3905002262281054;-0.8242339397514356;-0.2352790738092819;1.8827883288517187;0.8342813090581821;1
1.6659113147253577;-0.8984528835135372;0.7380940075121567;-0.11637427773660661;0.2980337455421997;-0.9970361947483258;-0.9608891659424824;1.1240774349601819;-1.5099324736801554;1.1423071056674292;-1.0617422409250503;0
-0.7502898679804332;0.6892807610555405;-1.281759953184431;-0.3363186710321162;-0.738725763640903;-0.7932267607331535;-0.675694696085294;0.2581612684216719;1.0393743260615946;0.17968151552785275;-0.8721398859267278;1
0.14876173488683755;0.8877474666266754;-0.8674309356056437;-0.886179654270891;0.48653547448458223;-1.3027503457710845;-1.0876422636567884;0.39346066944329533;-0.03401801067177382;0.031585270890994714;-0.8247392971771463;1
0.261143185245247;0.4624616689742435;-0.40131079082950805;1.7531530652752279;0.5807863389557735;1.4486770134337432;0.7185893787720723;0.6207636631596948;-0.6378012000842921;-1.0791365638854398;-0.3981339984309197;1
-0.07600116582998039;-0.10458606122899836;-0.1423551548427661;-0.44629086767987125;-0.12609514457816043;0.022010975327536247;1.257290044057873;0.49628821421975317;0.1672430524657313;-0.042462851427434306;-0.8721398859267278;1
1.7782927650837663;-1.975843570899697;1.256005279485641;1.7531530652752279;1.0520406613117292;-1.2008456287634983;-0.7390712449424469;1.5570355182294369;-0.2352790738092819;2.401125185080721;-0.3033328209317584;1
-0.019810440650775155;-1.5222053867371033;0.7898851347095052;-0.44629086767987125;-0.07896971234256478;-0.4875126097103948;-0.6123181472281409;0.3664007892389706;-0.7048882211301291;1.1423071056674292;-0.9669410634258891;1
-0.6379084176220242;0.7459855340758648;0.3237649899333697;0.1035701155589035;-0.6444748991697118;1.8562958814640882;1.7643024349150969;-1.3979034000831547;-0.30236609485511595;0.9942108610305711;2.2562989715456063;1
-1.7617229212061127;0.6609283745453783;-1.3853422075791277;-0.2813325727082389;-0.07896971234256478;-0.07989374168004997;-0.5806298727995645;-1.2355441188572067;3.1190719784824914;-0.2646072183827214;1.971895439048121;1
-0.694099142801229;-0.558224245391592;0.7898851347095052;3.402736014991552;-0.5502240346985205;1.346772296426157;2.6198858444866624;0.31228102883032127;0.7039392208324156;0.549922127119997;0.07587188906488843;0
0.31733391042445125;0.20729019038278437;0.3755561171307181;0.6534310987976782;0.5336609067201779;0.022010975327536247;2.0811851792008618;1.6652750390467357;0.4355911366490734;-0.2646072183827214;-0.8721398859267278;0
-1.0874342190556596;0.9160998531368368;-1.3853422075791277;-0.8311935559470137;-1.2571055182324549;-0.8951314777407396;-1.0876422636567884;-2.761721362381311;1.0393743260615946;-0.8569921969301527;2.351100149044768;1
-0.5255269672636153;1.4547951968299173;-0.40131079082950805;3.0728194250482876;0.5807863389557735;0.3277251263502949;1.637549337200791;0.22027743613560535;-1.0403233263593052;-0.9310403192485817;-0.7773387084275665;1
-1.0874342190556596;0.008823484811650135;-0.9192220628029921;1.6431808686274727;1.9474238737880458;-0.18179845868763617;-0.4855650495138349;0.04168222678707447;1.2406353891990998;0.17968151552785275;0.5498777765606966;0
0.5982875363204734;-1.2953862946558066;1.5149609154723833;0.43348670550216817;-0.07896971234256478;-0.9970361947483258;-0.929200891513906;-0.17479681484758305;-1.1074103474051422;2.0308845734885765;1.2134860190548271;1
-1.2560063945932733;-0.7283385644525645;-0.5566841724215532;-0.6662352609753811;-0.5973494669341162;-0.4875126097103948;-0.675694696085294;-0.6618746585254274;0.7039392208324156;0.6980183717568551;-0.3033328209317584;1
1.7782927650837663;-1.975843570899697;1.256005279485641;1.7531530652752279;1.0520406613117292;-1.2008456287634983;-0.7390712449424469;1.5570355182294369;-0.2352790738092819;2.401125185080721;-0.3033328209317584;1
0.37352463560365545;0.5191664419945677;-1.178177698789734;-0.5562630643276263;3.031308815206744;1.1429628624109844;1.3840431417721788;0.9075983933255244;-1.0403233263593052;0.401825882483139;-0.9669410634258891;0
-0.7502898679804332;0.8877474666266754;-1.3853422075791277;-0.5562630643276263;0.8164135001337517;-0.6913220437255672;-0.7707595193710235;-0.3588040002370149;0.1672430524657313;-0.3386553407011504;-0.6825375309284052;0
-0.8626713183388421;-0.21799560726964687;-0.24593740923746285;-0.11637427773660661;-0.5030986024629255;-0.28370317569522235;-0.7073829705138704;-1.2680159751023723;0.6368521997865815;1.3644514726227155;0.8342813090581821;1
1.8344834902629705;-1.6923197057980761;1.566752042669731;-0.6662352609753811;-0.3617223057561386;-1.3027503457710845;-1.2143953613710945;0.7452391120995763;-1.1744973684509763;0.401825882483139;-0.49293517593008096;1
2.0030556658005843;-0.841748110493213;1.256005279485641;-0.44629086767987125;1.8531730093168544;-0.8951314777407396;-0.8341360682281764;1.5570355182294369;-0.503627157992621;0.8461146163937131;-0.018929288434272863;1
0.4297153607828597;0.6325759880352162;-0.1941462820401144;0.7634032954454333;0.6279117711913691;-0.28370317569522235;-0.2637471285137994;1.6652750390467357;-0.2352790738092819;-0.4127034630195794;-0.6825375309284052;0
0.7668597118580861;0.008823484811650135;1.7221254242617765;-0.44629086767987125;-2.0111124340019844;-1.0989409117559121;-0.8658243426567529;-0.47245549709515455;-0.10110503171761084;1.5865958395780024;1.8770942615489596;1
-1.4245785701308864;2.7306525897872116;2.032872187445867;-0.44629086767987125;-2.0111124340019844;-0.07989374168004997;1.3206665929150259;-1.7063860344125283;2.314027725932468;-0.3386553407011504;1.0238836640565045;1
-0.58171769244282;0.8026903070961889;-1.281759953184431;-0.22634647438436117;-0.4559731702273299;1.5505817304413294;1.447419690629332;-0.5752830418716124;0.03306901037406022;0.2537296378462818;0.6130785615601694;1
-0.3007640665467978;-0.7850433374728887;0.7898851347095052;-0.44629086767987125;0.2037828810710084;-0.6913220437255672;-0.8024477937996;-0.7917620835062098;0.5026781576949104;0.10563339320942373;1.1186848415556658;1
4.082112497431147;0.8877474666266754;2.550783459419351;1.423236475331963;0.8635389323693473;-0.9970361947483258;-0.10530575637091685;3.5053468929410543;-2.44915076832185;0.2537296378462818;0.7394801315590191;1
0.261143185245247;0.349052122933595;-0.4531019180268565;0.5434589021499232;0.3451591777777953;-0.3856078927028086;0.8770307509149547;0.3555768371572888;-1.1744973684509763;-0.7829440746117237;-0.9669410634258891;0
-0.9750527686972511;0.29234734991327077;-1.3853422075791277;-0.22634647438436117;0.8635389323693473;3.4867713535854676;0.5284597322006133;-0.694346514770653;1.844418578611618;0.2537296378462818;0.9290824865573434;1
-0.9188620435180463;-0.2747003802899711;-1.281759953184431;-0.22634647438436117;-0.07896971234256478;2.0601053154792606;2.0494969047722855;-0.8025860355879517;-1.4428454526343184;-0.8569921969301527;-0.6825375309284052;0
0.03638028452842908;0.349052122933595;0.11660048114397589;0.21354231220665856;1.2876678224897073;1.5505817304413294;2.3030031002008977;0.6965313277317678;-1.1074103474051422;-1.0791365638854398;-1.2513445959233747;0
0.7668597118580861;0.12223303085229863;-0.5048930452242049;0.5434589021499232;0.250908313306604;0.42962984335788107;0.2115769879148482;1.989993601498632;-1.1744973684509763;-0.2646072183827214;-0.9669410634258891;0
0.261143185245247;-1.6356149327777518;1.4113786610776864;0.1035701155589035;0.06240658436422213;0.9391534283958122;0.33833008562915423;0.853478632916875;0.5026781576949104;-0.7829440746117237;-1.1565434184242134;0
1.2163855132917218;-0.10458606122899836;1.9292899330511704;-0.00640208108885155;1.193416958018516;-0.9970361947483258;-0.992577440371059;0.31228102883032127;-1.5099324736801554;0.10563339320942373;1.3082871965539902;1
0.5420968111412692;-0.9551576565338614;0.6345117531174601;-0.996151850918646;-0.07896971234256478;2.5696289005171917;0.2749535367720012;-0.10985310235719181;1.0393743260615946;0.623970249438426;0.45507659906153525;1
-0.24457334136759307;-1.6356149327777518;0.6863028803148086;-0.886179654270891;-1.2099800859968592;-0.4875126097103948;-0.675694696085294;-0.012437533621574891;0.03306901037406022;1.6606439618964315;-1.6305493059200216;1
-0.18838261618838884;-1.5789101597574275;0.8416762619068536;-0.7762074576231361;-0.6916003314053074;0.6334392773730535;0.11651216462911869;-1.1489525022033318;0.4355911366490734;-0.3386553407011504;1.4030883740531515;1
-0.469336242084411;-0.1612908342493226;0.4791383715254148;4.0625691948780815;-0.5030986024629255;0.12391569233512245;1.7643024349150969;0.5828798308736282;0.2343300735115683;1.1423071056674292;0.07587188906488843;0
1.6659113147253577;-0.8984528835135372;1.2042141522882925;-0.6662352609753811;0.39228461001339093;0.42962984335788107;0.02144734134338917;0.33392893299380505;-1.1074103474051422;-0.5607997076564374;0.07587188906488843;0
-0.9750527686972511;0.4624616689742435;-1.3335510803817794;-0.5562630643276263;-0.07896971234256478;-0.7932267607331535;-0.675694696085294;0.3988726454841963;2.5152887890699733;0.623970249438426;0.07587188906488843;0
-0.6379084176220242;-0.7850433374728887;0.27197386273602125;-0.6662352609753811;-0.7858511958764988;1.8562958814640882;0.43339490891488375;0.22568941217650634;0.9722873050157577;0.9942108610305711;-0.49293517593008096;0
-0.9188620435180463;-2.089253116940345;1.9292899330511704;-0.3363186710321162;-1.0686037892900726;0.8372487113882259;0.1798887134862717;-0.9649453168138998;0.1672430524657313;0.475874004801568;0.7394801315590191;1
1.1040040629333134;-1.1819767486151582;0.9452585163015506;4.392485784821347;-0.40884773799173424;-1.0989409117559121;-1.055953989228212;0.47464031005632945;-0.570714179038458;1.2904033503042864;2.066696616547282;1
-0.469336242084411;-0.10458606122899836;-1.281759953184431;-0.7762074576231361;0.10953201659981777;-0.28370317569522235;-0.4855650495138349;-0.7268183710158186;0.30141709455740234;-0.7829440746117237;0.07587188906488843;1
-0.5255269672636153;0.6325759880352162;-0.5048930452242049;3.2927638183437975;4.0680683243898486;3.69058078760064;1.637549337200791;0.34475288507554697;-0.2352790738092819;-1.0791365638854398;-0.8721398859267278;0
2.171627841338197;-0.44481469935094353;1.152423025090944;-1.1061240475664011;-0.314596873520543;-1.3027503457710845;-1.2777719102282474;0.09580198719572383;-1.2415843894968133;-0.11651097374586332;-0.018929288434272863;0
0.261143185245247;-1.6356149327777518;0.4273472443280663;-0.7762074576231361;-1.2571055182324549;-0.28370317569522235;-0.6123181472281409;-1.5061429209004535;-1.1744973684509763;-0.4127034630195794;0.8342813090581821;1
-0.5255269672636153;0.8593950801165132;-0.5566841724215532;-0.6662352609753811;-0.17322057681375605;-0.3856078927028086;-0.23205885408522287;0.5287600704649789;1.2406353891990998;0.401825882483139;-0.49293517593008096;1
-0.694099142801229;-0.3881099263306193;-0.66026642681625;0.43348670550216817;-0.2674714412849473;-0.07989374168004997;-0.29543540294237586;-0.261388431501398;0.30141709455740234;-1.1531846862038688;0.265474244063211;0
-0.35695479172600203;2.7023002032770487;-0.6084752996189017;-0.3363186710321162;0.957789796840538;-0.4875126097103948;-0.4538767750852584;-0.3696279523186967;-0.570714179038458;-1.2272328085222979;-0.3981339984309197;0
-1.2560063945932733;-0.2747003802899711;-0.9192220628029921;-0.7762074576231361;-0.17322057681375605;0.22582040934270867;-0.5172533239424114;-1.462847112573546;0.9052002839699236;-0.7829440746117237;0.7394801315590191;1
0.991622612574904;-1.2386815216354823;0.4273472443280663;-0.886179654270891;-0.314596873520543;-0.6913220437255672;-0.5806298727995645;-0.0016135815398330017;-0.503627157992621;1.3644514726227155;0.7394801315590191;1
0.5420968111412692;-0.2747003802899711;0.11660048114397589;-0.3363186710321162;2.135925602730428;-0.9970361947483258;-0.9608891659424824;0.04168222678707447;-0.6378012000842921;0.549922127119997;0.7394801315590191;0
-0.469336242084411;-0.047881288208674114;0.6863028803148086;-0.22634647438436117;-1.021478357054477;-0.3856078927028086;-0.8341360682281764;-1.0731848376312587;-0.369453115900953;-0.042462851427434306;1.3082871965539902;1
0.03638028452842908;0.7743379205860269;1.7739165514591249;-0.44629086767987125;1.4290441191964944;-0.28370317569522235;1.5424845139150614;0.1499217476043732;-1.0403233263593052;-0.7829440746117237;-1.2513445959233747;0
2.284009291696606;-1.0118624295541858;1.152423025090944;0.21354231220665856;-0.12609514457816043;1.1429628624109844;0.7185893787720723;1.448795997412078;-1.3086714105426474;0.772066494075284;-0.018929288434272863;1
-0.8626713183388421;0.4624616689742435;-0.3495196636321596;-0.6662352609753811;-0.2203460090493517;-0.4875126097103948;0.5918362810577662;0.20404150801302257;1.5089834733824419;-0.48675158533800844;-1.0617422409250503;0
0.31733391042445125;-1.2386815216354823;1.566752042669731;-0.44629086767987125;1.3819186869608988;1.0410581454033982;1.2256017696292962;0.20404150801302257;-0.369453115900953;-0.8569921969301527;-0.6825375309284052;0
-0.18838261618838884;1.0011570126673233;-1.1263865715923858;-0.5562630643276263;-0.3617223057561386;-0.7932267607331535;-0.8658243426567529;-0.2830363356648818;0.1672430524657313;2.253028940443863;0.07587188906488843;1
-0.694099142801229;0.4057568959539192;-1.3853422075791277;-0.6662352609753811;-0.3617223057561386;0.022010975327536247;-0.3905002262281054;0.2581612684216719;1.0393743260615946;0.401825882483139;-0.49293517593008096;1
0.6544782614996776;0.349052122933595;0.8934673891042021;-0.11637427773660661;-0.5030986024629255;0.5315345603654673;0.6869011043434957;1.3405564765947793;0.9722873050157577;-0.11651097374586332;-0.8721398859267278;0
-0.3007640665467978;0.17893780387262287;-0.763848681210947;-0.44629086767987125;0.015281152128626496;-0.8951314777407396;-0.5806298727995645;0.1499217476043732;0.36850411560323937;-1.0791365638854398;-0.9669410634258891;1
-1.1436249442348643;0.2356425768929465;0.06480935394662772;-0.3363186710321162;-1.586983543881624;-0.28370317569522235;0.08482389020054218;-1.6143824417178123;0.6368521997865815;-0.3386553407011504;2.2562989715456063;0
-0.3007640665467978;0.6325759880352162;-1.3853422075791277;-0.5562630643276263;-0.4559731702273299;1.1429628624109844;0.2749535367720012;-0.2830363356648818;-0.03401801067177382;-0.11651097374586332;0.5498777765606966;0
-0.5255269672636153;-0.9551576565338614;0.3755561171307181;-0.6662352609753811;-0.314596873520543;0.22582040934270867;-0.2637471285137994;-1.8525093875158936;0.4355911366490734;1.7346920842148605;3.0147083915388984;1
-1.3683878449516818;0.4624616689742435;-0.9710131900003405;-0.3363186710321162;-0.5030986024629255;0.022010975327536247;-0.7073829705138704;-1.6035584896360704;1.643157515474113;0.9201627387121422;0.6446789540598579;1
0.5982875363204734;0.8877474666266754;-0.038772900448069185;-0.00640208108885155;0.015281152128626496;0.7353439943806397;3.0635216864867334;0.5828798308736282;-0.2352790738092819;-0.7088959522932946;-0.9669410634258891;0
0.31733391042445125;1.2563284912587824;-0.66026642681625;0.1035701155589035;0.2037828810710084;-0.6913220437255672;-0.5172533239424114;0.8210067766717094;0.1672430524657313;-0.042462851427434306;0.07587188906488843;0
0.2049524600660418;-0.047881288208674114;-0.9192220628029921;0.1035701155589035;0.4394100422489866;0.42962984335788107;0.08482389020054218;0.47464031005632945;0.1672430524657313;1.5865958395780024;0.1706730665640497;1
-0.1321918910091846;0.26399496340310863;-0.24593740923746285;-0.3363186710321162;-0.2203460090493517;-0.3856078927028086;0.5918362810577662;-0.012437533621574891;-0.16819205276344487;-1.0050884415670107;-1.1565434184242134;0
0.5982875363204734;-1.6356149327777518;0.3237649899333697;-0.11637427773660661;-0.9743529248188812;3.69058078760064;0.8453424764863783;0.6153516871187937;1.0393743260615946;1.8827883288517187;-0.2085316434325971;1
1.3287669636501305;-0.7283385644525645;0.5309294987227632;-0.5562630643276263;-0.031844280106969144;0.12391569233512245;-0.5489415983709879;0.009210370541848803;-1.3086714105426474;0.031585270890994714;0.7394801315590191;1
2.789725818309446;-1.0685672025745097;1.3077964066829895;0.8733754920931884;0.5807863389557735;0.12391569233512245;0.2115769879148482;2.5311912055852455;-1.7782805578634975;1.2163552279858583;-0.8721398859267278;1
-0.5255269672636153;-0.6716337914322406;-0.1423551548427661;-0.6662352609753811;-0.738725763640903;0.22582040934270867;0.02144734134338917;-0.607754898116778;0.36850411560323937;-0.19055909606429233;-0.018929288434272863;0
2.733535093130241;-0.841748110493213;1.4631697882750347;0.32351450885441363;-0.031844280106969144;-1.0989409117559121;-0.9608891659424824;2.0982331223159307;-2.247889705184345;-0.7829440746117237;-0.9669410634258891;0
-1.2560063945932733;-1.8057292518387245;0.6863028803148086;-1.1061240475664011;-0.738725763640903;2.5186765420133987;3.7606637239154166;-2.9890243560976506;-0.436540136946787;-0.4127034630195794;1.4030883740531515;1
0.7106689866788819;0.4057568959539192;1.2042141522882925;-0.11637427773660661;-0.12609514457816043;1.2448675794185708;0.7819659276292252;1.6111552786380863;1.2406353891990998;-0.5607997076564374;-0.6825375309284052;0
-1.3121971197724775;0.06552825783197438;-1.0745954443950374;-0.6662352609753811;-1.4927326794104328;2.263914749494433;1.3523548673436023;-2.3612351353572216;-0.10110503171761084;-1.0791365638854398;0.12327247781446991;1
-0.7502898679804332;0.9160998531368368;-1.0228043171976888;0.1035701155589035;0.4394100422489866;-0.07989374168004997;-0.8024477937996;-0.5428111856263867;0.4355911366490734;-0.3386553407011504;0.8342813090581821;1
-0.35695479172600203;0.06552825783197438;-0.038772900448069185;-0.5562630643276263;0.3451591777777953;0.7353439943806397;3.1902747842010397;-0.19644471901100677;-0.369453115900953;-0.4127034630195794;-0.6825375309284052;0
-0.9750527686972511;-0.7850433374728887;1.152423025090944;-0.7762074576231361;-0.5502240346985205;0.7353439943806397;3.2536513330581927;-2.4478267520110966;-1.3086714105426474;-1.0791365638854398;1.0238836640565045;1
-0.35695479172600203;0.575871215014892;-0.9710131900003405;-0.5562630643276263;-0.2674714412849473;-0.07989374168004997;-0.6123181472281409;-0.012437533621574891;0.03306901037406022;-0.7829440746117237;-0.8721398859267278;1
-1.0874342190556596;0.2356425768929465;-0.763848681210947;-0.11637427773660661;1.8060475770812587;0.9391534283958122;-0.3271236773709524;-0.8296459157922764;1.0393743260615946;0.475874004801568;0.8342813090581821;1
0.5420968111412692;0.7176331475657026;-0.038772900448069185;-0.44629086767987125;0.6750372034269648;-1.0989409117559121;-0.3588119517995289;0.3555768371572888;-0.436540136946787;-1.6715215424328715;-0.7773387084275665;0
0.9354318873956998;-1.3520910676761309;0.6863028803148086;0.5434589021499232;0.7692880678981561;-0.589417326717981;-0.6440064216567174;2.0982331223159307;1.1064613471074287;1.9568364511701475;-0.6825375309284052;0
1.1040040629333134;-0.1612908342493226;0.7898851347095052;-0.44629086767987125;-0.5973494669341162;0.5315345603654673;0.1482004390576952;0.7993588725082257;-1.0403233263593052;0.549922127119997;1.0238836640565045;1
-1.1998156694140685;0.17893780387262287;-0.9192220628029921;-0.7762074576231361;-1.351356382703646;0.8372487113882259;-0.4538767750852584;-1.462847112573546;1.5089834733824419;-0.3386553407011504;0.8342813090581821;0
-0.58171769244282;3.070881227909157;-0.9192220628029921;-0.7762074576231361;4.539322646745803;-0.589417326717981;1.3523548673436023;-0.2830363356648818;-0.10110503171761084;-0.5607997076564374;-1.346145773422536;0
-0.6379084176220242;0.7176331475657026;-1.2299688259870825;-0.6662352609753811;-0.17322057681375605;-0.8951314777407396;-1.0876422636567884;-0.4616315450134127;0.1672430524657313;-1.893665909388158;-0.8721398859267278;0
0.7106689866788819;1.3697380372994308;-0.763848681210947;0.5434589021499232;0.015281152128626496;1.4486770134337432;0.8770307509149547;1.0428977943472078;-0.10110503171761084;-0.042462851427434306;-0.018929288434272863;1
0.03638028452842908;0.5191664419945677;-0.763848681210947;-0.6662352609753811;-0.4559731702273299;2.263914749494433;-0.010240933085187334;-0.9108255564052504;0.4355911366490734;1.8087402065332896;1.3082871965539902;1
-0.8064805931596374;-0.21799560726964687;-0.8674309356056437;-0.11637427773660661;-0.3617223057561386;-0.3856078927028086;-0.5172533239424114;-0.4453956168908299;0.7039392208324156;-0.48675158533800844;-0.2085316434325971;1
1.1601947881125176;0.6325759880352162;-0.1423551548427661;0.43348670550216817;1.0991660935473249;1.346772296426157;0.2115769879148482;1.6652750390467357;-0.503627157992621;0.17968151552785275;-0.49293517593008096;0
-1.1998156694140685;-0.44481469935094353;-0.3495196636321596;-0.886179654270891;-0.5973494669341162;-1.3027503457710845;-0.992577440371059;-0.49951537729947926;0.6368521997865815;-0.6348478299748657;-1.1565434184242134;0
0.31733391042445125;-0.558224245391592;0.9452585163015506;-0.5562630643276263;-1.3984818149392417;-0.9970361947483258;-0.9608891659424824;-1.040712981386033;0.2343300735115683;0.401825882483139;1.971895439048121;1
-0.3007640665467978;0.29234734991327077;-1.281759953184431;-0.44629086767987125;-0.40884773799173424;-0.6913220437255672;-0.8975126170853295;0.04168222678707447;0.30141709455740234;-0.5607997076564374;-0.8721398859267278;1
-0.3007640665467978;0.17893780387262287;-0.40131079082950805;-0.6662352609753811;1.0520406613117292;-0.3856078927028086;0.02144734134338917;-0.17479681484758305;-0.8390622632218002;2.1049326958070056;-0.8721398859267278;0
0.261143185245247;-1.2386815216354823;0.6863028803148086;0.43348670550216817;1.2876678224897073;-0.8951314777407396;-0.9608891659424824;-0.31550819191004736;-0.03401801067177382;1.0682589833490002;1.3082871965539902;1
0.8792411622164955;0.575871215014892;-0.1423551548427661;-0.00640208108885155;-0.2203460090493517;-0.9970361947483258;-0.4221885006566819;0.3664007892389706;-1.5099324736801554;-0.5607997076564374;-0.9669410634258891;0
2.789725818309446;-0.558224245391592;1.6185431698670796;-0.5562630643276263;-0.5502240346985205;-0.07989374168004997;-0.20037057965664637;1.989993601498632;-1.7111935368176605;-1.1531846862038688;-1.346145773422536;0
-1.0874342190556596;-0.8984528835135372;-0.09056402764541763;-0.5562630643276263;-0.3617223057561386;0.5315345603654673;0.08482389020054218;0.3664007892389706;1.710244536519947;-0.19055909606429233;-0.5877363534292422;1
0.5420968111412692;-0.7283385644525645;1.152423025090944;0.1035701155589035;0.1566574488354134;2.263914749494433;3.031833412058157;0.5828798308736282;-0.6378012000842921;-0.7088959522932946;-0.9669410634258891;0
1.0478133377541083;-0.9551576565338614;1.9292899330511704;0.5434589021499232;1.90029844155245;-0.589417326717981;-0.16868230522806985;0.6911193516909269;-0.570714179038458;0.10563339320942373;1.971895439048121;1
0.2049524600660418;0.575871215014892;0.06480935394662772;0.32351450885441363;0.6750372034269648;0.12391569233512245;0.7185893787720723;0.33392893299380505;-0.369453115900953;-0.11651097374586332;-0.2085316434325971;1
-0.694099142801229;0.349052122933595;-1.281759953184431;-0.11637427773660661;0.015281152128626496;0.8372487113882259;1.510796239486485;0.3880486934024544;1.576070494428276;-0.8569921969301527;-0.6825375309284052;1
0.37352463560365545;1.4547951968299173;-0.1423551548427661;-0.7762074576231361;-0.17322057681375605;-0.589417326717981;-0.8024477937996;0.10662593927746572;-0.16819205276344487;0.17968151552785275;-0.3981339984309197;0
1.0478133377541083;-0.9551576565338614;1.9292899330511704;0.5434589021499232;1.90029844155245;-0.589417326717981;-0.16868230522806985;0.6911193516909269;-0.570714179038458;0.10563339320942373;1.971895439048121;1
0.8792411622164955;0.06552825783197438;0.9452585163015506;-0.11637427773660661;-0.5030986024629255;0.022010975327536247;-0.20037057965664637;1.28643671618613;0.5026781576949104;-0.19055909606429233;-0.9669410634258891;0
0.261143185245247;0.12223303085229863;-1.178177698789734;-0.22634647438436117;1.7589221448456631;-0.18179845868763617;0.3066418112005777;-0.2830363356648818;-0.7048882211301291;-0.3386553407011504;0.45507659906153525;1
-1.5369600204892955;0.5191664419945677;-1.2299688259870825;-0.996151850918646;-0.07896971234256478;-0.9970361947483258;-1.055953989228212;-0.9432974126504762;2.314027725932468;-0.19055909606429233;-0.3033328209317584;0
0.4859060859620639;0.17893780387262287;-0.4531019180268565;-0.886179654270891;-0.17322057681375605;-0.589417326717981;-0.8024477937996;-0.521163281462963;-1.1074103474051422;-1.1531846862038688;-0.49293517593008096;0
0.09257100970763331;-0.3881099263306193;0.2201827355386728;-0.17136037606048388;-0.17322057681375605;1.6524864474489158;0.3700183600577307;0.6911193516909269;0.10015603141989723;-0.7829440746117237;-0.5877363534292422;0
-0.8064805931596374;0.06552825783197438;0.16839160834132433;-0.22634647438436117;0.2980337455421997;-0.6913220437255672;1.8593672582008265;0.2852211486259966;-0.436540136946787;3.956135753767729;0.07587188906488843;1
-0.694099142801229;-0.3881099263306193;-0.3495196636321596;-0.5562630643276263;-0.2203460090493517;1.2448675794185708;0.24326526234342472;-0.607754898116778;0.36850411560323937;-0.042462851427434306;-0.018929288434272863;1
-0.7502898679804332;-0.6149290184119163;0.4273472443280663;-0.886179654270891;0.2980337455421997;0.022010975327536247;-0.23205885408522287;-0.33715609607353114;0.1672430524657313;-0.7088959522932946;-1.1565434184242134;0
0.4297153607828597;-1.7490244788184004;-0.1423551548427661;-0.3363186710321162;-0.17322057681375605;-1.5065597797862569;-0.5806298727995645;1.2323169557774807;0.6368521997865815;1.6606439618964315;-0.11373046593343415;1
1.0478133377541083;-1.125271975594834;0.997049643498899;-0.5562630643276263;-0.031844280106969144;-0.9970361947483258;-1.182707086942518;-0.23974052733791423;-1.4428454526343184;-1.2272328085222979;-0.018929288434272863;1
-0.4131455169052068;-0.9551576565338614;0.2201827355386728;-0.7762074576231361;-0.12609514457816043;1.0410581454033982;0.5918362810577662;0.23651336425824823;0.9722873050157577;-0.19055909606429233;-0.8721398859267278;1
-0.24457334136759307;-1.125271975594834;0.7380940075121567;-0.996151850918646;-1.2099800859968592;-0.9970361947483258;-0.3588119517995289;-1.4953189688187718;-0.16819205276344487;0.475874004801568;0.5498777765606966;1
-0.35695479172600203;1.0578617856876475;-1.3335510803817794;-0.3363186710321162;-0.8329766281120944;1.5505817304413294;-0.10530575637091685;-1.630618369840395;0.6368521997865815;-0.5607997076564374;1.3082871965539902;1
0.03638028452842908;-0.9551576565338614;0.27197386273602125;-0.22634647438436117;-0.031844280106969144;1.6524864474489158;1.0354721230578374;-0.17479681484758305;-0.10110503171761084;0.549922127119997;0.5498777765606966;1
0.4297153607828597;-1.3520910676761309;0.3237649899333697;-0.391304769355994;-0.88010206034769;-0.28370317569522235;-0.6123181472281409;-0.8458818439148592;-0.369453115900953;1.4384995949411445;1.2134860190548271;1
-0.1321918910091846;1.426442810319755;-0.1941462820401144;0.21354231220665856;-1.0686037892900726;-1.0989409117559121;-0.992577440371059;0.1499217476043732;0.36850411560323937;-0.6348478299748657;0.8342813090581821;0
-0.07600116582998039;-1.408795840696455;0.6863028803148086;-0.00640208108885155;-1.3984818149392417;-1.2008456287634983;-1.1510188125139416;-1.7117980104533692;0.10015603141989723;0.401825882483139;2.2562989715456063;1
0.37352463560365545;0.29234734991327077;-0.09056402764541763;-0.44629086767987125;1.0520406613117292;-0.7932267607331535;-0.8024477937996;0.5233480944240778;-0.30236609485511595;0.549922127119997;-0.7773387084275665;0
-1.0874342190556596;2.021842927033159;-1.3853422075791277;-0.11637427773660661;3.973817459918657;-0.9970361947483258;-1.0876422636567884;-0.6564626824845864;1.643157515474113;-1.0050884415670107;0.36027542156237397;0
0.37352463560365545;-0.44481469935094353;1.152423025090944;0.21354231220665856;0.10953201659981777;0.5315345603654673;0.9087190253435313;1.0699576745515325;0.2343300735115683;-0.5607997076564374;-0.6825375309284052;0
0.31733391042445125;-0.841748110493213;0.6863028803148086;-0.22634647438436117;-0.6444748991697118;-0.3856078927028086;-0.5806298727995645;-1.0082411251408674;-0.30236609485511595;0.772066494075284;2.066696616547282;1
-0.4131455169052068;-0.7850433374728887;0.2201827355386728;-0.11637427773660661;0.015281152128626496;0.7353439943806397;0.7819659276292252;0.7993588725082257;1.3748094312907708;0.031585270890994714;-0.6825375309284052;0
-0.019810440650775155;0.7176331475657026;-0.763848681210947;-0.11637427773660661;0.06240658436422213;-0.07989374168004997;2.1128734536294385;-0.06655729403022426;-0.9732363053134713;0.10563339320942373;-0.5877363534292422;0
-0.9750527686972511;1.0011570126673233;-1.0228043171976888;-0.886179654270891;-0.2674714412849473;-0.9970361947483258;-0.992577440371059;-0.2830363356648818;0.8381132629240866;-0.48675158533800844;0.265474244063211;0
-1.0874342190556596;-0.33140515331029535;0.6863028803148086;-0.00640208108885155;-0.5030986024629255;-0.7932267607331535;-0.8658243426567529;-0.22891657525623244;1.643157515474113;0.623970249438426;0.1706730665640497;1
-0.8064805931596374;0.8026903070961889;-1.0745954443950374;-0.3363186710321162;-0.07896971234256478;-0.7932267607331535;-0.4221885006566819;0.9346582735298491;2.4482017680241395;0.475874004801568;-0.7773387084275665;0
-0.469336242084411;0.4057568959539192;-1.2299688259870825;-0.6662352609753811;0.6279117711913691;0.9391534283958122;1.6692376116293675;-0.9324734605687343;0.2343300735115683;-0.7829440746117237;-0.3033328209317584;0
-0.07600116582998039;1.426442810319755;-1.3853422075791277;-0.22634647438436117;0.3451591777777953;-0.28370317569522235;-0.6440064216567174;0.5828798308736282;0.36850411560323937;-1.3753290531591553;-0.7773387084275665;0
0.8792411622164955;0.2356425768929465;-0.09056402764541763;-0.44629086767987125;1.0520406613117292;-0.3856078927028086;1.3523548673436023;-0.22891657525623244;-1.8453675789093316;1.8827883288517187;-0.3033328209317584;0
0.9354318873956998;-1.2386815216354823;1.0488407706962473;0.21354231220665856;0.1566574488354134;-0.18179845868763617;-0.4221885006566819;1.5840953984337616;0.30141709455740234;1.1423071056674292;0.07587188906488843;1
0.4859060859620639;-0.558224245391592;1.152423025090944;-0.00640208108885155;0.2037828810710084;0.7353439943806397;2.207938276915168;0.47464031005632945;-0.570714179038458;-0.042462851427434306;-0.8721398859267278;0
-0.8064805931596374;-0.2747003802899711;-0.3495196636321596;-0.5562630643276263;0.015281152128626496;-0.6913220437255672;-0.7390712449424469;-0.47245549709515455;0.5026781576949104;-1.5974734201144425;-1.2987451846729545;0
1.2725762384709263;1.7099666754213758;0.5309294987227632;0.21354231220665856;0.2037828810710084;1.0410581454033982;0.7502776532006488;0.7452391120995763;-1.0403233263593052;-0.9310403192485817;-0.49293517593008096;0
-0.07600116582998039;-0.6149290184119163;1.152423025090944;0.21354231220665856;0.10953201659981777;1.6524864474489158;0.2749535367720012;1.1240774349601819;0.1672430524657313;0.772066494075284;-1.6305493059200216;1
-0.8064805931596374;-0.047881288208674114;-0.09056402764541763;0.21354231220665856;-0.031844280106969144;-0.589417326717981;-0.29543540294237586;0.06874210699139915;0.9722873050157577;-1.0791365638854398;0.5498777765606966;0
-1.0874342190556596;0.2356425768929465;-1.281759953184431;-0.6662352609753811;-0.6916003314053074;-1.2008456287634983;-1.119330538085365;0.1499217476043732;0.9722873050157577;0.2537296378462818;-0.8721398859267278;0
-0.24457334136759307;-1.0118624295541858;0.997049643498899;1.3132642786842081;-0.17322057681375605;-0.07989374168004997;-0.29543540294237586;0.31228102883032127;0.2343300735115683;1.5865958395780024;2.2562989715456063;1
0.4297153607828597;1.5114999698502414;-1.3853422075791277;0.21354231220665856;0.6750372034269648;-0.4875126097103948;-0.6440064216567174;1.448795997412078;0.2343300735115683;1.3644514726227155;-0.9669410634258891;1
0.5982875363204734;-0.7283385644525645;1.0488407706962473;0.1035701155589035;0.250908313306604;-0.9970361947483258;-0.8341360682281764;0.5395840225467207;-1.1074103474051422;-1.0791365638854398;0.07587188906488843;0
1.0478133377541083;-1.3520910676761309;1.152423025090944;0.21354231220665856;-1.0686037892900726;-1.0989409117559121;-1.055953989228212;0.47464031005632945;-1.7782805578634975;0.6980183717568551;0.07587188906488843;1
-0.3007640665467978;0.6325759880352162;-0.8674309356056437;3.952596998230327;1.5704204159032813;-1.0989409117559121;-1.119330538085365;0.9075983933255244;0.36850411560323937;0.32777776016471;-0.3033328209317584;1
-0.8064805931596374;1.3413856507892687;-1.281759953184431;-0.11637427773660661;-0.88010206034769;1.9582005984716744;0.5284597322006133;0.4205205496476801;1.710244536519947;0.9942108610305711;-0.49293517593008096;0
-0.6379084176220242;0.43410928246408137;-1.281759953184431;-0.5562630643276263;0.6750372034269648;-0.589417326717981;-0.4855650495138349;-0.9324734605687343;0.9722873050157577;-0.8569921969301527;1.3082871965539902;1
-0.58171769244282;-0.841748110493213;-0.2977285364348113;-0.44629086767987125;-0.07896971234256478;-0.8951314777407396;-0.3588119517995289;-0.33715609607353114;0.10015603141989723;-1.3012809308407267;-0.8721398859267278;0
-0.9750527686972511;0.29234734991327077;-1.281759953184431;-0.44629086767987125;-0.9272274925832856;2.162010032486847;0.2115769879148482;-1.6143824417178123;0.2343300735115683;0.8461146163937131;1.1186848415556658;1
-0.469336242084411;-0.6716337914322406;-0.6084752996189017;1.423236475331963;1.0520406613117292;1.346772296426157;1.510796239486485;0.6153516871187937;-1.1744973684509763;-0.48675158533800844;-1.2513445959233747;0
0.09257100970763331;0.7459855340758648;-0.3495196636321596;-0.3363186710321162;0.7221626356625604;0.7353439943806397;2.1128734536294385;0.3285169569529642;-1.2415843894968133;-1.2272328085222979;-1.1565434184242134;0
1.2163855132917218;-0.10458606122899836;1.9292899330511704;-0.00640208108885155;1.193416958018516;-0.9970361947483258;-0.992577440371059;0.31228102883032127;-1.5099324736801554;0.10563339320942373;1.3082871965539902;1
2.284009291696606;-0.21799560726964687;1.6185431698670796;0.6534310987976782;1.0049152290761336;1.2448675794185708;1.6692376116293675;2.206472643133229;-1.0403233263593052;2.623269552036008;1.0238836640565045;1
-0.7502898679804332;0.12223303085229863;-0.7120575540135985;-0.22634647438436117;-0.314596873520543;-0.07989374168004997;-0.3588119517995289;-0.4453956168908299;0.30141709455740234;-0.4127034630195794;-0.6825375309284052;1
-0.1321918910091846;1.0862141721978096;-0.9192220628029921;0.43348670550216817;0.10953201659981777;0.22582040934270867;0.08482389020054218;1.448795997412078;0.7710262418782525;0.549922127119997;0.6446789540598579;1
1.6659113147253577;-1.0685672025745097;0.9452585163015506;-0.44629086767987125;0.015281152128626496;-0.9970361947483258;-0.992577440371059;1.1240774349601819;-2.516237789367687;0.10563339320942373;-1.1565434184242134;1
-0.24457334136759307;0.29234734991327077;-0.1941462820401144;-0.11637427773660661;-0.2674714412849473;0.7353439943806397;1.510796239486485;0.07415408303224005;-0.7048882211301291;-0.48675158533800844;-0.8721398859267278;1
-0.6379084176220242;0.5191664419945677;-1.3335510803817794;-0.11637427773660661;-0.7858511958764988;-0.7932267607331535;-0.010240933085187334;-1.8416854354341516;0.03306901037406022;-1.0050884415670107;1.3082871965539902;1
-1.1998156694140685;-0.558224245391592;-0.24593740923746285;-0.6662352609753811;-0.17322057681375605;0.5315345603654673;0.3066418112005777;-0.21268064713358956;1.3748094312907708;-0.3386553407011504;-0.8721398859267278;1
2.0030556658005843;0.2356425768929465;1.2042141522882925;0.21354231220665856;0.015281152128626496;-0.9970361947483258;-0.4538767750852584;2.0982331223159307;-1.3086714105426474;0.9942108610305711;0.265474244063211;1
-0.469336242084411;0.4057568959539192;0.27197386273602125;0.32351450885441363;1.0049152290761336;-0.28370317569522235;1.637549337200791;1.4379720453303964;0.9052002839699236;-0.19055909606429233;-0.8721398859267278;0
-0.9750527686972511;0.4624616689742435;-1.3853422075791277;-0.886179654270891;-0.5973494669341162;-1.2008456287634983;-1.2143953613710945;-1.4953189688187718;0.10015603141989723;-2.041762154025016;-0.018929288434272863;0
1.8906742154421747;-0.21799560726964687;1.152423025090944;-0.22634647438436117;0.06240658436422213;-1.0989409117559121;-0.992577440371059;1.7735145598640343;-0.8390622632218002;-1.5974734201144425;-1.1565434184242134;0
-0.1321918910091846;0.09388064434213651;-0.4531019180268565;-0.5562630643276263;-0.07896971234256478;-0.28370317569522235;-0.3588119517995289;0.2581612684216719;-0.10110503171761084;-0.4127034630195794;-1.346145773422536;1
-0.3007640665467978;0.09388064434213651;-0.763848681210947;0.1035701155589035;-0.6444748991697118;-0.4875126097103948;-0.3588119517995289;-0.3912758564821805;0.1672430524657313;-0.2646072183827214;1.1186848415556658;1
-0.9750527686972511;0.2356425768929465;-1.281759953184431;-0.3363186710321162;1.5704204159032813;-0.9970361947483258;-0.9608891659424824;-0.09902915027544992;0.4355911366490734;0.32777776016471;-0.8721398859267278;0
0.7668597118580861;-0.6149290184119163;0.997049643498899;-0.3363186710321162;-0.3617223057561386;-1.0989409117559121;-0.9608891659424824;-0.1260890304797746;-0.30236609485511595;0.6980183717568551;1.7822930840497984;1
0.8792411622164955;0.008823484811650135;1.566752042669731;-0.00640208108885155;0.5336609067201779;1.4486770134337432;0.1798887134862717;0.20404150801302257;-0.8390622632218002;0.8461146163937131;1.1186848415556658;1
-1.0312434938764554;0.008823484811650135;-1.0745954443950374;-0.44629086767987125;-0.88010206034769;1.346772296426157;-0.07361748194234034;-0.9920051970182245;0.4355911366490734;1.3644514726227155;-0.11373046593343415;1
0.5420968111412692;-0.841748110493213;1.1006318978935956;1.5332086719797178;2.3715527639084066;-1.3027503457710845;-1.119330538085365;-0.515751305422062;-0.570714179038458;-0.5607997076564374;2.6355036815422515;1
-0.07600116582998039;2.6739478167668875;-0.9192220628029921;-0.11637427773660661;-0.7858511958764988;-0.8951314777407396;-0.29543540294237586;0.06874210699139915;0.03306901037406022;-0.7088959522932946;-1.346145773422536;1
0.5420968111412692;-1.465500613716779;0.7380940075121567;-0.44629086767987125;0.4394100422489866;-0.9970361947483258;-0.9608891659424824;0.6911193516909269;-0.2352790738092819;0.401825882483139;-0.6825375309284052;0
-0.7502898679804332;0.7176331475657026;-0.5566841724215532;-0.3363186710321162;-0.3617223057561386;-0.7932267607331535;-0.675694696085294;-0.3588040002370149;0.36850411560323937;-0.7088959522932946;-0.6825375309284052;0
1.8344834902629705;0.29234734991327077;2.032872187445867;-0.22634647438436117;-0.3617223057561386;-0.589417326717981;0.02144734134338917;2.206472643133229;-0.436540136946787;-0.5607997076564374;-1.346145773422536;0
-1.4245785701308864;0.8593950801165132;-1.281759953184431;-0.6662352609753811;0.250908313306604;0.5315345603654673;1.510796239486485;-1.2571920230206906;1.5089834733824419;-0.9310403192485817;-0.3981339984309197;0
3.7449681463559212;-1.8057292518387245;0.8934673891042021;-0.22634647438436117;-0.314596873520543;-0.589417326717981;-0.7073829705138704;1.8005744400684192;-1.6441065157718264;1.4384995949411445;-1.1565434184242134;1
-0.9750527686972511;1.7666714484416999;-1.2299688259870825;-0.11637427773660661;-1.0686037892900726;1.6524864474489158;0.053135615771965676;-0.8242339397514356;1.3748094312907708;-0.6348478299748657;1.7822930840497984;1
0.09257100970763331;-0.8984528835135372;-0.3495196636321596;0.43348670550216817;0.39228461001339093;0.22582040934270867;0.3700183600577307;0.6911193516909269;0.1672430524657313;0.401825882483139;-0.7773387084275665;1
0.8792411622164955;-1.1819767486151582;1.5149609154723833;-0.44629086767987125;-0.40884773799173424;-1.3027503457710845;-1.2143953613710945;-0.7484662751793024;-1.1074103474051422;0.623970249438426;0.9290824865573434;1
-0.3007640665467978;1.3130332642791065;-1.178177698789734;-0.11637427773660661;0.48653547448458223;-0.07989374168004997;0.24326526234342472;0.1499217476043732;-0.369453115900953;0.031585270890994714;-0.5877363534292422;0
0.261143185245247;-0.3881099263306193;0.9452585163015506;0.21354231220665856;-0.7858511958764988;-0.8951314777407396;-0.8975126170853295;-1.0948327417946824;0.03306901037406022;1.0682589833490002;3.3939131015355453;1
-0.24457334136759307;-1.975843570899697;0.6863028803148086;-0.22634647438436117;-1.5398581116460284;2.263914749494433;0.6552128299149192;-0.3912758564821805;0.10015603141989723;2.1049326958070056;0.8342813090581821;0
-0.18838261618838884;-1.2953862946558066;1.8774988058538218;-0.886179654270891;-0.031844280106969144;0.022010975327536247;-0.5489415983709879;-0.45621956897257177;-0.10110503171761084;0.9942108610305711;0.36027542156237397;1
0.8792411622164955;1.0862141721978096;1.4631697882750347;-0.7762074576231361;2.560054492850789;0.8372487113882259;0.1798887134862717;0.4313445017293619;0.2343300735115683;2.1789808181254338;-0.3981339984309197;0
0.4297153607828597;1.4547951968299173;-1.3853422075791277;0.21354231220665856;0.5336609067201779;-0.4875126097103948;-0.5806298727995645;1.448795997412078;0.30141709455740234;1.5865958395780024;-0.9669410634258891;1
-0.469336242084411;-1.465500613716779;0.3755561171307181;-0.11637427773660661;-1.4927326794104328;-1.2008456287634983;-1.2143953613710945;-0.8783537001600848;0.5697651787407445;-0.042462851427434306;0.5498777765606966;1
1.7782927650837663;-0.6149290184119163;1.1006318978935956;0.21354231220665856;-0.2203460090493517;-0.7932267607331535;-0.8341360682281764;0.9725421058159156;-1.5099324736801554;-0.8569921969301527;0.5498777765606966;0
0.09257100970763331;-0.7283385644525645;0.6863028803148086;4.282513588173591;-1.4927326794104328;-1.3027503457710845;-1.1510188125139416;-0.5752830418716124;-0.2352790738092819;-0.6348478299748657;1.4978895515523127;0
-1.0874342190556596;0.17893780387262287;-0.6084752996189017;-0.6662352609753811;-0.17322057681375605;0.12391569233512245;0.5918362810577662;-2.0473405249870074;0.10015603141989723;-0.3386553407011504;0.07587188906488843;1
-0.35695479172600203;-0.21799560726964687;-0.038772900448069185;-0.5562630643276263;-0.9272274925832856;-0.6913220437255672;-0.4855650495138349;-0.06655729403022426;0.5026781576949104;-0.042462851427434306;-0.7773387084275665;0
2.3402000168758104;-0.3881099263306193;1.152423025090944;2.3030140485140027;-0.5502240346985205;1.0410581454033982;0.08482389020054218;0.7452391120995763;-1.7782805578634975;-0.5607997076564374;-0.7773387084275665;0
0.4297153607828597;0.8593950801165132;-0.8156398084082954;0.43348670550216817;0.5336609067201779;-0.4875126097103948;-0.07361748194234034;1.1673732432870894;-0.03401801067177382;-0.7088959522932946;-0.8721398859267278;1
0.37352463560365545;-0.7850433374728887;0.6863028803148086;-1.2160962442141559;-1.7754852728240065;0.9391534283958122;0.11651216462911869;-1.0515369334677749;-0.7719752421759631;1.3644514726227155;0.45507659906153525;1
1.0478133377541083;-0.7283385644525645;0.6863028803148086;0.1035701155589035;-0.6444748991697118;2.5696289005171917;0.24326526234342472;0.4421684538111038;0.4355911366490734;1.5865958395780024;0.07587188906488843;1
-0.3007640665467978;0.349052122933595;-0.4531019180268565;-0.11637427773660661;-0.2674714412849473;0.12391569233512245;0.24326526234342472;0.4205205496476801;0.7710262418782525;-0.4127034630195794;-0.3981339984309197;0
-0.35695479172600203;-0.10458606122899836;0.06480935394662772;-0.3363186710321162;0.250908313306604;0.7353439943806397;0.24326526234342472;0.6911193516909269;0.7039392208324156;0.6980183717568551;-1.1565434184242134;0
-0.5255269672636153;0.12223303085229863;-0.24593740923746285;-0.22634647438436117;1.1462915257829205;-0.3856078927028086;0.8136542020578018;-0.4453956168908299;-1.7782805578634975;-0.11651097374586332;-1.1565434184242134;0
1.7782927650837663;-1.2953862946558066;1.7221254242617765;-0.44629086767987125;-0.6916003314053074;-0.3856078927028086;-0.6123181472281409;0.7452391120995763;-1.3757584315884843;2.401125185080721;-0.3033328209317584;1
-0.8626713183388421;-0.2747003802899711;-0.9710131900003405;-0.6662352609753811;-0.3617223057561386;2.4677241835096053;0.5601480066291897;-0.775526155383627;-1.3086714105426474;-1.1531846862038688;-0.7773387084275665;0
-0.6379084176220242;-1.125271975594834;0.3237649899333697;-0.7762074576231361;-0.9743529248188812;-1.3027503457710845;-1.055953989228212;-0.3912758564821805;-0.570714179038458;3.363750775220298;-0.3981339984309197;1
0.03638028452842908;-1.2386815216354823;0.11660048114397589;0.7634032954454333;5.293329562515334;-0.18179845868763617;-0.6440064216567174;-0.7376423230975605;-0.6378012000842921;0.9942108610305711;1.4978895515523127;1
-0.9750527686972511;1.1145665587079718;-0.9192220628029921;3.402736014991552;1.6646712803744725;-0.6913220437255672;-0.929200891513906;-0.09361717423454893;0.2343300735115683;-1.1531846862038688;0.36027542156237397;1
-0.019810440650775155;-1.408795840696455;1.1006318978935956;-0.3363186710321162;0.5336609067201779;-0.9970361947483258;-1.0876422636567884;-1.4303752563283805;-0.369453115900953;-0.19055909606429233;1.8770942615489596;1
0.14876173488683755;0.575871215014892;-0.5048930452242049;0.5434589021499232;0.8164135001337517;0.5315345603654673;2.3030031002008977;0.6911193516909269;-1.5099324736801554;-0.9310403192485817;-1.0617422409250503;0
1.5535298643669484;-0.44481469935094353;2.395410077827306;0.8733754920931884;-0.738725763640903;-0.9970361947483258;-0.7707595193710235;1.0158379141428833;-0.9732363053134713;0.10563339320942373;0.7394801315590191;1
2.5649629175926285;-0.1612908342493226;1.4631697882750347;0.43348670550216817;-0.4559731702273299;-0.8951314777407396;-0.7073829705138704;1.8384582723543654;-1.5099324736801554;0.2537296378462818;0.45507659906153525;1
-0.6379084176220242;0.944452239646999;-0.7120575540135985;-0.44629086767987125;-0.2674714412849473;-0.3856078927028086;-0.8341360682281764;-0.6835225626889111;-0.16819205276344487;-0.7829440746117237;-0.3033328209317584;0
-1.7617229212061127;-1.0685672025745097;-1.3853422075791277;-0.6662352609753811;-1.4927326794104328;1.1429628624109844;0.5284597322006133;-2.772545314462993;2.4482017680241395;1.0682589833490002;3.3939131015355453;1
-0.1321918910091846;0.008823484811650135;-0.24593740923746285;-0.22634647438436117;-0.17322057681375605;1.754391164456502;1.3523548673436023;0.030858274705332582;-0.369453115900953;-1.3753290531591553;-0.7773387084275665;1
0.31733391042445125;-1.2386815216354823;0.4791383715254148;0.21354231220665856;-1.2099800859968592;-0.589417326717981;-0.23205885408522287;-0.5969309460350962;0.5697651787407445;0.32777776016471;1.3082871965539902;0
-0.58171769244282;0.12223303085229863;-1.3335510803817794;-0.6662352609753811;0.5336609067201779;-0.6913220437255672;-0.992577440371059;-0.8567057959966011;0.2343300735115683;-0.48675158533800844;0.5498777765606966;1
-0.8064805931596374;1.7666714484416999;-0.2977285364348113;1.8631252619229823;-0.3617223057561386;0.022010975327536247;0.5918362810577662;0.9184223454072663;1.441896452336605;0.549922127119997;-1.109142829674632;1
1.5535298643669484;-0.6149290184119163;1.0488407706962473;0.26852841053053583;0.1566574488354134;-0.6913220437255672;-0.3905002262281054;0.34475288507554697;-0.503627157992621;0.9201627387121422;1.592690729051474;1
-0.35695479172600203;0.29234734991327077;-1.3335510803817794;-0.6662352609753811;0.2980337455421997;-0.3856078927028086;-0.8975126170853295;-0.5644590897898705;0.03306901037406022;-0.6348478299748657;0.07587188906488843;1
-0.694099142801229;0.349052122933595;-1.3335510803817794;-0.11637427773660661;-0.07896971234256478;1.1429628624109844;-0.10530575637091685;-0.6618746585254274;0.7039392208324156;-0.48675158533800844;0.265474244063211;1
2.0592463909797885;0.575871215014892;1.2042141522882925;-1.1061240475664011;-0.5030986024629255;-0.9970361947483258;-0.6440064216567174;0.6424115673231184;-1.6441065157718264;-0.3386553407011504;-0.018929288434272863;0
0.14876173488683755;-0.8984528835135372;1.9810810602485187;4.392485784821347;-0.07896971234256478;-1.3027503457710845;-1.2143953613710945;0.7831229443856429;-0.30236609485511595;-0.48675158533800844;0.5498777765606966;0
1.2725762384709263;-0.2747003802899711;1.9292899330511704;-0.22634647438436117;1.3819186869608988;-0.9970361947483258;-0.8341360682281764;0.1499217476043732;-0.369453115900953;0.10563339320942373;1.2134860190548271;1
-1.1436249442348643;-0.10458606122899836;-0.7120575540135985;-0.11637427773660661;-0.2674714412849473;1.346772296426157;-0.20037057965664637;-0.5319872335447049;0.7039392208324156;0.772066494075284;0.5498777765606966;1
0.31733391042445125;-0.2747003802899711;-0.1423551548427661;0.48847280382604596;0.5807863389557735;1.9582005984716744;1.891055532629403;0.7993588725082257;-1.4428454526343184;-0.8569921969301527;-1.1565434184242134;0
0.4297153607828597;0.7459855340758648;-0.6084752996189017;0.8733754920931884;0.7221626356625604;-0.6913220437255672;0.4017066344863072;1.6436271348832519;-0.2352790738092819;-0.7829440746117237;-0.7773387084275665;0
-0.24457334136759307;-0.8984528835135372;-0.1941462820401144;-0.6662352609753811;-0.2203460090493517;0.7353439943806397;0.08482389020054218;-0.22891657525623244;-0.2352790738092819;0.17968151552785275;-1.0617422409250503;0
-0.8064805931596374;0.575871215014892;-1.281759953184431;-0.5562630643276263;-0.17322057681375605;0.22582040934270867;-0.5172533239424114;0.21486546009476445;0.5697651787407445;0.772066494075284;-0.5877363534292422;0
-0.6379084176220242;-1.0685672025745097;-0.2977285364348113;0.1035701155589035;-0.314596873520543;2.5696289005171917;0.6869011043434957;-0.4670435210543137;0.36850411560323937;-0.7829440746117237;-0.3033328209317584;1
-0.7502898679804332;0.4057568959539192;0.16839160834132433;2.3030140485140027;-0.6444748991697118;0.42962984335788107;2.017808630343709;1.3080846203496137;-0.10110503171761084;3.8820876314493;-0.2085316434325971;0
0.5420968111412692;1.398090423809593;0.01301822674927927;0.43348670550216817;-0.17322057681375605;0.8372487113882259;0.3066418112005777;0.9075983933255244;-0.03401801067177382;0.17968151552785275;0.1706730665640497;1
-0.35695479172600203;1.398090423809593;0.7898851347095052;-0.5562630643276263;0.48653547448458223;-0.7932267607331535;1.257290044057873;-0.4453956168908299;-0.570714179038458;-0.4127034630195794;-0.8721398859267278;0
-0.6379084176220242;-0.21799560726964687;-0.4531019180268565;0.32351450885441363;-0.5973494669341162;-0.28370317569522235;-0.3905002262281054;-0.012437533621574891;-0.16819205276344487;-1.2272328085222979;-1.1565434184242134;1
-1.3121971197724775;0.6325759880352162;-1.1263865715923858;-0.5562630643276263;-0.738725763640903;-0.6913220437255672;-0.929200891513906;-0.954121364732218;1.3748094312907708;0.9942108610305711;0.1706730665640497;0
-0.8064805931596374;-0.5015194723712678;-1.3853422075791277;-1.1061240475664011;-0.5502240346985205;1.6524864474489158;-0.2637471285137994;-1.2680159751023723;0.03306901037406022;-0.48675158533800844;0.9290824865573434;1
1.7782927650837663;0.349052122933595;1.670334297064428;0.21354231220665856;0.250908313306604;-0.28370317569522235;0.08482389020054218;1.1240774349601819;-0.9061492842676342;0.031585270890994714;0.5498777765606966;1
1.5535298643669484;-1.0118624295541858;1.1006318978935956;0.7634032954454333;0.39228461001339093;-1.0989409117559121;-0.8024477937996;1.0158379141428833;-0.9732363053134713;-0.8569921969301527;0.07587188906488843;0
2.227818566517402;-0.1612908342493226;1.152423025090944;-0.22634647438436117;0.3451591777777953;-1.0989409117559121;-1.0242657147996355;1.881754080681333;-0.8390622632218002;-1.5234252977960134;-0.7773387084275665;0
-0.6379084176220242;0.2356425768929465;-1.1263865715923858;-0.11637427773660661;-0.031844280106969144;0.022010975327536247;-0.3271236773709524;-0.5861069939533543;0.4355911366490734;-0.3386553407011504;-0.11373046593343415;1
2.227818566517402;-0.7850433374728887;1.8774988058538218;-0.11637427773660661;0.4394100422489866;-0.9970361947483258;-0.8975126170853295;1.989993601498632;-1.0403233263593052;-1.1531846862038688;-0.8721398859267278;0
-0.694099142801229;-0.558224245391592;-0.5048930452242049;-0.6662352609753811;0.015281152128626496;1.1429628624109844;0.1482004390576952;-0.20726867109274866;1.1735483681532657;-0.042462851427434306;-0.018929288434272863;0
-0.6379084176220242;1.1145665587079718;-1.1263865715923858;2.4679723434856355;0.2037828810710084;-1.2008456287634983;-1.119330538085365;-0.2830363356648818;0.6368521997865815;-1.893665909388158;0.45507659906153525;0
-0.24457334136759307;0.09388064434213651;-1.0745954443950374;1.7531530652752279;0.250908313306604;1.1429628624109844;0.4650831833434602;-0.12067705443887362;0.30141709455740234;0.17968151552785275;0.265474244063211;1
-0.8064805931596374;-0.047881288208674114;-0.09056402764541763;0.21354231220665856;-0.031844280106969144;-0.589417326717981;-0.29543540294237586;0.06874210699139915;0.9722873050157577;-1.0791365638854398;0.5498777765606966;0
-1.1998156694140685;0.17893780387262287;-0.9192220628029921;-0.7762074576231361;-1.351356382703646;0.8372487113882259;-0.4538767750852584;-1.462847112573546;1.5089834733824419;-0.3386553407011504;0.8342813090581821;0
0.4859060859620639;-0.6716337914322406;1.2042141522882925;0.1035701155589035;-1.2571055182324549;-0.3856078927028086;-0.675694696085294;-0.8242339397514356;0.1672430524657313;1.0682589833490002;2.7303048590414147;1
0.6544782614996776;2.021842927033159;0.01301822674927927;-0.11637427773660661;0.10953201659981777;1.5505817304413294;3.126898235343887;0.5828798308736282;-0.503627157992621;-0.8569921969301527;-0.9669410634258891;0
-1.1998156694140685;0.4057568959539192;-0.9710131900003405;-0.44629086767987125;0.39228461001339093;1.6524864474489158;-0.07361748194234034;-0.9865932209773836;0.9052002839699236;-0.48675158533800844;0.07587188906488843;0
-0.5255269672636153;0.4624616689742435;-1.3335510803817794;-0.44629086767987125;-0.3617223057561386;-0.28370317569522235;-0.2637471285137994;0.40969659756593824;1.1064613471074287;0.031585270890994714;-0.5877363534292422;0
1.3849576888293356;-1.5222053867371033;0.9452585163015506;0.9833476887409429;-1.021478357054477;0.42962984335788107;0.08482389020054218;0.2581612684216719;-1.2415843894968133;-0.7829440746117237;-0.7773387084275665;0
-0.24457334136759307;1.0862141721978096;-1.3335510803817794;-0.5562630643276263;-0.2674714412849473;-0.8951314777407396;-0.4538767750852584;-0.02326148570331678;0.5026781576949104;-0.7829440746117237;-0.7773387084275665;0
0.14876173488683755;1.5398523563604036;-0.8156398084082954;-0.11637427773660661;0.10953201659981777;-0.3856078927028086;-0.4855650495138349;0.6369995912822776;0.5697651787407445;-1.2272328085222979;-0.49293517593008096;0
-1.3683878449516818;-1.9191387978793728;-0.2977285364348113;-0.7762074576231361;-1.7283598405884109;4.200104372638571;2.8100154910581217;-1.7929776510663433;0.03306901037406022;-1.5234252977960134;-0.8721398859267278;0
-0.4131455169052068;0.8593950801165132;-1.281759953184431;-1.2160962442141559;-0.4559731702273299;-0.6913220437255672;-0.8341360682281764;-0.12067705443887362;-0.9732363053134713;3.21565453058344;-1.1565434184242134;0
-0.4131455169052068;1.1996237182384581;-1.3853422075791277;-0.5562630643276263;0.8635389323693473;-0.9970361947483258;-1.0876422636567884;-0.8188219637105345;0.30141709455740234;-0.4127034630195794;0.5498777765606966;0
-0.8626713183388421;0.8026903070961889;-1.3853422075791277;-0.5562630643276263;-0.07896971234256478;0.6334392773730535;-0.23205885408522287;0.1553337236452141;0.5697651787407445;0.6980183717568551;-0.6825375309284052;0
-1.7055321960269085;-0.33140515331029535;-0.8156398084082954;-0.22634647438436117;-1.586983543881624;0.022010975327536247;1.3523548673436023;-2.653481841563952;1.5089834733824419;1.7346920842148605;3.0147083915388984;1
-0.35695479172600203;1.0011570126673233;-0.8674309356056437;0.21354231220665856;0.10953201659981777;-0.6913220437255672;-0.6440064216567174;0.47464031005632945;0.5026781576949104;-1.1531846862038688;-0.6825375309284052;0
-0.8064805931596374;0.2356425768929465;-1.3853422075791277;0.43348670550216817;-0.031844280106969144;0.5315345603654673;-0.16868230522806985;-0.8350578918331774;0.6368521997865815;-0.9310403192485817;0.36027542156237397;0
2.3402000168758104;-0.8984528835135372;1.4631697882750347;0.21354231220665856;0.06240658436422213;0.9391534283958122;0.6869011043434957;1.5029157578207875;-1.1074103474051422;1.2904033503042864;-0.018929288434272863;1
-1.8179136463853176;-0.10458606122899836;-0.4531019180268565;-0.3363186710321162;-1.8697361372951975;0.022010975327536247;1.7326141604865204;-2.3395872311937977;0.9722873050157577;1.6606439618964315;2.351100149044768;1
-1.5369600204892955;0.06552825783197438;-1.178177698789734;-0.7762074576231361;-1.5398581116460284;-1.0989409117559121;-1.055953989228212;-1.3654315438379891;2.7165498522074816;-0.48675158533800844;0.9290824865573434;0
0.2049524600660418;-0.3881099263306193;0.2201827355386728;0.1035701155589035;2.0888001704948325;0.8372487113882259;0.5601480066291897;0.3988726454841963;-1.4428454526343184;0.6980183717568551;-0.7773387084275665;0
-0.7502898679804332;0.6892807610555405;-1.281759953184431;-0.3363186710321162;-0.738725763640903;-0.7932267607331535;-0.675694696085294;0.2581612684216719;1.0393743260615946;0.17968151552785275;-0.8721398859267278;1
-0.1321918910091846;1.9367857675026727;-1.3853422075791277;0.9833476887409429;0.6750372034269648;1.0410581454033982;0.4650831833434602;1.9088139608857178;1.911505599657455;0.549922127119997;-0.5877363534292422;0
-0.5255269672636153;2.4754811111957524;-1.3853422075791277;-0.22634647438436117;0.2980337455421997;0.022010975327536247;-0.4538767750852584;0.4529924058928457;1.777331557565784;0.17968151552785275;-0.2085316434325971;0
0.31733391042445125;-1.7490244788184004;1.1006318978935956;-0.6662352609753811;-0.2203460090493517;1.346772296426157;0.43339490891488375;0.04168222678707447;0.5026781576949104;-0.8569921969301527;-0.9669410634258891;1
-0.58171769244282;0.7459855340758648;-1.3853422075791277;-0.44629086767987125;0.10953201659981777;-0.9970361947483258;-0.7390712449424469;0.853478632916875;1.9785926207032891;2.327077062762292;-0.49293517593008096;1
1.1601947881125176;-1.6356149327777518;0.997049643498899;-0.6662352609753811;-0.314596873520543;-0.9970361947483258;-0.8024477937996;0.47464031005632945;-0.436540136946787;2.7713657966728658;0.36027542156237397;1
-0.019810440650775155;-0.6149290184119163;0.5827206259201116;0.1035701155589035;0.5807863389557735;0.8372487113882259;0.43339490891488375;0.6369995912822776;-0.03401801067177382;0.401825882483139;0.36027542156237397;1
-0.7502898679804332;0.2356425768929465;-1.3853422075791277;-0.44629086767987125;5.104827833572951;-0.3856078927028086;-0.04192920751376384;0.020034322623590693;-0.03401801067177382;-0.3386553407011504;-0.9669410634258891;1
0.5982875363204734;-1.0685672025745097;0.5309294987227632;-0.22634647438436117;-0.314596873520543;-1.0989409117559121;-1.055953989228212;0.6911193516909269;-0.6378012000842921;-0.19055909606429233;-1.1565434184242134;0
0.5420968111412692;0.7176331475657026;-0.038772900448069185;-0.44629086767987125;0.6750372034269648;-1.0989409117559121;-0.3588119517995289;0.3555768371572888;-0.436540136946787;-1.6715215424328715;-0.7773387084275665;0
1.8344834902629705;-0.6716337914322406;1.4113786610776864;-0.996151850918646;0.6279117711913691;0.6334392773730535;-0.16868230522806985;0.339340909034646;-1.9795416210010026;0.8461146163937131;-0.49293517593008096;1
0.09257100970763331;-1.8057292518387245;1.3077964066829895;-0.5562630643276263;0.39228461001339093;-0.6913220437255672;-0.7390712449424469;-0.1315010065206155;0.30141709455740234;0.17968151552785275;-0.018929288434272863;0
-0.9188620435180463;2.9007669088481842;-0.9710131900003405;-0.11637427773660661;-0.6916003314053074;0.3277251263502949;-0.4538767750852584;-0.1315010065206155;1.3748094312907708;-0.5607997076564374;0.5498777765606966;0
-0.3007640665467978;0.008823484811650135;-1.178177698789734;-0.7762074576231361;-0.2674714412849473;0.12391569233512245;-0.4855650495138349;-0.17479681484758305;0.10015603141989723;-0.6348478299748657;-0.3981339984309197;1
-0.8064805931596374;-0.7283385644525645;-0.1423551548427661;0.1035701155589035;0.06240658436422213;1.4486770134337432;-0.04192920751376384;-0.4453956168908299;-0.369453115900953;-0.48675158533800844;-0.3981339984309197;0
-1.3121971197724775;-0.6149290184119163;-0.40131079082950805;-0.44629086767987125;-0.314596873520543;0.6334392773730535;0.02144734134338917;-0.8134099876696936;0.5026781576949104;0.9942108610305711;-0.3981339984309197;1
-1.0312434938764554;0.4908140554844056;-1.3853422075791277;-0.5562630643276263;-0.7858511958764988;-0.6913220437255672;-0.8975126170853295;0.2581612684216719;0.9722873050157577;0.031585270890994714;-1.1565434184242134;0
-0.5255269672636153;0.5191664419945677;-1.1263865715923858;-0.5562630643276263;-0.6444748991697118;0.8372487113882259;-0.13699403079949335;-0.33715609607353114;0.7039392208324156;-0.5607997076564374;1.0238836640565045;1
-0.07600116582998039;-0.558224245391592;0.11660048114397589;-0.886179654270891;-0.031844280106969144;1.1429628624109844;-0.04192920751376384;-0.3750399283595977;-0.436540136946787;-0.7829440746117237;-0.11373046593343415;0
-0.6379084176220242;0.8026903070961889;-1.3853422075791277;-0.22634647438436117;-0.6444748991697118;-0.589417326717981;-0.7073829705138704;-0.607754898116778;0.7039392208324156;0.549922127119997;0.6446789540598579;1
0.14876173488683755;-0.047881288208674114;0.5827206259201116;-0.996151850918646;0.6750372034269648;-1.0989409117559121;-0.8975126170853295;-0.034085437785058674;-0.7719752421759631;-0.9310403192485817;-0.9669410634258891;0
-0.6379084176220242;0.7459855340758648;-1.2299688259870825;-0.11637427773660661;-0.17322057681375605;0.022010975327536247;1.257290044057873;0.38263671736161353;1.441896452336605;-0.5607997076564374;-0.6825375309284052;0
0.261143185245247;-1.125271975594834;0.7380940075121567;3.842624801582572;-0.40884773799173424;-0.8951314777407396;-1.055953989228212;-0.07738124611196615;-0.10110503171761084;-0.19055909606429233;1.592690729051474;1
-0.6379084176220242;-1.0118624295541858;-0.038772900448069185;-0.6662352609753811;0.06240658436422213;1.754391164456502;0.9087190253435313;0.04168222678707447;0.5697651787407445;-0.48675158533800844;-0.8721398859267278;1
-0.58171769244282;-0.10458606122899836;-0.4531019180268565;-0.3363186710321162;-0.5502240346985205;-0.3856078927028086;-0.5806298727995645;0.5179361183832369;1.3748094312907708;0.623970249438426;-0.8721398859267278;1
-0.9188620435180463;-0.3881099263306193;-0.1423551548427661;-0.7762074576231361;-0.2203460090493517;0.22582040934270867;-0.3905002262281054;-1.040712981386033;0.5026781576949104;-0.3386553407011504;0.1706730665640497;1
-0.694099142801229;0.4057568959539192;-1.3335510803817794;-0.11637427773660661;-0.12609514457816043;0.8372487113882259;-0.29543540294237586;-0.8567057959966011;0.5697651787407445;-0.2646072183827214;0.45507659906153525;1
-0.07600116582998039;-1.0685672025745097;0.5309294987227632;-0.5562630643276263;-1.1628546537612634;2.773438334532364;0.8770307509149547;-1.4303752563283805;-0.570714179038458;1.2163552279858583;1.4978895515523127;1
-0.8626713183388421;2.1636048595839696;-1.0745954443950374;-0.44629086767987125;-1.021478357054477;-1.2008456287634983;-1.119330538085365;-0.434571664809088;1.441896452336605;-0.042462851427434306;0.45507659906153525;0
0.37352463560365545;-0.2747003802899711;0.27197386273602125;0.43348670550216817;0.10953201659981777;0.5315345603654673;2.398067923486627;0.9075983933255244;0.03306901037406022;-0.19055909606429233;-0.9669410634258891;0
0.31733391042445125;1.2279761047486202;-0.4531019180268565;0.1035701155589035;-0.2203460090493517;-0.07989374168004997;0.053135615771965676;0.36098881319812975;-0.7719752421759631;-1.3012809308407267;-0.6825375309284052;1
-0.6379084176220242;-0.6432814049220784;0.4791383715254148;-0.44629086767987125;-0.031844280106969144;-0.28370317569522235;-0.04192920751376384;0.2581612684216719;1.1064613471074287;-0.042462851427434306;-1.1565434184242134;0
-0.18838261618838884;-1.408795840696455;0.8934673891042021;-0.6662352609753811;-0.031844280106969144;1.2448675794185708;0.6869011043434957;-0.9270614845278934;0.30141709455740234;0.10563339320942373;0.7394801315590191;0
-0.694099142801229;0.008823484811650135;-1.0228043171976888;-0.7762074576231361;-0.5030986024629255;-0.07989374168004997;-0.7073829705138704;-0.8783537001600848;-0.16819205276344487;0.10563339320942373;0.36027542156237397;1
-0.3007640665467978;-0.1612908342493226;-0.763848681210947;-0.6662352609753811;4.539322646745803;-0.9970361947483258;-0.8024477937996;-0.3912758564821805;-0.2352790738092819;1.6606439618964315;-0.5877363534292422;1
-1.2560063945932733;0.29234734991327077;-0.1941462820401144;0.1035701155589035;-1.7754852728240065;0.022010975327536247;0.7502776532006488;-1.733445914616853;0.9722873050157577;0.031585270890994714;1.971895439048121;1
0.2049524600660418;0.9160998531368368;-1.3853422075791277;0.8733754920931884;0.10953201659981777;-0.28370317569522235;-0.4221885006566819;1.3405564765947793;0.30141709455740234;-1.4493771754775844;-0.9669410634258891;0
-1.0312434938764554;-0.3881099263306193;-0.66026642681625;-0.00640208108885155;1.5232949836676857;-0.6913220437255672;-0.29543540294237586;0.3231049809120632;2.314027725932468;0.031585270890994714;-0.5877363534292422;0
-0.694099142801229;1.0578617856876475;-1.3853422075791277;-0.06138817941272883;-0.5030986024629255;0.5315345603654673;0.02144734134338917;-0.21809262317449055;-0.16819205276344487;-1.4493771754775844;-0.9669410634258891;0
0.4297153607828597;-0.7283385644525645;1.566752042669731;2.412986245161757;-0.07896971234256478;-0.9970361947483258;-0.8341360682281764;-0.10985310235719181;-0.2352790738092819;-0.5607997076564374;1.971895439048121;1
-0.3007640665467978;0.4057568959539192;-0.038772900448069185;-0.44629086767987125;-0.07896971234256478;1.5505817304413294;2.6832623933438153;-0.2722123835831399;-0.7048882211301291;-0.9310403192485817;-0.49293517593008096;0
0.37352463560365545;-0.3881099263306193;0.2201827355386728;0.43348670550216817;0.5336609067201779;0.3277251263502949;1.637549337200791;0.772298992303901;0.03306901037406022;-0.11651097374586332;-0.8721398859267278;1
-0.4131455169052068;-0.6149290184119163;-0.09056402764541763;1.6431808686274727;1.0520406613117292;1.2448675794185708;1.3840431417721788;0.6045277350370519;-1.1074103474051422;-0.5607997076564374;-1.2513445959233747;0
-0.35695479172600203;0.17893780387262287;-0.9710131900003405;0.1035701155589035;1.5232949836676857;-0.18179845868763617;-0.010240933085187334;0.20404150801302257;-0.503627157992621;0.10563339320942373;-0.7773387084275665;1
-0.9188620435180463;0.6325759880352162;-0.1941462820401144;-0.3363186710321162;-0.07896971234256478;-0.4875126097103948;2.3030031002008977;-0.7268183710158186;0.30141709455740234;0.401825882483139;0.45507659906153525;0
0.14876173488683755;-0.6149290184119163;0.6345117531174601;-0.6662352609753811;-0.6444748991697118;-0.9970361947483258;-1.0876422636567884;-0.8458818439148592;0.2343300735115683;0.32777776016471;1.2134860190548271;1
-0.9750527686972511;-0.047881288208674114;-1.178177698789734;-0.22634647438436117;-0.5973494669341162;-0.7932267607331535;-0.992577440371059;-0.607754898116778;0.5697651787407445;-0.11651097374586332;-0.9669410634258891;1
0.7668597118580861;0.9160998531368368;0.27197386273602125;0.1035701155589035;0.2980337455421997;0.6334392773730535;1.4157314162007553;0.6369995912822776;-0.16819205276344487;-0.19055909606429233;-0.3033328209317584;0
-0.24457334136759307;0.008823484811650135;-0.1423551548427661;-0.44629086767987125;-0.4559731702273299;-0.07989374168004997;1.8593672582008265;-0.3912758564821805;-0.30236609485511595;-0.7829440746117237;-0.9669410634258891;1
-0.8064805931596374;-0.6716337914322406;0.3237649899333697;-0.22634647438436117;-0.031844280106969144;0.6334392773730535;-0.3271236773709524;-0.9865932209773836;0.6368521997865815;0.772066494075284;0.6446789540598579;1
0.09257100970763331;-0.21799560726964687;-0.8156398084082954;-0.11637427773660661;0.10953201659981777;-0.6913220437255672;0.6552128299149192;0.04168222678707447;-0.9732363053134713;-0.8569921969301527;-0.9669410634258891;0
-0.694099142801229;0.4057568959539192;-1.3335510803817794;-0.11637427773660661;-0.12609514457816043;0.8372487113882259;-0.29543540294237586;-0.8567057959966011;0.5697651787407445;-0.2646072183827214;0.45507659906153525;1
-1.5931507456684997;-0.21799560726964687;-1.2299688259870825;-0.6662352609753811;-1.7754852728240065;1.2448675794185708;1.2889783184864494;-3.205503397732248;1.2406353891990998;1.2904033503042864;3.3939131015355453;1
1.3849576888293356;2.050195313543321;0.16839160834132433;0.21354231220665856;2.3715527639084066;-0.8951314777407396;0.43339490891488375;0.6153516871187937;-2.180802684138508;3.956135753767729;-0.2085316434325971;0
-0.4131455169052068;1.426442810319755;-1.3853422075791277;-0.7762074576231361;-0.2674714412849473;1.754391164456502;-0.04192920751376384;-0.3263321439917893;-0.03401801067177382;-0.19055909606429233;0.265474244063211;1
-0.7502898679804332;0.6892807610555405;-1.281759953184431;-0.3363186710321162;-0.738725763640903;-0.7932267607331535;-0.675694696085294;0.2581612684216719;1.0393743260615946;0.17968151552785275;-0.8721398859267278;1
0.37352463560365545;0.4057568959539192;0.11660048114397589;-0.44629086767987125;-0.5973494669341162;1.6524864474489158;0.8453424764863783;-0.09902915027544992;0.1672430524657313;-0.5607997076564374;-0.3981339984309197;0
-0.9188620435180463;-1.1819767486151582;0.8934673891042021;-0.00640208108885155;-0.9743529248188812;0.8372487113882259;-0.3905002262281054;-1.0190650772226093;-0.16819205276344487;1.1423071056674292;1.1186848415556658;1
-0.4131455169052068;0.6609283745453783;-1.2299688259870825;-0.5562630643276263;0.2037828810710084;-0.18179845868763617;0.33833008562915423;0.09580198719572383;0.36850411560323937;-1.3753290531591553;-0.11373046593343415;0
-1.1436249442348643;1.3130332642791065;-1.3853422075791277;0.5434589021499232;-0.4559731702273299;1.0410581454033982;0.1798887134862717;-1.5873225615134876;1.3077224102449339;-0.3386553407011504;1.0238836640565045;1
1.6659113147253577;-1.0685672025745097;0.9452585163015506;-0.44629086767987125;0.015281152128626496;-0.9970361947483258;-0.992577440371059;1.1240774349601819;-2.516237789367687;0.10563339320942373;-1.1565434184242134;1
0.14876173488683755;1.1145665587079718;-0.1423551548427661;4.612430178116856;1.6646712803744725;1.5505817304413294;2.778327216629545;2.5311912055852455;0.03306901037406022;3.141606408265011;-1.0617422409250503;0
-0.469336242084411;3.3260527065006156;-0.8674309356056437;0.7634032954454333;0.2037828810710084;-1.0989409117559121;-1.0876422636567884;-0.49951537729947926;1.5089834733824419;-0.3386553407011504;0.7394801315590191;0
1.2725762384709263;2.8157097493176972;0.8416762619068536;0.43348670550216817;-0.07896971234256478;0.5315345603654673;1.1939134952007198;0.9617181537342339;-1.7111935368176605;-0.5607997076564374;-0.3033328209317584;0
0.5420968111412692;-0.6716337914322406;0.6345117531174601;-0.22634647438436117;-0.8329766281120944;-0.3856078927028086;-0.4855650495138349;0.9075983933255244;-0.369453115900953;0.031585270890994714;-0.2085316434325971;0
0.261143185245247;-1.2953862946558066;0.5827206259201116;-0.11637427773660661;-1.021478357054477;0.3277251263502949;0.8136542020578018;-0.6997584908114939;0.5026781576949104;0.549922127119997;1.3082871965539902;1
1.7782927650837663;-1.0118624295541858;1.152423025090944;0.9833476887409429;-0.5502240346985205;-0.589417326717981;-0.29543540294237586;1.9358738410899825;0.03306901037406022;1.9568364511701475;0.5498777765606966;1
-0.58171769244282;-0.2747003802899711;0.27197386273602125;-0.3363186710321162;-0.9272274925832856;1.5505817304413294;0.24326526234342472;0.3014570767486395;-0.10110503171761084;0.031585270890994714;-0.3981339984309197;1
1.1601947881125176;-1.5222053867371033;1.1006318978935956;-0.5562630643276263;-0.738725763640903;-0.9970361947483258;-1.1510188125139416;0.2798091725851557;0.10015603141989723;1.6606439618964315;0.45507659906153525;1
-0.9188620435180463;1.2563284912587824;-1.3335510803817794;-0.00640208108885155;-0.17322057681375605;0.12391569233512245;-0.4538767750852584;-0.6618746585254274;1.576070494428276;-0.2646072183827214;2.2562989715456063;1
-0.6379084176220242;-0.9551576565338614;0.997049643498899;-0.3363186710321162;-0.3617223057561386;0.8372487113882259;-0.07361748194234034;-0.7484662751793024;0.5697651787407445;1.5125477172595734;0.5498777765606966;1
-1.6493414708477039;0.29234734991327077;-0.9710131900003405;-0.5562630643276263;-1.0686037892900726;0.42962984335788107;-0.4855650495138349;-1.0190650772226093;1.2406353891990998;-0.042462851427434306;-0.2085316434325971;1
0.261143185245247;0.6325759880352162;-0.5048930452242049;0.5434589021499232;0.10953201659981777;0.9391534283958122;2.651574118915239;0.7885349204264838;-0.570714179038458;-0.7829440746117237;-0.7773387084275665;0
-0.5255269672636153;0.12223303085229863;-0.40131079082950805;-0.6662352609753811;0.015281152128626496;-0.07989374168004997;-0.3905002262281054;-0.09361717423454893;1.1735483681532657;0.2537296378462818;0.07587188906488843;0
-0.1321918910091846;0.26399496340310863;-0.24593740923746285;-0.3363186710321162;-0.2203460090493517;-0.3856078927028086;0.5918362810577662;-0.012437533621574891;-0.16819205276344487;-1.0050884415670107;-1.1565434184242134;0
0.31733391042445125;-0.7283385644525645;0.27197386273602125;3.512708211639307;0.250908313306604;-0.589417326717981;0.02144734134338917;1.28643671618613;0.4355911366490734;0.9201627387121422;0.07587188906488843;1
0.8792411622164955;1.1996237182384581;-0.40131079082950805;3.7326526049348168;1.3819186869608988;1.754391164456502;0.9404072997721078;1.11325348287844;-1.1744973684509763;-0.7088959522932946;-0.9669410634258891;0
-0.019810440650775155;0.5475188285047299;-0.3495196636321596;-0.996151850918646;-0.07896971234256478;1.1429628624109844;2.3030031002008977;0.2581612684216719;-1.0403233263593052;3.5118470198571563;-1.2513445959233747;0
2.0592463909797885;-0.1612908342493226;1.670334297064428;-1.1061240475664011;-0.40884773799173424;0.7353439943806397;-0.13699403079949335;0.6911193516909269;-2.650411831459358;0.2537296378462818;0.07587188906488843;1
1.1040040629333134;-1.465500613716779;1.5149609154723833;-1.1061240475664011;-1.6341089761172196;-1.3027503457710845;-1.2143953613710945;-1.0894207657538415;-1.0403233263593052;-1.0050884415670107;1.3082871965539902;1
-1.0874342190556596;0.8026903070961889;-0.9710131900003405;-0.3363186710321162;-1.7283598405884109;0.3277251263502949;0.053135615771965676;-0.9865932209773836;1.1735483681532657;-1.1531846862038688;0.9290824865573434;1
2.0030556658005843;-0.7850433374728887;2.188245569037912;0.43348670550216817;0.6279117711913691;0.12391569233512245;-0.3588119517995289;1.448795997412078;-1.4428454526343184;-0.2646072183827214;0.36027542156237397;1
-1.2560063945932733;-1.0685672025745097;-0.09056402764541763;-0.6662352609753811;0.10953201659981777;-1.2008456287634983;-0.5806298727995645;-1.127304598039908;0.30141709455740234;-1.5234252977960134;-0.3033328209317584;0
0.6544782614996776;1.8800809944823484;-0.038772900448069185;-0.5562630643276263;-0.12609514457816043;-0.28370317569522235;-0.5806298727995645;0.21486546009476445;-0.436540136946787;-0.19055909606429233;-0.3981339984309197;0
-0.18838261618838884;0.6325759880352162;-0.24593740923746285;-0.00640208108885155;0.5807863389557735;-1.0989409117559121;-0.4221885006566819;-0.3263321439917893;0.36850411560323937;-0.48675158533800844;0.5498777765606966;0
-0.1321918910091846;-1.3520910676761309;0.4791383715254148;-0.22634647438436117;-1.586983543881624;1.9582005984716744;0.2115769879148482;-0.9324734605687343;-0.30236609485511595;2.697317674354437;1.8770942615489596;1
0.2049524600660418;0.06552825783197438;-0.038772900448069185;0.1035701155589035;0.7221626356625604;-0.8951314777407396;-0.4855650495138349;0.47464031005632945;-0.30236609485511595;-0.3386553407011504;-1.0617422409250503;1
-0.35695479172600203;0.8026903070961889;-0.1941462820401144;-0.3363186710321162;0.2980337455421997;0.12391569233512245;1.5741727883436378;-0.2830363356648818;0.03306901037406022;-1.2272328085222979;-0.8721398859267278;0
-0.694099142801229;-0.2747003802899711;0.06480935394662772;0.43348670550216817;-0.6444748991697118;-0.9970361947483258;-0.9608891659424824;0.05250617886881636;-0.503627157992621;-0.8569921969301527;-0.11373046593343415;0
-0.07600116582998039;-1.408795840696455;0.6863028803148086;-0.00640208108885155;-1.3984818149392417;-1.2008456287634983;-1.1510188125139416;-1.7117980104533692;0.10015603141989723;0.401825882483139;2.2562989715456063;1
0.7106689866788819;-0.6149290184119163;0.4273472443280663;-0.3363186710321162;0.06240658436422213;0.12391569233512245;-0.2637471285137994;-0.2722123835831399;-0.570714179038458;0.10563339320942373;0.6446789540598579;1
2.0030556658005843;0.944452239646999;1.3595875338803378;1.093319885388698;2.1830510349660237;-0.8951314777407396;-0.8024477937996;1.3405564765947793;-0.9732363053134713;1.4384995949411445;1.6874919065506353;1
0.31733391042445125;0.5191664419945677;-0.40131079082950805;1.6431808686274727;4.16231918886104;3.5886760705930536;3.221963058629616;1.0158379141428833;-0.9732363053134713;2.1049326958070056;-1.1565434184242134;0
-0.694099142801229;0.8026903070961889;-1.3853422075791277;-0.11637427773660661;0.06240658436422213;0.22582040934270867;-0.6123181472281409;0.5179361183832369;0.8381132629240866;-0.7829440746117237;-0.9669410634258891;0
-0.469336242084411;0.4624616689742435;-0.038772900448069185;-0.5562630643276263;-0.40884773799173424;0.8372487113882259;1.3206665929150259;-0.3263321439917893;-0.10110503171761084;-0.8569921969301527;-0.5877363534292422;0
1.4411484140085398;0.008823484811650135;1.152423025090944;2.412986245161757;1.7117967126100675;-0.589417326717981;-0.929200891513906;1.881754080681333;-1.6441065157718264;-0.6348478299748657;1.2134860190548271;1
0.14876173488683755;-0.33140515331029535;0.01301822674927927;-0.11637427773660661;-1.2571055182324549;-0.18179845868763617;-0.5806298727995645;-0.8458818439148592;-0.9061492842676342;1.1423071056674292;0.7394801315590191;0
-0.18838261618838884;-0.047881288208674114;-0.09056402764541763;-0.44629086767987125;-0.17322057681375605;0.3277251263502949;0.4017066344863072;-0.3263321439917893;-0.10110503171761084;-1.2272328085222979;-0.2085316434325971;0
0.2049524600660418;-0.2747003802899711;0.16839160834132433;0.43348670550216817;-0.738725763640903;-0.589417326717981;-0.5806298727995645;-0.17479681484758305;0.10015603141989723;0.17968151552785275;0.7394801315590191;1
-1.0874342190556596;0.575871215014892;-0.2977285364348113;-0.886179654270891;-0.07896971234256478;-0.3856078927028086;-0.4538767750852584;0.09039001115488293;1.777331557565784;0.10563339320942373;-0.5877363534292422;0
1.8344834902629705;-0.6716337914322406;1.4113786610776864;-0.996151850918646;0.6279117711913691;0.6334392773730535;-0.16868230522806985;0.339340909034646;-1.9795416210010026;0.8461146163937131;-0.49293517593008096;1
-0.58171769244282;-0.7283385644525645;0.16839160834132433;-0.7762074576231361;-0.07896971234256478;1.754391164456502;1.0354721230578374;0.09580198719572383;0.6368521997865815;0.031585270890994714;-0.8721398859267278;1
0.14876173488683755;-0.33140515331029535;0.01301822674927927;-0.11637427773660661;-1.2571055182324549;-0.18179845868763617;-0.5806298727995645;-0.8458818439148592;-0.9061492842676342;1.1423071056674292;0.7394801315590191;0
1.4973391391877442;-1.5222053867371033;2.136454441840564;0.1585562138827808;0.1566574488354134;-0.589417326717981;-0.675694696085294;0.1499217476043732;-0.9061492842676342;-0.2646072183827214;1.3082871965539902;0
-0.58171769244282;1.171271331728296;-1.3853422075791277;-0.22634647438436117;-0.07896971234256478;0.22582040934270867;-0.5806298727995645;0.5017001902606542;0.6368521997865815;-0.3386553407011504;-0.9669410634258891;0
-0.1321918910091846;1.9367857675026727;-1.3853422075791277;-0.22634647438436117;0.10953201659981777;-0.589417326717981;-0.4855650495138349;-0.08820519819370803;-0.436540136946787;-1.0791365638854398;-0.5877363534292422;0
-0.019810440650775155;0.06552825783197438;0.06480935394662772;-0.5562630643276263;-0.2203460090493517;-0.4875126097103948;-0.20037057965664637;0.5828798308736282;0.5026781576949104;-0.2646072183827214;-0.3981339984309197;1
-2.0988672722813395;-0.047881288208674114;-0.6084752996189017;-0.3363186710321162;-1.3042309504680505;-0.7932267607331535;0.5918362810577662;-1.7983896271072441;3.9241162310325177;-0.6348478299748657;2.5407025040430904;0
1.0478133377541083;-1.6356149327777518;1.152423025090944;-0.00640208108885155;-0.314596873520543;-0.589417326717981;-0.5806298727995645;0.5828798308736282;-1.1744973684509763;-0.2646072183827214;-0.018929288434272863;0
-0.24457334136759307;0.2356425768929465;0.2201827355386728;-0.44629086767987125;-0.12609514457816043;-0.589417326717981;1.0354721230578374;0.02544629866449168;-0.16819205276344487;0.32777776016471;-0.8721398859267278;1
4.025921772251944;0.6609283745453783;1.152423025090944;1.973097458570738;0.6279117711913691;-0.589417326717981;-0.7390712449424469;3.4782870127366694;-2.650411831459358;0.6980183717568551;0.6446789540598579;0
-0.6379084176220242;-0.047881288208674114;-1.0228043171976888;-1.1061240475664011;-0.3617223057561386;-1.0989409117559121;-0.8341360682281764;0.31228102883032127;0.03306901037406022;1.2163552279858583;-0.7773387084275665;1
-0.07600116582998039;-1.5222053867371033;0.3755561171307181;0.1035701155589035;-0.40884773799173424;0.022010975327536247;0.02144734134338917;-0.4237477127273461;0.5697651787407445;0.9942108610305711;0.8342813090581821;1
2.0030556658005843;-0.841748110493213;1.152423025090944;0.32351450885441363;0.7692880678981561;-0.3856078927028086;-0.13699403079949335;1.989993601498632;-1.0403233263593052;-0.2646072183827214;-0.11373046593343415;0
1.2725762384709263;2.7873573628075357;0.8416762619068536;0.5434589021499232;-0.2674714412849473;1.0410581454033982;1.3206665929150259;0.9075983933255244;-1.5770194947259895;-0.5607997076564374;-0.3033328209317584;1
1.0478133377541083;-1.3520910676761309;1.9810810602485187;-0.00640208108885155;-0.314596873520543;-0.9970361947483258;-0.929200891513906;-0.5806950179124533;-0.6378012000842921;-0.11651097374586332;1.3082871965539902;1
-0.019810440650775155;0.6892807610555405;-0.8674309356056437;0.5434589021499232;0.3451591777777953;0.12391569233512245;-0.20037057965664637;0.7073552798135098;-0.16819205276344487;-0.7088959522932946;-0.8721398859267278;0
-0.3007640665467978;1.6532619024010515;0.11660048114397589;2.0830696552184924;0.06240658436422213;0.5315345603654673;0.5601480066291897;-0.16397286276584117;-1.0403233263593052;-0.8569921969301527;-0.9669410634258891;0
-0.7502898679804332;0.5191664419945677;-0.8674309356056437;-1.1061240475664011;-0.5030986024629255;1.1429628624109844;0.5284597322006133;-0.3912758564821805;-0.2352790738092819;-0.2646072183827214;-1.1565434184242134;0
0.9354318873956998;0.17893780387262287;-0.1423551548427661;-0.22634647438436117;-0.12609514457816043;0.3277251263502949;0.3700183600577307;1.28643671618613;-0.9061492842676342;-0.6348478299748657;-0.3033328209317584;1
0.6544782614996776;-0.8984528835135372;1.3077964066829895;-0.44629086767987125;0.2980337455421997;-0.3856078927028086;0.1482004390576952;-0.32092016795094835;-0.16819205276344487;-0.48675158533800844;0.6446789540598579;1
0.261143185245247;0.12223303085229863;-1.178177698789734;-0.22634647438436117;1.7589221448456631;-0.18179845868763617;0.3066418112005777;-0.2830363356648818;-0.7048882211301291;-0.3386553407011504;0.45507659906153525;1
0.9354318873956998;-1.1819767486151582;1.670334297064428;-0.22634647438436117;-0.2203460090493517;-1.3027503457710845;-0.992577440371059;1.448795997412078;-0.7719752421759631;0.9942108610305711;-0.7773387084275665;0
1.7782927650837663;0.06552825783197438;2.291827823432609;2.1930418518662482;1.9945493060236414;-0.9970361947483258;-0.992577440371059;0.9075983933255244;-2.04662864204684;1.3644514726227155;1.3082871965539902;1
1.8344834902629705;-1.1819767486151582;1.4631697882750347;0.43348670550216817;-0.031844280106969144;1.9582005984716744;0.6552128299149192;1.881754080681333;0.03306901037406022;2.0308845734885765;0.36027542156237397;1
-0.469336242084411;0.12223303085229863;-0.1423551548427661;-0.44629086767987125;-0.17322057681375605;-0.589417326717981;-0.5806298727995645;0.853478632916875;0.9052002839699236;0.9942108610305711;-0.8721398859267278;1
1.2163855132917218;0.349052122933595;1.152423025090944;-0.3363186710321162;-0.5502240346985205;-0.18179845868763617;0.02144734134338917;1.28643671618613;-0.10110503171761084;-0.6348478299748657;-0.7773387084275665;0
1.3287669636501305;-0.558224245391592;0.6345117531174601;-0.22634647438436117;1.1462915257829205;-0.7932267607331535;-0.4538767750852584;1.0158379141428833;-2.851672894596863;-1.0791365638854398;-0.7773387084275665;0
-0.694099142801229;0.8593950801165132;-1.0228043171976888;-0.5562630643276263;-0.314596873520543;0.022010975327536247;0.1482004390576952;0.06874210699139915;0.4355911366490734;-0.9310403192485817;-0.8721398859267278;0
1.2163855132917218;-1.6356149327777518;1.0488407706962473;-0.3363186710321162;-0.738725763640903;-0.9970361947483258;-0.7073829705138704;0.5828798308736282;-1.1074103474051422;1.8827883288517187;0.5498777765606966;1
0.261143185245247;0.4057568959539192;0.11660048114397589;-0.22634647438436117;0.7692880678981561;-1.0989409117559121;-0.992577440371059;1.1240774349601819;0.30141709455740234;-1.1531846862038688;-1.2513445959233747;0
0.37352463560365545;1.6532619024010515;-0.66026642681625;0.21354231220665856;0.3451591777777953;-0.6913220437255672;-0.7390712449424469;0.9075983933255244;0.5026781576949104;-0.11651097374586332;-0.5877363534292422;0
-0.019810440650775155;-1.5222053867371033;0.7898851347095052;-0.44629086767987125;-0.07896971234256478;-0.4875126097103948;-0.6123181472281409;0.3664007892389706;-0.7048882211301291;1.1423071056674292;-0.9669410634258891;1
-0.694099142801229;-0.558224245391592;0.7898851347095052;3.402736014991552;-0.5502240346985205;1.346772296426157;2.6198858444866624;0.31228102883032127;0.7039392208324156;0.549922127119997;0.07587188906488843;0
-0.9750527686972511;0.17893780387262287;-0.66026642681625;-0.00640208108885155;-0.8329766281120944;-0.28370317569522235;-0.5489415983709879;-1.4899069927778708;0.7039392208324156;-0.19055909606429233;1.2134860190548271;1
0.4859060859620639;-1.2386815216354823;0.4791383715254148;-0.22634647438436117;-0.12609514457816043;-0.4875126097103948;-0.4855650495138349;-0.3100962158692065;0.10015603141989723;1.5865958395780024;1.4978895515523127;1
-0.9750527686972511;1.993490540522997;-1.178177698789734;-0.22634647438436117;-0.738725763640903;-0.3856078927028086;-0.8341360682281764;-0.19644471901100677;1.441896452336605;-0.6348478299748657;-0.49293517593008096;0
-1.1998156694140685;-0.047881288208674114;-0.9710131900003405;2.1930418518662482;-0.5030986024629255;-0.4875126097103948;-0.4538767750852584;-0.1423249586023574;1.643157515474113;-0.11651097374586332;1.1186848415556658;1
1.1601947881125176;-0.047881288208674114;0.9452585163015506;-0.44629086767987125;-0.07896971234256478;-0.9970361947483258;-1.055953989228212;0.5504079746284025;-0.6378012000842921;0.8461146163937131;0.9290824865573434;1
0.8230504370372913;0.7459855340758648;0.6345117531174601;0.8733754920931884;0.06240658436422213;0.5315345603654673;0.4017066344863072;1.1781971953688313;0.36850411560323937;0.475874004801568;1.0238836640565045;1
2.396390742055015;-1.2386815216354823;2.343618950629957;-0.22634647438436117;-0.4559731702273299;-0.9970361947483258;-0.5489415983709879;1.0699576745515325;-2.9187599156427;1.2904033503042864;-0.5877363534292422;1
0.9354318873956998;-0.3881099263306193;0.8934673891042021;0.5434589021499232;-0.7858511958764988;-1.2008456287634983;-1.2143953613710945;0.009210370541848803;0.10015603141989723;-0.19055909606429233;1.6874919065506353;1
-0.07600116582998039;-0.841748110493213;0.27197386273602125;0.1035701155589035;-0.07896971234256478;0.8372487113882259;0.7819659276292252;-0.261388431501398;-0.30236609485511595;1.5125477172595734;0.5498777765606966;1
2.452581467234219;0.349052122933595;0.9452585163015506;-0.11637427773660661;0.015281152128626496;-0.4875126097103948;-0.7707595193710235;1.7735145598640343;-2.1137156630926737;0.401825882483139;-1.0617422409250503;1
2.0030556658005843;-0.558224245391592;2.032872187445867;0.7634032954454333;1.2876678224897073;-0.589417326717981;-0.7390712449424469;1.7735145598640343;-1.1074103474051422;1.5125477172595734;-0.018929288434272863;1
-0.6379084176220242;0.575871215014892;-1.2299688259870825;-0.22634647438436117;-0.07896971234256478;0.12391569233512245;1.3206665929150259;0.39346066944329533;1.441896452336605;-0.48675158533800844;-0.5877363534292422;1
0.37352463560365545;-0.5015194723712678;1.152423025090944;-0.00640208108885155;-0.17322057681375605;1.0410581454033982;2.3663796490580506;0.5828798308736282;-0.570714179038458;-0.48675158533800844;-1.1565434184242134;0
-0.18838261618838884;-0.44481469935094353;-0.1941462820401144;-0.22634647438436117;0.5807863389557735;0.022010975327536247;-0.5489415983709879;-0.2830363356648818;-0.7048882211301291;-1.1531846862038688;-0.2085316434325971;1
3.0706794442054686;-0.21799560726964687;2.0846633146432154;0.6534310987976782;0.5336609067201779;-0.9970361947483258;-0.992577440371059;1.0158379141428833;-1.9795416210010026;2.1049326958070056;1.4978895515523127;1
0.14876173488683755;-0.047881288208674114;0.5827206259201116;-0.996151850918646;0.6750372034269648;-1.0989409117559121;-0.8975126170853295;-0.034085437785058674;-0.7719752421759631;-0.9310403192485817;-0.9669410634258891;0
-0.1321918910091846;-0.841748110493213;1.1006318978935956;-0.6662352609753811;3.5496885697982963;-1.0989409117559121;-0.929200891513906;0.47464031005632945;-0.10110503171761084;2.993510163628153;-0.9669410634258891;0
-0.9188620435180463;-1.408795840696455;0.06480935394662772;-0.00640208108885155;-3.2834991043630657;2.0601053154792606;1.700925886057944;-3.2920950143861227;-0.369453115900953;-1.893665909388158;1.2134860190548271;1
0.4297153607828597;-0.44481469935094353;0.4273472443280663;-0.00640208108885155;-0.07896971234256478;0.7353439943806397;1.0037838486292607;1.0699576745515325;0.4355911366490734;-0.19055909606429233;-0.8721398859267278;0
0.09257100970763331;-0.33140515331029535;0.01301822674927927;-0.5562630643276263;-1.1157292215256678;0.22582040934270867;-0.2637471285137994;-0.8350578918331774;-1.0403233263593052;1.5125477172595734;0.6446789540598579;1
-0.35695479172600203;0.4057568959539192;-1.0745954443950374;-0.44629086767987125;-0.12609514457816043;0.3277251263502949;-0.16868230522806985;0.1336858194817904;0.5026781576949104;-0.19055909606429233;-0.3033328209317584;1
2.227818566517402;-0.1612908342493226;1.152423025090944;-0.22634647438436117;0.3451591777777953;-1.0989409117559121;-1.0242657147996355;1.881754080681333;-0.8390622632218002;-1.5234252977960134;-0.7773387084275665;0
-0.694099142801229;0.575871215014892;-1.0745954443950374;-0.44629086767987125;0.06240658436422213;-0.7932267607331535;-0.5489415983709879;0.9887780339385585;2.381114746978302;0.623970249438426;-0.7773387084275665;0
0.8792411622164955;0.06552825783197438;-0.038772900448069185;-0.44629086767987125;1.3819186869608988;-0.8951314777407396;0.43339490891488375;0.19862953197218167;-2.516237789367687;2.47517330739915;-0.2085316434325971;0
-1.2560063945932733;0.6325759880352162;-1.281759953184431;-0.00640208108885155;-0.5973494669341162;1.0410581454033982;-0.010240933085187334;-1.7009740583716273;1.0393743260615946;-1.4493771754775844;0.5498777765606966;0
-0.9188620435180463;-1.408795840696455;0.06480935394662772;-0.00640208108885155;-3.2834991043630657;2.0601053154792606;1.700925886057944;-3.2920950143861227;-0.369453115900953;-1.893665909388158;1.2134860190548271;1
-0.3007640665467978;0.4057568959539192;-0.038772900448069185;-0.44629086767987125;-0.07896971234256478;1.5505817304413294;2.6832623933438153;-0.2722123835831399;-0.7048882211301291;-0.9310403192485817;-0.49293517593008096;0
0.5420968111412692;-0.558224245391592;0.8934673891042021;-0.5562630643276263;0.1566574488354134;-0.6913220437255672;-0.7707595193710235;0.19321755593128068;-0.2352790738092819;-0.7088959522932946;-0.8721398859267278;0
-0.24457334136759307;0.29234734991327077;-0.1941462820401144;-0.11637427773660661;-0.2674714412849473;0.7353439943806397;1.510796239486485;0.07415408303224005;-0.7048882211301291;-0.48675158533800844;-0.8721398859267278;1
-0.58171769244282;1.7383190619315378;-1.2299688259870825;-0.3363186710321162;0.48653547448458223;-0.589417326717981;-0.8658243426567529;-0.06655729403022426;0.5026781576949104;-1.3012809308407267;-0.7773387084275665;0
-0.4131455169052068;-0.6716337914322406;-0.66026642681625;0.6534310987976782;0.250908313306604;0.5315345603654673;-0.10530575637091685;-0.17479681484758305;0.03306901037406022;-0.5607997076564374;0.07587188906488843;1
-0.019810440650775155;0.4057568959539192;-0.09056402764541763;-0.22634647438436117;1.7117967126100675;-0.6913220437255672;-0.2637471285137994;-0.3046842398283055;-1.1074103474051422;-0.8569921969301527;-0.5877363534292422;0
-0.4131455169052068;-0.21799560726964687;0.3237649899333697;-0.5562630643276263;-0.3617223057561386;1.1429628624109844;1.2256017696292962;0.1823936038495388;0.6368521997865815;-0.48675158533800844;-1.346145773422536;0
-0.3007640665467978;1.171271331728296;-0.9710131900003405;-0.00640208108885155;0.48653547448458223;-0.589417326717981;-0.16868230522806985;0.3664007892389706;-0.503627157992621;0.475874004801568;-0.5877363534292422;1
0.8792411622164955;0.06552825783197438;0.9452585163015506;-0.11637427773660661;-0.5030986024629255;0.022010975327536247;-0.20037057965664637;1.28643671618613;0.5026781576949104;-0.19055909606429233;-0.9669410634258891;0
-0.019810440650775155;0.4624616689742435;0.16839160834132433;-0.3363186710321162;0.10953201659981777;-0.4875126097103948;0.11651216462911869;0.2581612684216719;0.5697651787407445;-0.2646072183827214;-0.2085316434325971;1
-0.58171769244282;-0.841748110493213;-0.2977285364348113;-0.44629086767987125;-0.07896971234256478;-0.8951314777407396;-0.3588119517995289;-0.33715609607353114;0.10015603141989723;-1.3012809308407267;-0.8721398859267278;0
1.2163855132917218;-0.7850433374728887;0.997049643498899;-0.22634647438436117;-0.314596873520543;-0.18179845868763617;-0.6123181472281409;-0.4020998085639224;-1.7111935368176605;1.4384995949411445;0.9290824865573434;1
-1.4245785701308864;-1.3520910676761309;-0.038772900448069185;-0.7762074576231361;-0.88010206034769;-1.3027503457710845;-1.119330538085365;-2.8266650748716424;0.5026781576949104;-0.7829440746117237;2.9199072140397373;1
-0.5255269672636153;1.1996237182384581;-1.0228043171976888;-0.7762074576231361;0.2037828810710084;-0.07989374168004997;0.053135615771965676;-0.9216495084869923;-1.3086714105426474;-1.2272328085222979;-0.3981339984309197;0
-0.6379084176220242;0.944452239646999;-0.7120575540135985;-0.44629086767987125;-0.2674714412849473;-0.3856078927028086;-0.8341360682281764;-0.6835225626889111;-0.16819205276344487;-0.7829440746117237;-0.3033328209317584;0
0.7106689866788819;0.17893780387262287;0.2201827355386728;0.43348670550216817;0.3451591777777953;-0.07989374168004997;-0.010240933085187334;0.6369995912822776;-1.3757584315884843;2.0308845734885765;-0.3981339984309197;1
-0.019810440650775155;0.4057568959539192;-0.09056402764541763;-0.22634647438436117;1.7117967126100675;-0.6913220437255672;-0.2637471285137994;-0.3046842398283055;-1.1074103474051422;-0.8569921969301527;-0.5877363534292422;0
2.733535093130241;-0.3881099263306193;1.3077964066829895;-0.22634647438436117;-0.5030986024629255;-0.3856078927028086;-0.3588119517995289;2.0982331223159307;-1.4428454526343184;-0.6348478299748657;-1.346145773422536;1
-0.4131455169052068;-0.558224245391592;0.2201827355386728;-0.3363186710321162;-0.5973494669341162;-0.28370317569522235;0.8770307509149547;-0.49951537729947926;-0.369453115900953;-0.7829440746117237;-0.49293517593008096;1
-0.469336242084411;0.575871215014892;-0.763848681210947;2.962847228400532;1.3819186869608988;3.4867713535854676;2.017808630343709;0.853478632916875;-0.369453115900953;0.9201627387121422;-0.9669410634258891;0
0.31733391042445125;-1.1819767486151582;0.2201827355386728;-0.44629086767987125;0.2980337455421997;-0.3856078927028086;-0.8658243426567529;-0.5536351377081286;-0.9732363053134713;-0.7088959522932946;-0.018929288434272863;1
0.8230504370372913;-0.44481469935094353;0.5827206259201116;0.1035701155589035;-0.031844280106969144;1.8562958814640882;0.6235245554863428;0.2906331246668976;-1.1074103474051422;-0.48675158533800844;-0.5877363534292422;0
-0.8064805931596374;1.1996237182384581;-1.2299688259870825;-0.11637427773660661;-1.3042309504680505;-0.8951314777407396;-0.9608891659424824;-0.8891776522418268;0.9052002839699236;-0.11651097374586332;1.0238836640565045;1
0.8792411622164955;1.1996237182384581;0.06480935394662772;0.21354231220665856;-0.17322057681375605;0.5315345603654673;0.9720955742006843;0.6911193516909269;-0.2352790738092819;-1.0050884415670107;-0.5877363534292422;0
-0.8626713183388421;0.349052122933595;-1.0745954443950374;3.952596998230327;-1.021478357054477;-0.4875126097103948;-0.8975126170853295;-0.2830363356648818;0.6368521997865815;-0.4127034630195794;0.36027542156237397;1
-0.58171769244282;2.1636048595839696;-0.8674309356056437;-0.6662352609753811;-0.3617223057561386;0.42962984335788107;0.3066418112005777;-0.0016135815398330017;0.2343300735115683;-0.6348478299748657;-1.1565434184242134;0
-0.8626713183388421;0.575871215014892;-1.0228043171976888;-0.3363186710321162;0.3451591777777953;-0.4875126097103948;-0.07361748194234034;-0.7701141793427861;1.0393743260615946;-0.7088959522932946;-0.018929288434272863;1
1.7782927650837663;0.349052122933595;1.670334297064428;0.21354231220665856;0.250908313306604;-0.28370317569522235;0.08482389020054218;1.1240774349601819;-0.9061492842676342;0.031585270890994714;0.5498777765606966;1
-0.07600116582998039;-0.7283385644525645;0.8934673891042021;0.43348670550216817;0.3451591777777953;-0.4875126097103948;-0.10530575637091685;0.4205205496476801;1.441896452336605;-0.2646072183827214;0.07587188906488843;1
-1.5369600204892955;-0.1612908342493226;-0.9192220628029921;-0.11637427773660661;-1.5398581116460284;0.12391569233512245;1.6692376116293675;-1.636030345881236;2.11276666279496;-0.11651097374586332;2.445901326543929;0
-0.6379084176220242;-0.841748110493213;0.16839160834132433;-0.6662352609753811;-0.40884773799173424;1.5505817304413294;0.7502776532006488;0.06874210699139915;0.7039392208324156;-0.4127034630195794;-0.8721398859267278;1
-0.9188620435180463;-0.3881099263306193;-0.1423551548427661;-0.7762074576231361;-0.2203460090493517;0.22582040934270867;-0.3905002262281054;-1.040712981386033;0.5026781576949104;-0.3386553407011504;0.1706730665640497;1
-0.35695479172600203;2.4754811111957524;-0.8674309356056437;-0.3363186710321162;1.4290441191964944;-0.4875126097103948;-0.7707595193710235;-0.22891657525623244;-0.369453115900953;-1.0791365638854398;-0.8721398859267278;0
0.03638028452842908;-0.047881288208674114;-0.24593740923746285;0.32351450885441363;0.10953201659981777;-1.2008456287634983;-0.8975126170853295;0.05250617886881636;-0.369453115900953;-0.5607997076564374;-0.49293517593008096;1
-0.3007640665467978;0.17893780387262287;-0.40131079082950805;-0.44629086767987125;-0.031844280106969144;0.12391569233512245;1.954432081486556;-0.2830363356648818;0.03306901037406022;-0.7829440746117237;-0.8721398859267278;0
-0.019810440650775155;0.06552825783197438;-0.1423551548427661;1.093319885388698;-0.2674714412849473;0.022010975327536247;2.0811851792008618;0.47464031005632945;-0.30236609485511595;-0.2646072183827214;-0.9669410634258891;0
-1.7617229212061127;-0.21799560726964687;-0.038772900448069185;-0.11637427773660661;0.39228461001339093;0.7353439943806397;0.8770307509149547;-0.7701141793427861;2.649462831161644;-0.19055909606429233;1.6874919065506353;1
-0.019810440650775155;-1.2386815216354823;0.6345117531174601;-0.00640208108885155;-0.17322057681375605;0.12391569233512245;-0.10530575637091685;-1.2355441188572067;-0.03401801067177382;0.9201627387121422;1.971895439048121;1
-0.469336242084411;-0.10458606122899836;-1.281759953184431;-0.7762074576231361;0.10953201659981777;-0.28370317569522235;-0.4855650495138349;-0.7268183710158186;0.30141709455740234;-0.7829440746117237;0.07587188906488843;1
-0.1321918910091846;1.426442810319755;-0.1941462820401144;0.21354231220665856;-1.0686037892900726;-1.0989409117559121;-0.992577440371059;0.1499217476043732;0.36850411560323937;-0.6348478299748657;0.8342813090581821;0
1.1601947881125176;-0.6716337914322406;1.4631697882750347;0.8733754920931884;-0.2674714412849473;0.6334392773730535;0.24326526234342472;1.5570355182294369;-1.1074103474051422;1.8087402065332896;-0.49293517593008096;1
-0.3007640665467978;-1.1819767486151582;0.8934673891042021;0.32351450885441363;1.0520406613117292;-0.7932267607331535;-0.929200891513906;0.3231049809120632;0.10015603141989723;0.9942108610305711;0.5498777765606966;1
-0.8626713183388421;0.17893780387262287;-0.24593740923746285;-0.6662352609753811;-0.3617223057561386;-0.07989374168004997;-0.7073829705138704;-1.2680159751023723;0.5697651787407445;1.2904033503042864;0.7394801315590191;1
1.2163855132917218;-1.6356149327777518;1.0488407706962473;-0.3363186710321162;-0.738725763640903;-0.9970361947483258;-0.7073829705138704;0.5828798308736282;-1.1074103474051422;1.8827883288517187;0.5498777765606966;1
-0.8064805931596374;-0.7283385644525645;-0.66026642681625;-0.00640208108885155;0.1566574488354134;0.5315345603654673;-0.20037057965664637;0.04168222678707447;0.7710262418782525;-0.11651097374586332;-0.6825375309284052;1
-0.4131455169052068;-0.6716337914322406;1.152423025090944;-0.44629086767987125;0.2980337455421997;0.022010975327536247;-0.10530575637091685;0.6911193516909269;1.1064613471074287;-0.042462851427434306;-1.2513445959233747;0
-0.8626713183388421;0.4624616689742435;-1.178177698789734;-0.996151850918646;-1.1628546537612634;-1.0989409117559121;-1.1510188125139416;-0.7971740595471108;0.7039392208324156;-0.3386553407011504;-0.8721398859267278;0
-0.8626713183388421;0.5191664419945677;-0.9710131900003405;-0.5562630643276263;-0.6444748991697118;1.2448675794185708;-0.2637471285137994;-0.11526507839803271;0.7039392208324156;1.2904033503042864;-0.8721398859267278;1
-0.3007640665467978;0.17893780387262287;-0.40131079082950805;-0.6662352609753811;1.0520406613117292;-0.3856078927028086;0.02144734134338917;-0.17479681484758305;-0.8390622632218002;2.1049326958070056;-0.8721398859267278;0
3.183060894563877;-0.6716337914322406;1.8774988058538218;1.5332086719797178;0.3451591777777953;-0.9970361947483258;0.02144734134338917;2.5311912055852455;-2.04662864204684;1.2163552279858583;0.36027542156237397;1
1.0478133377541083;0.8026903070961889;0.6345117531174601;-0.5562630643276263;-1.3042309504680505;-0.9970361947483258;-0.929200891513906;0.47464031005632945;-0.9732363053134713;-1.3012809308407267;-0.3981339984309197;0
0.5420968111412692;-0.9551576565338614;0.6345117531174601;-0.996151850918646;-0.07896971234256478;2.5696289005171917;0.2749535367720012;-0.10985310235719181;1.0393743260615946;0.623970249438426;0.45507659906153525;1
-0.3007640665467978;1.993490540522997;-1.3853422075791277;0.21354231220665856;0.7692880678981561;0.9391534283958122;0.6552128299149192;0.04168222678707447;-0.7719752421759631;0.2537296378462818;-0.5877363534292422;0
-0.469336242084411;0.008823484811650135;-1.0745954443950374;0.21354231220665856;0.2037828810710084;0.42962984335788107;-0.07361748194234034;-0.12067705443887362;0.4355911366490734;-0.4127034630195794;0.265474244063211;1
-0.35695479172600203;0.4624616689742435;-0.4531019180268565;-0.00640208108885155;0.06240658436422213;-0.9970361947483258;-0.8341360682281764;-0.22891657525623244;-0.16819205276344487;-0.3386553407011504;-0.2085316434325971;1
1.3287669636501305;-0.7283385644525645;1.1006318978935956;-0.3363186710321162;2.041674738259237;-0.07989374168004997;0.08482389020054218;0.6911193516909269;-1.9124545999551685;1.2163552279858583;-0.6825375309284052;1
0.4859060859620639;0.06552825783197438;0.2201827355386728;-0.11637427773660661;1.4290441191964944;-0.4875126097103948;-0.2637471285137994;0.14450977156353229;-0.503627157992621;-0.6348478299748657;0.45507659906153525;0
-0.8626713183388421;-0.1612908342493226;-0.8156398084082954;-0.996151850918646;-0.314596873520543;0.022010975327536247;0.08482389020054218;-0.6889345387298121;0.30141709455740234;1.0682589833490002;-0.8721398859267278;0
-0.694099142801229;0.17893780387262287;-0.66026642681625;-0.886179654270891;-0.17322057681375605;-0.8951314777407396;-0.8975126170853295;-0.434571664809088;-0.30236609485511595;-0.19055909606429233;-1.0617422409250503;0
1.4411484140085398;-0.8984528835135372;1.6185431698670796;1.7531530652752279;-0.5030986024629255;0.12391569233512245;0.5918362810577662;1.4217361172077534;-0.6378012000842921;0.9942108610305711;-0.3033328209317584;0
-0.18838261618838884;3.6946337311327224;-0.2977285364348113;-0.5562630643276263;0.06240658436422213;-0.18179845868763617;-0.16868230522806985;-0.7592902272610442;0.1672430524657313;-1.3012809308407267;0.07587188906488843;0
0.7106689866788819;0.06552825783197438;0.7898851347095052;-0.00640208108885155;-0.031844280106969144;0.9391534283958122;0.1798887134862717;0.1499217476043732;-0.7719752421759631;0.475874004801568;0.9290824865573434;1
-0.7502898679804332;-0.6149290184119163;-0.40131079082950805;-0.11637427773660661;-0.5030986024629255;0.22582040934270867;-0.3271236773709524;-1.0623608855495168;0.5026781576949104;-0.6348478299748657;0.45507659906153525;0
-1.0874342190556596;-0.841748110493213;-0.66026642681625;-0.22634647438436117;-2.05823786623758;-0.07989374168004997;-0.675694696085294;-0.8567057959966011;0.8381132629240866;0.031585270890994714;0.6446789540598579;1
2.0592463909797885;-1.408795840696455;1.152423025090944;-0.5562630643276263;-0.3617223057561386;-0.589417326717981;-0.8024477937996;0.47464031005632945;-2.247889705184345;0.10563339320942373;-0.49293517593008096;1
-0.8626713183388421;-0.33140515331029535;-0.9710131900003405;-0.22634647438436117;-0.8329766281120944;0.22582040934270867;-0.2637471285137994;-0.6456387304028446;-0.10110503171761084;0.031585270890994714;-0.7773387084275665;1
-0.8064805931596374;0.12223303085229863;-0.6084752996189017;-0.22634647438436117;-0.2674714412849473;0.3277251263502949;-0.20037057965664637;-0.33715609607353114;0.6368521997865815;-0.4127034630195794;-0.3033328209317584;0
-1.0312434938764554;0.29234734991327077;-1.3853422075791277;-0.22634647438436117;0.6750372034269648;-1.3027503457710845;-1.055953989228212;-0.6239908262394208;2.045679641749126;-0.19055909606429233;1.0238836640565045;0
2.902107268667855;0.008823484811650135;2.7061568410113965;2.632930638457267;1.8060475770812587;0.7353439943806397;0.9720955742006843;2.747670247219843;-0.9061492842676342;0.9201627387121422;2.445901326543929;0
1.8906742154421747;-0.44481469935094353;1.8774988058538218;-0.22634647438436117;-0.40884773799173424;-0.8951314777407396;-0.7390712449424469;1.63280318280151;-0.7048882211301291;0.32777776016471;0.45507659906153525;1
0.991622612574904;-1.465500613716779;1.4113786610776864;-0.11637427773660661;-0.7858511958764988;-0.8951314777407396;-0.6440064216567174;-0.7647022033018852;-0.9732363053134713;-0.8569921969301527;1.971895439048121;1
-0.5255269672636153;0.6325759880352162;-1.0228043171976888;-0.6662352609753811;0.8635389323693473;-0.7932267607331535;-0.7390712449424469;-0.33715609607353114;-0.10110503171761084;-0.48675158533800844;-0.7773387084275665;0
0.8792411622164955;-0.5015194723712678;0.997049643498899;-0.22634647438436117;0.4394100422489866;-0.589417326717981;-0.16868230522806985;-0.18562076692926488;-0.9061492842676342;0.32777776016471;1.4030883740531515;1
-0.9750527686972511;1.5398523563604036;-1.2299688259870825;5.932096537889916;-0.12609514457816043;-0.9970361947483258;-1.0876422636567884;-0.22891657525623244;1.3748094312907708;-1.0791365638854398;1.6874919065506353;0
-0.019810440650775155;0.17893780387262287;-0.24593740923746285;-0.00640208108885155;0.015281152128626496;-0.589417326717981;1.257290044057873;0.853478632916875;0.36850411560323937;-0.19055909606429233;-0.8721398859267278;0
1.8344834902629705;-0.6716337914322406;1.6185431698670796;0.43348670550216817;0.6750372034269648;0.9391534283958122;1.7326141604865204;1.903401984844817;-1.2415843894968133;-0.8569921969301527;-0.3981339984309197;0
-0.8064805931596374;-0.44481469935094353;-0.8156398084082954;-0.00640208108885155;-1.822610705059602;-0.9970361947483258;-1.0876422636567884;-1.7226219625351111;-0.10110503171761084;0.031585270890994714;0.9290824865573434;1
-1.1998156694140685;-0.7850433374728887;0.8416762619068536;-0.44629086767987125;-0.5030986024629255;-0.18179845868763617;-0.7073829705138704;-1.3221357355110217;0.9052002839699236;1.6606439618964315;0.7394801315590191;1
-0.5255269672636153;0.9728046261571611;-1.3853422075791277;-0.5562630643276263;-0.2674714412849473;-0.4875126097103948;-0.3905002262281054;0.5828798308736282;1.3077224102449339;-0.6348478299748657;-0.9669410634258891;0
0.37352463560365545;1.6532619024010515;-1.1263865715923858;-0.00640208108885155;-0.031844280106969144;1.0410581454033982;1.5741727883436378;0.7668870162630601;0.30141709455740234;-0.8569921969301527;-0.3981339984309197;0
-0.5255269672636153;-0.8984528835135372;0.8416762619068536;0.21354231220665856;0.015281152128626496;0.22582040934270867;1.1305369463435668;0.19321755593128068;0.10015603141989723;0.2537296378462818;-0.6825375309284052;1
-0.35695479172600203;0.9160998531368368;-0.24593740923746285;-0.5562630643276263;0.10953201659981777;0.22582040934270867;1.510796239486485;-0.33715609607353114;-0.03401801067177382;-1.2272328085222979;-0.8721398859267278;0
-0.58171769244282;0.349052122933595;-0.038772900448069185;5.272263358003387;-0.5502240346985205;1.9582005984716744;2.3663796490580506;0.7452391120995763;0.36850411560323937;-1.1531846862038688;-0.9669410634258891;0
-0.469336242084411;-0.21799560726964687;-0.40131079082950805;-0.5562630643276263;-0.2674714412849473;-0.589417326717981;-0.07361748194234034;-0.5536351377081286;0.5026781576949104;-0.7829440746117237;-0.6825375309284052;0
-0.6379084176220242;0.5191664419945677;-1.0745954443950374;0.32351450885441363;-0.2203460090493517;-0.07989374168004997;1.2256017696292962;0.3988726454841963;1.3077224102449339;-0.7829440746117237;-0.8721398859267278;0
2.0592463909797885;-0.7850433374728887;2.032872187445867;0.6534310987976782;0.5336609067201779;-0.3856078927028086;-0.5172533239424114;1.5570355182294369;-0.9061492842676342;-0.11651097374586332;0.36027542156237397;1
-0.35695479172600203;0.5191664419945677;-1.178177698789734;1.5332086719797178;0.10953201659981777;0.9391534283958122;-0.04192920751376384;0.5828798308736282;0.1672430524657313;-0.8569921969301527;-0.8721398859267278;0
-0.6379084176220242;0.7176331475657026;-1.2299688259870825;-0.6662352609753811;-0.17322057681375605;-0.8951314777407396;-1.0876422636567884;-0.4616315450134127;0.1672430524657313;-1.893665909388158;-0.8721398859267278;0
0.261143185245247;-1.465500613716779;0.6345117531174601;-0.44629086767987125;0.8635389323693473;0.42962984335788107;-0.6123181472281409;-0.6835225626889111;-1.1074103474051422;0.32777776016471;0.7394801315590191;1
-0.6379084176220242;-0.841748110493213;0.5827206259201116;0.43348670550216817;-0.6444748991697118;0.7353439943806397;-0.13699403079949335;-1.7117980104533692;0.1672430524657313;0.549922127119997;2.351100149044768;1
1.5535298643669484;-1.2386815216354823;1.3595875338803378;-0.22634647438436117;-1.021478357054477;-1.3027503457710845;-1.1510188125139416;-0.5428111856263867;-1.9795416210010026;1.3644514726227155;0.45507659906153525;1
-0.6379084176220242;-0.9551576565338614;0.997049643498899;-0.3363186710321162;-0.3617223057561386;0.8372487113882259;-0.07361748194234034;-0.7484662751793024;0.5697651787407445;1.5125477172595734;0.5498777765606966;1
0.37352463560365545;1.5398523563604036;-0.763848681210947;-0.00640208108885155;0.06240658436422213;-0.7932267607331535;-0.5806298727995645;0.8859504891621007;0.10015603141989723;0.031585270890994714;-0.018929288434272863;1
-1.2560063945932733;0.008823484811650135;-0.9710131900003405;-0.5562630643276263;-0.2203460090493517;0.8372487113882259;-0.04192920751376384;-0.780938131424468;1.911505599657455;0.2537296378462818;-0.11373046593343415;1
-0.07600116582998039;0.6325759880352162;0.01301822674927927;-0.44629086767987125;0.6279117711913691;-1.0989409117559121;0.9720955742006843;0.40428462152503725;-1.2415843894968133;-0.19055909606429233;-1.2513445959233747;1
-1.0874342190556596;1.4831475833400793;-1.178177698789734;-0.22634647438436117;-0.9743529248188812;-0.4875126097103948;-0.929200891513906;-0.45621956897257177;1.441896452336605;0.031585270890994714;-0.018929288434272863;1
-0.3007640665467978;-0.047881288208674114;-0.09056402764541763;-0.5562630643276263;-0.031844280106969144;-0.18179845868763617;-0.2637471285137994;0.9075983933255244;0.7710262418782525;0.031585270890994714;-1.346145773422536;1
-0.07600116582998039;0.2356425768929465;-0.038772900448069185;-0.22634647438436117;-1.021478357054477;1.2448675794185708;0.5918362810577662;-0.4453956168908299;-0.10110503171761084;-1.5974734201144425;-0.3033328209317584;0
-0.5255269672636153;-0.1612908342493226;1.0488407706962473;-0.44629086767987125;0.2037828810710084;0.5315345603654673;0.8453424764863783;0.1499217476043732;0.30141709455740234;-0.5607997076564374;-1.2513445959233747;0
-0.4131455169052068;-0.558224245391592;0.11660048114397589;-0.3363186710321162;-0.314596873520543;0.3277251263502949;0.6235245554863428;0.24733731633993003;0.5697651787407445;-0.042462851427434306;-0.8721398859267278;0
-0.8626713183388421;-0.2747003802899711;-0.09056402764541763;-0.44629086767987125;-0.2674714412849473;1.346772296426157;0.4650831833434602;-0.7701141793427861;0.1672430524657313;-0.3386553407011504;-0.018929288434272863;0
1.4411484140085398;-1.1819767486151582;1.3077964066829895;-0.6662352609753811;2.3715527639084066;0.12391569233512245;-0.07361748194234034;0.33392893299380505;-0.2352790738092819;0.9201627387121422;1.0238836640565045;1
-1.1436249442348643;0.4057568959539192;-0.8674309356056437;-0.886179654270891;-1.586983543881624;-0.3856078927028086;-0.6440064216567174;-1.982396812496616;1.576070494428276;-1.0050884415670107;1.592690729051474;0
0.31733391042445125;-1.6356149327777518;0.6345117531174601;-0.886179654270891;-0.3617223057561386;-1.3027503457710845;-1.1510188125139416;0.1390977955226313;-1.3086714105426474;-0.4127034630195794;-0.8721398859267278;1
-0.35695479172600203;-0.7850433374728887;-0.763848681210947;-0.7762074576231361;0.7221626356625604;0.3277251263502949;-0.6123181472281409;-0.4129237606456643;-1.0403233263593052;-1.1531846862038688;-0.9669410634258891;0
1.0478133377541083;-1.6923197057980761;0.5309294987227632;-0.22634647438436117;-1.1628546537612634;-0.18179845868763617;-0.3271236773709524;-0.31550819191004736;-0.570714179038458;-1.1531846862038688;-1.0617422409250503;0
-0.58171769244282;-0.7850433374728887;0.2201827355386728;-0.00640208108885155;-0.3617223057561386;-0.6913220437255672;-0.010240933085187334;-0.2830363356648818;0.6368521997865815;-0.7829440746117237;-0.9669410634258891;1
-0.6379084176220242;0.575871215014892;-1.3853422075791277;-0.5562630643276263;0.7221626356625604;-0.18179845868763617;-0.2637471285137994;0.01462234658274979;0.36850411560323937;-0.48675158533800844;-1.346145773422536;1
-0.3007640665467978;0.4057568959539192;-0.66026642681625;-0.00640208108885155;0.2037828810710084;-1.3027503457710845;-0.992577440371059;0.4205205496476801;0.7039392208324156;-0.3386553407011504;0.36027542156237397;1
0.09257100970763331;-1.0685672025745097;0.6863028803148086;2.5229584418095126;-1.2571055182324549;-1.3027503457710845;-1.182707086942518;0.3555768371572888;0.4355911366490734;0.10563339320942373;1.1186848415556658;1
-0.24457334136759307;-1.975843570899697;0.6863028803148086;-0.6662352609753811;-0.9272274925832856;-0.8951314777407396;-0.8341360682281764;-1.4195513042466386;-0.2352790738092819;0.401825882483139;0.6446789540598579;0
-0.35695479172600203;1.0578617856876475;-1.3335510803817794;-0.3363186710321162;-0.8329766281120944;1.5505817304413294;-0.10530575637091685;-1.630618369840395;0.6368521997865815;-0.5607997076564374;1.3082871965539902;1
-0.6379084176220242;0.06552825783197438;0.01301822674927927;0.21354231220665856;0.10953201659981777;-0.3856078927028086;1.0037838486292607;-0.17479681484758305;0.5026781576949104;0.475874004801568;0.5498777765606966;0
-0.7502898679804332;-0.558224245391592;-1.281759953184431;-0.5562630643276263;-0.07896971234256478;-0.07989374168004997;-0.5806298727995645;-0.9757692688956418;0.2343300735115683;1.2163552279858583;0.1706730665640497;1
-0.9188620435180463;0.5191664419945677;-0.2977285364348113;-0.5562630643276263;-0.12609514457816043;-0.7932267607331535;0.49677145777203674;0.1499217476043732;1.3748094312907708;-0.48675158533800844;-1.0617422409250503;1
0.31733391042445125;-2.3160722090216423;0.9452585163015506;-0.6662352609753811;-0.314596873520543;-0.589417326717981;-0.8024477937996;-0.6510507064437455;0.6368521997865815;0.8461146163937131;1.4030883740531515;1
-0.694099142801229;1.9651381540128348;-1.1263865715923858;3.6226804082870623;0.015281152128626496;-1.3027503457710845;-1.0242657147996355;0.7344151600178344;0.5697651787407445;-0.9310403192485817;-0.2085316434325971;0
-0.9188620435180463;1.2563284912587824;-0.763848681210947;-0.44629086767987125;0.2037828810710084;-0.3856078927028086;1.067160397486414;-0.49951537729947926;0.4355911366490734;-0.9310403192485817;-0.3033328209317584;0
-0.3007640665467978;0.6609283745453783;-1.3853422075791277;-0.44629086767987125;0.015281152128626496;-0.7932267607331535;-0.9608891659424824;-0.17479681484758305;0.4355911366490734;-0.4127034630195794;-0.5877363534292422;1
-1.5369600204892955;0.7459855340758648;-1.3853422075791277;0.1035701155589035;-0.738725763640903;-0.8951314777407396;-0.992577440371059;-2.252995614539923;1.3748094312907708;-0.48675158533800844;2.351100149044768;0
0.8792411622164955;-1.0118624295541858;0.5827206259201116;-0.996151850918646;-1.1157292215256678;1.5505817304413294;0.02144734134338917;0.020034322623590693;-0.369453115900953;1.2904033503042864;0.1706730665640497;1
-1.1436249442348643;-0.7850433374728887;-0.5566841724215532;-1.1061240475664011;-0.07896971234256478;-0.4875126097103948;-0.7390712449424469;-0.6618746585254274;0.1672430524657313;-0.6348478299748657;-1.0617422409250503;0
-0.694099142801229;-0.047881288208674114;-1.2299688259870825;0.21354231220665856;-0.2674714412849473;0.5315345603654673;1.447419690629332;0.39346066944329533;1.2406353891990998;-0.3386553407011504;-0.5877363534292422;0
-0.6379084176220242;-0.6716337914322406;0.16839160834132433;-0.3363186710321162;0.06240658436422213;1.9582005984716744;0.8136542020578018;0.1499217476043732;0.8381132629240866;-0.9310403192485817;-0.9669410634258891;0
-0.4131455169052068;0.12223303085229863;-0.2977285364348113;-0.22634647438436117;-0.5030986024629255;-0.8951314777407396;-0.5806298727995645;-0.17479681484758305;-0.2352790738092819;-0.7088959522932946;-0.6825375309284052;0
-0.019810440650775155;-0.558224245391592;0.16839160834132433;1.093319885388698;-0.12609514457816043;-0.8951314777407396;-0.3905002262281054;0.6261756392005356;0.30141709455740234;-0.2646072183827214;0.07587188906488843;0
1.94686494062138;-1.125271975594834;1.152423025090944;1.093319885388698;0.5336609067201779;3.8943902216158124;1.067160397486414;1.881754080681333;-0.10110503171761084;0.8461146163937131;0.265474244063211;1
0.6544782614996776;0.2356425768929465;0.01301822674927927;-0.11637427773660661;0.015281152128626496;0.7353439943806397;3.09520996091531;0.5937037829553701;-0.30236609485511595;-0.7088959522932946;-0.9669410634258891;0
1.1601947881125176;0.4624616689742435;1.152423025090944;-0.3363186710321162;5.5760821559289075;-1.0989409117559121;-0.9608891659424824;1.448795997412078;-1.0403233263593052;-0.11651097374586332;-1.9149528384175054;0
-1.1998156694140685;-0.3881099263306193;0.11660048114397589;-0.3363186710321162;-0.3617223057561386;1.6524864474489158;1.637549337200791;-0.5103393293812212;0.10015603141989723;-0.19055909606429233;-0.5877363534292422;0
-0.7502898679804332;0.29234734991327077;-0.763848681210947;-0.5562630643276263;0.4394100422489866;1.8562958814640882;2.46144447234378;-0.607754898116778;0.8381132629240866;-1.2272328085222979;0.07587188906488843;0
-0.07600116582998039;0.349052122933595;-1.3853422075791277;0.1035701155589035;0.5336609067201779;0.3277251263502949;0.3700183600577307;1.881754080681333;1.2406353891990998;0.031585270890994714;-1.0617422409250503;1
-0.694099142801229;0.7459855340758648;-1.3853422075791277;1.6431808686274727;0.2037828810710084;0.12391569233512245;-0.04192920751376384;0.47464031005632945;0.9722873050157577;-0.7829440746117237;-0.8721398859267278;0
-0.8626713183388421;0.575871215014892;-0.763848681210947;1.5332086719797178;0.8164135001337517;0.022010975327536247;2.524821021200933;0.09580198719572383;-0.2352790738092819;-0.2646072183827214;-0.8721398859267278;0
-0.1321918910091846;1.4547951968299173;1.3077964066829895;-0.44629086767987125;1.90029844155245;2.162010032486847;3.3804044307724985;0.09580198719572383;-0.7048882211301291;0.32777776016471;-1.0617422409250503;0
-0.469336242084411;-0.841748110493213;1.566752042669731;-0.11637427773660661;1.1462915257829205;-1.0989409117559121;-1.0876422636567884;-0.36421597627785585;0.30141709455740234;-0.7088959522932946;0.9290824865573434;1
-0.694099142801229;0.6892807610555405;-0.4531019180268565;-0.6662352609753811;-0.5502240346985205;-0.28370317569522235;-0.20037057965664637;0.1499217476043732;0.8381132629240866;-0.3386553407011504;-1.2513445959233747;0
-0.3007640665467978;-0.558224245391592;0.27197386273602125;0.43348670550216817;-0.07896971234256478;1.346772296426157;0.3700183600577307;0.3664007892389706;-0.03401801067177382;-0.042462851427434306;-0.11373046593343415;0
0.7106689866788819;-1.1819767486151582;1.0488407706962473;-1.1061240475664011;-1.2099800859968592;-0.6913220437255672;-0.7073829705138704;0.12286186740004852;-0.6378012000842921;1.2904033503042864;-0.11373046593343415;1
0.2049524600660418;-0.6149290184119163;0.9452585163015506;-0.00640208108885155;-0.4559731702273299;1.6524864474489158;0.4017066344863072;-0.2992722637874646;0.10015603141989723;0.9201627387121422;1.4978895515523127;1
-0.6379084176220242;-0.6716337914322406;0.16839160834132433;-0.3363186710321162;0.06240658436422213;1.9582005984716744;0.8136542020578018;0.1499217476043732;0.8381132629240866;-0.9310403192485817;-0.9669410634258891;0
-0.5255269672636153;-0.047881288208674114;-0.7120575540135985;-0.00640208108885155;-0.17322057681375605;1.8562958814640882;0.4650831833434602;-0.780938131424468;0.7710262418782525;-0.4127034630195794;0.36027542156237397;1
0.5982875363204734;-0.7283385644525645;0.2201827355386728;-0.22634647438436117;0.39228461001339093;-0.28370317569522235;0.49677145777203674;-0.06655729403022426;-1.6441065157718264;-0.11651097374586332;0.07587188906488843;1
-1.1436249442348643;-0.33140515331029535;-1.3853422075791277;-1.1061240475664011;-1.2571055182324549;1.1429628624109844;-0.4221885006566819;-2.4478267520110966;0.9052002839699236;-1.2272328085222979;1.7822930840497984;1
-1.7617229212061127;-1.0685672025745097;-1.3853422075791277;-0.6662352609753811;-1.4927326794104328;1.1429628624109844;0.5284597322006133;-2.772545314462993;2.4482017680241395;1.0682589833490002;3.3939131015355453;1
2.0030556658005843;0.29234734991327077;1.6185431698670796;-0.5562630643276263;-0.5030986024629255;-1.0989409117559121;-0.8975126170853295;0.6911193516909269;-1.5099324736801554;-0.11651097374586332;-0.3981339984309197;1
1.1040040629333134;-1.465500613716779;-0.1423551548427661;-0.3363186710321162;-0.4559731702273299;-0.07989374168004997;-0.4221885006566819;-0.607754898116778;-0.6378012000842921;0.10563339320942373;2.2562989715456063;1
3.0144887190262635;-0.6432814049220784;2.136454441840564;0.5434589021499232;0.1566574488354134;0.12391569233512245;-0.10530575637091685;2.5311912055852455;-1.7111935368176605;1.1423071056674292;-0.3981339984309197;1
-0.4131455169052068;0.06552825783197438;-0.7120575540135985;0.1035701155589035;0.7221626356625604;0.8372487113882259;0.6235245554863428;0.6099397110779529;0.5026781576949104;-0.2646072183827214;-0.9669410634258891;0
0.2049524600660418;1.6532619024010515;-1.281759953184431;-1.326068440861911;-0.5502240346985205;2.0601053154792606;0.053135615771965676;-0.8242339397514356;-0.7719752421759631;-0.48675158533800844;-0.5877363534292422;0
-0.07600116582998039;-0.7850433374728887;0.5827206259201116;-0.996151850918646;-1.1157292215256678;-0.589417326717981;-0.5489415983709879;-0.2830363356648818;-0.369453115900953;0.6980183717568551;-0.5877363534292422;0
-1.2560063945932733;0.349052122933595;-1.3335510803817794;-0.3363186710321162;-1.2099800859968592;-1.0989409117559121;-1.055953989228212;-1.0840087897129405;1.3748094312907708;-0.6348478299748657;0.9290824865573434;0
-0.3007640665467978;0.12223303085229863;0.4273472443280663;-0.22634647438436117;-0.3617223057561386;0.5315345603654673;0.6235245554863428;0.3664007892389706;-0.436540136946787;-0.6348478299748657;-1.1565434184242134;0
0.31733391042445125;-0.1612908342493226;-0.2977285364348113;-0.22634647438436117;0.2980337455421997;0.5315345603654673;-0.23205885408522287;0.10662593927746572;0.10015603141989723;1.3644514726227155;0.6446789540598579;1
-1.1998156694140685;0.9728046261571611;-0.6084752996189017;2.962847228400532;-0.2674714412849473;-0.28370317569522235;-0.6123181472281409;-0.2722123835831399;1.5089834733824419;-0.3386553407011504;1.4030883740531515;1
3.0144887190262635;-0.6432814049220784;2.136454441840564;0.5434589021499232;0.1566574488354134;0.12391569233512245;-0.10530575637091685;2.5311912055852455;-1.7111935368176605;1.1423071056674292;-0.3981339984309197;1
0.14876173488683755;-0.33140515331029535;1.0488407706962473;-0.00640208108885155;-0.3617223057561386;-0.8951314777407396;-0.5489415983709879;0.6369995912822776;-1.5770194947259895;-1.3753290531591553;-0.8721398859267278;0
-0.35695479172600203;0.2356425768929465;-0.2977285364348113;-0.996151850918646;-0.5973494669341162;-1.2008456287634983;-1.182707086942518;-1.1597764542850735;-1.0403233263593052;-0.7829440746117237;-0.5877363534292422;1
1.6097205895461526;0.8026903070961889;1.4631697882750347;-0.11637427773660661;0.10953201659981777;-0.9970361947483258;-1.055953989228212;1.7735145598640343;-0.9732363053134713;0.475874004801568;-0.8721398859267278;1
-0.7502898679804332;0.06552825783197438;-1.3853422075791277;-0.3363186710321162;-0.12609514457816043;2.3658194665020194;0.2749535367720012;-0.607754898116778;0.5026781576949104;1.4384995949411445;0.9290824865573434;1
-0.24457334136759307;-0.558224245391592;-0.2977285364348113;-0.886179654270891;1.1462915257829205;-0.589417326717981;-0.29543540294237586;-0.06655729403022426;-0.9732363053134713;1.9568364511701475;-0.8721398859267278;0
0.5420968111412692;1.0578617856876475;-0.1423551548427661;-0.3363186710321162;-0.5502240346985205;-1.0989409117559121;-0.8341360682281764;-0.06655729403022426;-1.3086714105426474;-0.4127034630195794;-0.49293517593008096;0
0.2049524600660418;1.7666714484416999;-1.3853422075791277;-1.1061240475664011;-0.7858511958764988;0.8372487113882259;-0.4221885006566819;-0.7159944189341367;-0.30236609485511595;-0.7088959522932946;-0.6825375309284052;0
0.5982875363204734;0.349052122933595;-0.66026642681625;-0.44629086767987125;0.10953201659981777;0.9391534283958122;0.053135615771965676;0.7452391120995763;-1.1744973684509763;-0.6348478299748657;-0.6825375309284052;0
-1.5369600204892955;-1.2386815216354823;0.5309294987227632;-1.1061240475664011;-0.3617223057561386;-0.3856078927028086;1.5741727883436378;-0.7159944189341367;0.03306901037406022;-0.48675158533800844;-1.1565434184242134;0
-1.1436249442348643;0.12223303085229863;-0.6084752996189017;-0.6662352609753811;-0.2203460090493517;1.0410581454033982;-0.3588119517995289;-1.9391010041697085;0.03306901037406022;1.2904033503042864;1.1186848415556658;1
0.09257100970763331;0.32069973642343286;-0.4531019180268565;-0.3363186710321162;-0.17322057681375605;-1.0989409117559121;-0.5172533239424114;-0.012437533621574891;-0.7719752421759631;-1.2272328085222979;-0.5877363534292422;1
-0.5255269672636153;0.29234734991327077;-1.3853422075791277;-0.44629086767987125;-0.8329766281120944;-0.8951314777407396;-1.119330538085365;-0.5969309460350962;0.9052002839699236;-0.48675158533800844;0.8342813090581821;1
-0.7502898679804332;-1.6923197057980761;0.6863028803148086;-0.886179654270891;-0.88010206034769;0.5315345603654673;0.6552128299149192;-0.8242339397514356;1.2406353891990998;-0.11651097374586332;0.6446789540598579;0
-0.24457334136759307;0.9160998531368368;-0.2977285364348113;-0.3363186710321162;-0.07896971234256478;1.754391164456502;3.0001451376295805;-0.2830363356648818;-0.436540136946787;-1.0050884415670107;-0.49293517593008096;0
2.284009291696606;-0.7283385644525645;1.256005279485641;-0.44629086767987125;-1.0686037892900726;-0.9970361947483258;-0.7073829705138704;1.448795997412078;-1.8453675789093316;-0.3386553407011504;-1.0617422409250503;1
-0.694099142801229;0.349052122933595;-1.3853422075791277;-0.3363186710321162;0.4394100422489866;-0.6913220437255672;-1.0242657147996355;-0.9974171730591255;0.7039392208324156;-0.7088959522932946;1.0238836640565045;1
-0.5255269672636153;0.4624616689742435;-1.3335510803817794;-0.44629086767987125;-0.3617223057561386;-0.28370317569522235;-0.2637471285137994;0.40969659756593824;1.1064613471074287;0.031585270890994714;-0.5877363534292422;0
0.03638028452842908;0.17893780387262287;-0.9710131900003405;-0.3363186710321162;1.0991660935473249;0.022010975327536247;-0.07361748194234034;-0.49951537729947926;-1.2415843894968133;-0.9310403192485817;0.5498777765606966;0
0.5420968111412692;-0.1612908342493226;0.4791383715254148;-0.6662352609753811;0.10953201659981777;-0.9970361947483258;-0.929200891513906;0.171569651767857;-0.30236609485511595;0.9201627387121422;0.36027542156237397;1
0.03638028452842908;0.6042236015250542;0.4791383715254148;-0.44629086767987125;0.3451591777777953;-0.07989374168004997;0.2749535367720012;0.39346066944329533;-0.03401801067177382;-0.5607997076564374;-0.018929288434272863;0
-1.0312434938764554;2.1069000865636456;-1.3853422075791277;-0.886179654270891;-1.3984818149392417;-0.6913220437255672;-0.929200891513906;-1.1110686699172652;1.2406353891990998;-0.11651097374586332;0.45507659906153525;1
-0.9750527686972511;0.29234734991327077;-1.281759953184431;-0.00640208108885155;-0.5973494669341162;0.3277251263502949;-0.20037057965664637;-1.5440267531865202;0.4355911366490734;0.10563339320942373;2.066696616547282;1
1.8344834902629705;-0.3030527668001332;0.6863028803148086;-1.1061240475664011;0.4394100422489866;-0.9970361947483258;-0.5806298727995645;0.171569651767857;-1.6441065157718264;0.031585270890994714;-0.36653360593123124;1
-0.4131455169052068;0.12223303085229863;-0.2977285364348113;-0.22634647438436117;-0.5030986024629255;-0.8951314777407396;-0.5806298727995645;-0.17479681484758305;-0.2352790738092819;-0.7088959522932946;-0.6825375309284052;0
1.1601947881125176;-0.047881288208674114;0.9452585163015506;-0.44629086767987125;-0.07896971234256478;-0.9970361947483258;-1.055953989228212;0.5504079746284025;-0.6378012000842921;0.8461146163937131;0.9290824865573434;1
-0.18838261618838884;-0.841748110493213;0.8934673891042021;-0.5562630643276263;0.7692880678981561;-0.9970361947483258;-0.992577440371059;-0.607754898116778;-0.10110503171761084;-0.042462851427434306;0.9290824865573434;1
-0.18838261618838884;1.1145665587079718;-0.1423551548427661;0.43348670550216817;0.06240658436422213;-0.589417326717981;0.49677145777203674;0.06874210699139915;0.2343300735115683;-0.6348478299748657;-0.3981339984309197;1
-1.1998156694140685;0.575871215014892;0.2201827355386728;-0.7762074576231361;0.2980337455421997;-0.07989374168004997;0.5601480066291897;0.09580198719572383;0.9722873050157577;1.0682589833490002;-1.0617422409250503;0
2.5087721924134243;-1.2953862946558066;2.4472012050246543;0.21354231220665856;0.6279117711913691;-0.6913220437255672;-0.5806298727995645;1.448795997412078;-0.7719752421759631;0.9201627387121422;0.36027542156237397;1
-0.18838261618838884;-0.6149290184119163;0.27197386273602125;0.1035701155589035;-0.07896971234256478;1.0410581454033982;2.398067923486627;0.6965313277317678;-0.6378012000842921;3.141606408265011;-0.6825375309284052;0
1.1601947881125176;0.12223303085229863;-0.1941462820401144;0.32351450885441363;0.4394100422489866;0.22582040934270867;0.053135615771965676;1.448795997412078;-0.6378012000842921;-0.042462851427434306;-0.11373046593343415;1
1.7782927650837663;-1.2103291351253203;1.4113786610776864;-0.3363186710321162;0.10953201659981777;-1.0989409117559121;-0.992577440371059;1.0699576745515325;-2.247889705184345;0.401825882483139;-1.1565434184242134;1
-0.3007640665467978;-0.1612908342493226;-0.9192220628029921;-0.22634647438436117;1.5704204159032813;-0.589417326717981;-0.13699403079949335;0.20404150801302257;-0.9061492842676342;-0.19055909606429233;-0.8721398859267278;0
-0.9750527686972511;-0.1612908342493226;-1.3335510803817794;-0.996151850918646;-1.021478357054477;0.12391569233512245;-0.6440064216567174;-0.8242339397514356;0.5697651787407445;-0.48675158533800844;-0.5877363534292422;1
-0.7502898679804332;0.9160998531368368;-1.3853422075791277;-0.5562630643276263;1.5232949836676857;-1.3027503457710845;-1.1510188125139416;-0.19644471901100677;0.2343300735115683;-0.3386553407011504;-0.6825375309284052;1
-0.5255269672636153;-0.9551576565338614;0.16839160834132433;-0.6662352609753811;-0.3617223057561386;0.12391569233512245;-0.7073829705138704;-1.3708435198788302;-0.503627157992621;0.401825882483139;0.9290824865573434;1
0.03638028452842908;0.4057568959539192;-0.8674309356056437;-0.22634647438436117;0.1566574488354134;-0.18179845868763617;2.0494969047722855;-0.17479681484758305;-1.1074103474051422;0.10563339320942373;-0.5877363534292422;0
-1.8741043715645218;-0.7283385644525645;1.2042141522882925;2.0830696552184924;-1.6812344083528152;1.346772296426157;1.067160397486414;-3.530221960184204;1.1735483681532657;0.10563339320942373;3.0147083915388984;1
-1.0312434938764554;-0.7283385644525645;-0.8674309356056437;-0.44629086767987125;-0.2674714412849473;1.4486770134337432;0.02144734134338917;-0.6402267543620036;0.30141709455740234;-1.2272328085222979;-0.9669410634258891;1
0.9354318873956998;0.9160998531368368;-0.8156398084082954;-1.1061240475664011;0.10953201659981777;-0.7932267607331535;-0.7073829705138704;-0.5103393293812212;-2.9187599156427;-1.3012809308407267;-0.6825375309284052;0
0.5982875363204734;-0.558224245391592;-0.1423551548427661;0.43348670550216817;0.48653547448458223;-0.18179845868763617;-0.04192920751376384;0.6911193516909269;-0.8390622632218002;0.623970249438426;-0.3981339984309197;1
0.7106689866788819;-1.125271975594834;1.3077964066829895;-0.22634647438436117;-0.3617223057561386;-0.28370317569522235;-0.675694696085294;-0.8837656762009258;0.30141709455740234;0.8461146163937131;1.8770942615489596;1
0.14876173488683755;-1.2103291351253203;0.6863028803148086;-0.22634647438436117;-0.12609514457816043;-1.3027503457710845;-1.2777719102282474;-0.8675297480783429;-0.30236609485511595;0.17968151552785275;1.4030883740531515;1
0.14876173488683755;-0.8984528835135372;1.9810810602485187;4.392485784821347;-0.07896971234256478;-1.3027503457710845;-1.2143953613710945;0.7831229443856429;-0.30236609485511595;-0.48675158533800844;0.5498777765606966;0
0.7106689866788819;-0.6716337914322406;0.5309294987227632;-0.11637427773660661;0.4394100422489866;-0.589417326717981;-0.7390712449424469;0.6153516871187937;-0.503627157992621;-0.6348478299748657;0.07587188906488843;0
2.3402000168758104;0.4057568959539192;1.152423025090944;2.0830696552184924;0.8635389323693473;-1.0989409117559121;-1.0242657147996355;2.314712163950528;-0.436540136946787;0.6980183717568551;1.4030883740531515;1
-0.019810440650775155;-1.125271975594834;0.7898851347095052;-0.11637427773660661;-0.5502240346985205;-0.6913220437255672;-0.8341360682281764;-1.3329596875927636;0.4355911366490734;0.9201627387121422;2.1614977940464435;1
-0.58171769244282;0.12223303085229863;-1.2299688259870825;-0.886179654270891;-0.4559731702273299;0.12391569233512245;-0.13699403079949335;-0.607754898116778;0.36850411560323937;-1.2272328085222979;-1.346145773422536;0
0.7106689866788819;-0.841748110493213;0.2201827355386728;0.1035701155589035;0.6750372034269648;0.022010975327536247;0.08482389020054218;0.7993588725082257;-0.8390622632218002;0.401825882483139;-0.3981339984309197;1
0.8792411622164955;-1.0118624295541858;1.4631697882750347;-0.3363186710321162;-0.9272274925832856;-1.0989409117559121;-1.0242657147996355;0.20404150801302257;-0.369453115900953;1.0682589833490002;0.1706730665640497;0
-0.07600116582998039;0.6042236015250542;-0.8674309356056437;-0.3363186710321162;-0.40884773799173424;0.9391534283958122;0.43339490891488375;-0.18562076692926488;-0.16819205276344487;0.772066494075284;0.45507659906153525;1
0.991622612574904;-0.44481469935094353;-0.1941462820401144;-0.5562630643276263;0.015281152128626496;-0.589417326717981;-0.8975126170853295;0.5504079746284025;-0.6378012000842921;0.031585270890994714;-1.0617422409250503;1
0.09257100970763331;-1.975843570899697;1.256005279485641;-0.7212213592992587;-0.5030986024629255;2.9772477685475365;1.3206665929150259;-0.8025860355879517;0.10015603141989723;0.8461146163937131;1.3082871965539902;1
0.2049524600660418;0.5475188285047299;-0.5566841724215532;-0.44629086767987125;0.9106643646049429;-0.28370317569522235;0.08482389020054218;-0.2830363356648818;-1.1744973684509763;-0.5607997076564374;0.5498777765606966;0
0.7106689866788819;1.993490540522997;0.06480935394662772;-0.00640208108885155;0.2037828810710084;1.4486770134337432;3.1902747842010397;0.6369995912822776;-0.503627157992621;-0.8569921969301527;-0.9669410634258891;0
-0.8626713183388421;0.6325759880352162;-1.2299688259870825;-0.11637427773660661;-0.314596873520543;-0.18179845868763617;-0.4855650495138349;-0.6889345387298121;0.30141709455740234;-0.48675158533800844;-0.018929288434272863;1
-0.18838261618838884;0.8026903070961889;0.16839160834132433;-0.44629086767987125;-1.021478357054477;2.263914749494433;0.49677145777203674;-0.49951537729947926;-0.369453115900953;-0.6348478299748657;-0.2085316434325971;1
0.5420968111412692;-1.1819767486151582;1.566752042669731;-0.44629086767987125;-0.3617223057561386;1.1429628624109844;0.5918362810577662;0.09580198719572383;-0.2352790738092819;1.0682589833490002;0.265474244063211;0
2.0030556658005843;-0.7283385644525645;1.9810810602485187;-0.2813325727082389;-0.6444748991697118;-0.8951314777407396;-0.6123181472281409;1.1240774349601819;-1.7111935368176605;0.2537296378462818;0.8342813090581821;1
-0.18838261618838884;-1.975843570899697;0.5309294987227632;-1.6559850308051758;-1.5398581116460284;2.0601053154792606;1.9861203559151324;-3.6005776487154364;-2.851672894596863;-1.5234252977960134;2.1614977940464435;1
-1.6493414708477039;1.7383190619315378;-0.9710131900003405;-1.326068440861911;-1.6812344083528152;-0.28370317569522235;1.4791079650579084;-2.3395872311937977;1.710244536519947;1.5125477172595734;2.445901326543929;1
-0.58171769244282;0.9160998531368368;0.27197386273602125;-0.22634647438436117;-0.5973494669341162;1.9582005984716744;1.82767898377225;-0.21809262317449055;0.10015603141989723;-1.0050884415670107;-0.8721398859267278;0
-1.3121971197724775;-1.2386815216354823;1.0488407706962473;1.3132642786842081;-0.6916003314053074;0.22582040934270867;-0.13699403079949335;-0.6672866345663283;0.5026781576949104;0.10563339320942373;0.5498777765606966;1
0.5982875363204734;0.4908140554844056;0.06480935394662772;0.8733754920931884;0.250908313306604;0.22582040934270867;0.8136542020578018;1.8276343202726837;-0.03401801067177382;-0.8569921969301527;-0.6825375309284052;0
0.5420968111412692;0.4624616689742435;-0.038772900448069185;1.093319885388698;0.39228461001339093;0.9391534283958122;1.2889783184864494;1.638215158842411;-0.503627157992621;-0.19055909606429233;-0.6825375309284052;0
-0.07600116582998039;-1.408795840696455;1.7221254242617765;0.6534310987976782;1.0520406613117292;-0.589417326717981;-0.7707595193710235;0.8426546808351331;0.5026781576949104;0.2537296378462818;0.1706730665640497;0
-0.5255269672636153;0.008823484811650135;-0.763848681210947;-0.5562630643276263;3.9266920276830612;-1.2008456287634983;-1.0876422636567884;0.1607456996861151;-0.369453115900953;1.5865958395780024;-1.1565434184242134;0
-0.58171769244282;-0.9268052700236994;1.152423025090944;0.1035701155589035;0.2980337455421997;2.3658194665020194;1.891055532629403;-0.06655729403022426;0.30141709455740234;0.9942108610305711;0.5498777765606966;0
1.4411484140085398;-1.1819767486151582;1.3077964066829895;-0.6662352609753811;2.3715527639084066;0.12391569233512245;-0.07361748194234034;0.33392893299380505;-0.2352790738092819;0.9201627387121422;1.0238836640565045;1
-0.8626713183388421;0.349052122933595;-0.8674309356056437;-0.7762074576231361;-0.88010206034769;1.8562958814640882;0.2115769879148482;-0.49951537729947926;0.6368521997865815;0.17968151552785275;-0.6825375309284052;0
-0.9750527686972511;1.8517286079721864;-1.281759953184431;-0.00640208108885155;-0.9272274925832856;-0.07989374168004997;-0.7390712449424469;-0.24515250337881522;1.5089834733824419;-0.3386553407011504;0.5498777765606966;1
2.171627841338197;-1.0685672025745097;1.2042141522882925;-0.00640208108885155;-0.738725763640903;-0.589417326717981;-0.8024477937996;1.7735145598640343;-1.3086714105426474;3.956135753767729;-1.1565434184242134;1
-0.4131455169052068;-0.1612908342493226;0.11660048114397589;-0.11637427773660661;0.2037828810710084;-1.0989409117559121;-1.0242657147996355;-0.9216495084869923;0.03306901037406022;-0.19055909606429233;1.0238836640565045;1
-0.469336242084411;-0.7283385644525645;-0.763848681210947;0.6534310987976782;0.48653547448458223;1.346772296426157;0.2115769879148482;-0.012437533621574891;0.36850411560323937;0.401825882483139;-0.11373046593343415;1
-0.5255269672636153;1.4547951968299173;-0.40131079082950805;3.0728194250482876;0.5807863389557735;0.3277251263502949;1.637549337200791;0.22027743613560535;-1.0403233263593052;-0.9310403192485817;-0.8089391009272836;1
1.7782927650837663;-1.2386815216354823;1.256005279485641;-0.22634647438436117;-0.12609514457816043;-0.18179845868763617;-0.5806298727995645;0.7993588725082257;-1.9124545999551685;2.1049326958070056;-0.5877363534292422;1
3.7449681463559212;-1.8057292518387245;0.8934673891042021;-0.22634647438436117;-0.314596873520543;-0.589417326717981;-0.7073829705138704;1.8005744400684192;-1.6441065157718264;1.4384995949411445;-1.1565434184242134;1
-0.07600116582998039;-1.0685672025745097;0.5827206259201116;0.1035701155589035;-0.07896971234256478;-0.3856078927028086;0.33833008562915423;0.5828798308736282;-0.10110503171761084;-1.3012809308407267;-1.346145773422536;1
-0.469336242084411;0.4057568959539192;-1.2299688259870825;-0.6662352609753811;0.6279117711913691;0.9391534283958122;1.6692376116293675;-0.9324734605687343;0.2343300735115683;-0.7829440746117237;-0.3033328209317584;0
-0.019810440650775155;0.4057568959539192;-0.7120575540135985;0.21354231220665856;0.1566574488354134;-0.9970361947483258;-0.7073829705138704;0.9075983933255244;-0.03401801067177382;-0.4127034630195794;-1.1565434184242134;1
0.8230504370372913;2.560538270726239;0.27197386273602125;-0.11637427773660661;-0.17322057681375605;1.9582005984716744;3.3487161563439223;0.6911193516909269;-0.436540136946787;-1.2272328085222979;-0.9669410634258891;0
-0.8626713183388421;0.9160998531368368;-1.3853422075791277;3.512708211639307;1.9945493060236414;0.5315345603654673;0.3700183600577307;1.6111552786380863;0.9722873050157577;0.549922127119997;-0.2085316434325971;0
-0.6379084176220242;-0.9551576565338614;0.997049643498899;-0.3363186710321162;-0.3617223057561386;0.8372487113882259;-0.07361748194234034;-0.7484662751793024;0.5697651787407445;1.5125477172595734;0.5498777765606966;1
0.9354318873956998;0.17893780387262287;-0.1423551548427661;-0.22634647438436117;-0.12609514457816043;0.3277251263502949;0.3700183600577307;1.28643671618613;-0.9061492842676342;-0.6348478299748657;-0.3033328209317584;1
-0.8064805931596374;-0.7850433374728887;-0.1423551548427661;-0.3363186710321162;0.957789796840538;-1.2008456287634983;-1.246083635799671;-1.1381285501216498;0.8381132629240866;-0.48675158533800844;0.9290824865573434;0
-0.3007640665467978;0.5191664419945677;-1.1263865715923858;-0.11637427773660661;-0.12609514457816043;-0.9970361947483258;-0.8975126170853295;0.339340909034646;-0.16819205276344487;-0.11651097374586332;-1.0617422409250503;0
-0.35695479172600203;0.008823484811650135;-1.0745954443950374;-0.7762074576231361;-0.3617223057561386;-0.6913220437255672;-0.23205885408522287;-0.3100962158692065;0.2343300735115683;-1.2272328085222979;-0.5877363534292422;1
1.3849576888293356;-1.3520910676761309;0.7898851347095052;-0.886179654270891;0.10953201659981777;0.3277251263502949;-0.6123181472281409;-0.6889345387298121;-0.2352790738092819;0.623970249438426;1.4030883740531515;1
-0.694099142801229;1.171271331728296;-0.5566841724215532;-0.5562630643276263;0.8635389323693473;-0.07989374168004997;0.9720955742006843;-0.06655729403022426;-0.30236609485511595;-0.042462851427434306;-1.0617422409250503;0
-0.8064805931596374;-0.9551576565338614;-0.09056402764541763;-0.00640208108885155;0.7692880678981561;-1.0989409117559121;-0.9608891659424824;-0.17479681484758305;0.6368521997865815;-0.3386553407011504;-0.3033328209317584;1
0.37352463560365545;-0.7283385644525645;0.8416762619068536;-0.00640208108885155;-0.6444748991697118;1.346772296426157;-0.010240933085187334;-1.31131178342934;-0.7719752421759631;-0.3386553407011504;1.6874919065506353;1
-0.469336242084411;0.8877474666266754;-1.0228043171976888;0.1035701155589035;-1.1157292215256678;-1.0989409117559121;-1.182707086942518;-0.21809262317449055;0.4355911366490734;-0.7088959522932946;0.45507659906153525;0
-0.35695479172600203;1.7383190619315378;-1.3853422075791277;0.21354231220665856;-0.031844280106969144;-0.9970361947483258;-1.0242657147996355;0.4205205496476801;-0.10110503171761084;-0.9310403192485817;-1.0617422409250503;0
0.5420968111412692;-0.558224245391592;0.8934673891042021;-0.5562630643276263;0.1566574488354134;-0.6913220437255672;-0.7707595193710235;0.19321755593128068;-0.2352790738092819;-0.7088959522932946;-0.8721398859267278;0
-0.4131455169052068;1.0578617856876475;-1.3853422075791277;-0.3363186710321162;-0.6444748991697118;1.4486770134337432;-0.3588119517995289;-0.7538782512201433;1.1064613471074287;0.031585270890994714;0.9290824865573434;1
-0.469336242084411;0.575871215014892;0.01301822674927927;-0.44629086767987125;0.06240658436422213;0.12391569233512245;1.4157314162007553;-0.3046842398283055;-0.369453115900953;-0.48675158533800844;-0.5877363534292422;1
0.7106689866788819;-0.1612908342493226;0.4791383715254148;0.43348670550216817;1.617545848138877;1.0410581454033982;0.2749535367720012;0.26898522050341384;-0.9061492842676342;0.2537296378462818;0.45507659906153525;0
0.5982875363204734;-1.465500613716779;1.3595875338803378;-0.00640208108885155;-0.3617223057561386;-0.9970361947483258;-0.8975126170853295;-0.2830363356648818;-0.7719752421759631;3.5858951421755836;1.4978895515523127;1
-1.2560063945932733;1.0578617856876475;-0.8674309356056437;0.21354231220665856;-1.351356382703646;-0.28370317569522235;-0.6123181472281409;-1.6793261542082036;1.710244536519947;-1.0791365638854398;1.4030883740531515;0
0.37352463560365545;-0.9551576565338614;1.3077964066829895;-0.3363186710321162;1.3819186869608988;-1.0989409117559121;-1.1510188125139416;-0.5644590897898705;-0.03401801067177382;-0.19055909606429233;0.8342813090581821;1
0.8792411622164955;-1.5789101597574275;0.997049643498899;-0.7762074576231361;-0.9272274925832856;1.0410581454033982;-0.13699403079949335;-0.4453956168908299;-0.9061492842676342;1.3644514726227155;0.1706730665640497;1
-0.07600116582998039;2.021842927033159;-0.3495196636321596;-1.1061240475664011;0.2037828810710084;-0.8951314777407396;-0.4855650495138349;-1.1489525022033318;-1.3757584315884843;-1.3753290531591553;-0.3981339984309197;0
0.09257100970763331;-0.33140515331029535;0.01301822674927927;-0.5562630643276263;-1.1157292215256678;0.22582040934270867;-0.2637471285137994;-0.8350578918331774;-1.0403233263593052;1.5125477172595734;0.6446789540598579;1
-1.7055321960269085;1.0578617856876475;-0.40131079082950805;-0.996151850918646;3.7381902987406788;-0.8951314777407396;0.49677145777203674;-1.5007309448596127;2.045679641749126;-0.2646072183827214;0.5498777765606966;0
-1.1998156694140685;1.4547951968299173;-1.3853422075791277;-0.3363186710321162;-1.021478357054477;-0.9970361947483258;-1.055953989228212;-0.04490938986680056;1.844418578611618;-0.2646072183827214;-0.3981339984309197;0
-0.35695479172600203;-0.558224245391592;-0.09056402764541763;0.21354231220665856;-0.40884773799173424;1.346772296426157;0.5284597322006133;-0.3100962158692065;0.36850411560323937;-0.48675158533800844;0.07587188906488843;1
-0.9750527686972511;-0.5015194723712678;-0.6084752996189017;-0.3363186710321162;-0.2674714412849473;0.6334392773730535;0.2115769879148482;-0.5536351377081286;0.03306901037406022;-0.19055909606429233;-1.0617422409250503;0
-0.694099142801229;0.9160998531368368;-1.178177698789734;-0.3363186710321162;-0.6444748991697118;0.3277251263502949;-0.6123181472281409;0.21486546009476445;0.8381132629240866;0.17968151552785275;-0.5877363534292422;0
-1.7617229212061127;-0.2747003802899711;-1.178177698789734;-0.886179654270891;-1.3042309504680505;0.3277251263502949;1.891055532629403;-2.1772279499677896;1.5089834733824419;-0.19055909606429233;1.6874919065506353;1
-0.019810440650775155;1.8233762214620242;-0.66026642681625;0.1035701155589035;0.5336609067201779;-0.28370317569522235;0.24326526234342472;0.2798091725851557;0.30141709455740234;-0.7829440746117237;-0.3033328209317584;0
-0.1321918910091846;1.1145665587079718;-0.24593740923746285;-0.22634647438436117;-0.4559731702273299;-0.4875126097103948;-0.16868230522806985;-0.012437533621574891;0.30141709455740234;-0.7088959522932946;-1.2513445959233747;0
0.991622612574904;-0.841748110493213;1.2042141522882925;-0.00640208108885155;1.0520406613117292;-0.9970361947483258;-1.055953989228212;-0.15856088672494018;-0.6378012000842921;0.031585270890994714;1.1186848415556658;1
-1.1998156694140685;0.6892807610555405;-1.0745954443950374;-0.886179654270891;-1.4927326794104328;-0.9970361947483258;-0.8975126170853295;-1.7550938187802767;1.710244536519947;-0.7829440746117237;1.4504889628027313;0
-0.58171769244282;-1.125271975594834;1.0488407706962473;-0.3363186710321162;-0.2203460090493517;-1.0989409117559121;-1.119330538085365;-0.49951537729947926;0.10015603141989723;-0.8569921969301527;-0.11373046593343415;1
0.7106689866788819;-0.841748110493213;0.7898851347095052;-0.5562630643276263;-0.5030986024629255;-1.0989409117559121;-1.055953989228212;-0.07196927007112525;-1.1074103474051422;0.772066494075284;0.07587188906488843;1
0.8792411622164955;-0.7283385644525645;1.3595875338803378;4.722402374764612;0.7221626356625604;-0.9970361947483258;-0.8658243426567529;1.0158379141428833;-0.30236609485511595;1.2904033503042864;1.2134860190548271;1
1.1040040629333134;0.349052122933595;0.7898851347095052;0.43348670550216817;0.39228461001339093;1.9582005984716744;0.8453424764863783;1.2323169557774807;-0.2352790738092819;0.401825882483139;-0.8721398859267278;1
-1.8741043715645218;2.9007669088481842;-0.1423551548427661;-0.886179654270891;-1.4927326794104328;1.6524864474489158;1.5741727883436378;-1.7983896271072441;2.8507238942991524;-0.19055909606429233;1.0238836640565045;0
-0.7502898679804332;-0.9551576565338614;-0.2977285364348113;-0.11637427773660661;0.2037828810710084;0.42962984335788107;0.5918362810577662;-0.6185788501985199;0.5697651787407445;-0.7829440746117237;-0.3033328209317584;1
-0.6379084176220242;0.944452239646999;-0.7120575540135985;-0.44629086767987125;-0.2674714412849473;-0.3856078927028086;-0.8341360682281764;-0.6835225626889111;-0.16819205276344487;-0.7829440746117237;-0.3033328209317584;0
-0.8064805931596374;0.06552825783197438;-1.178177698789734;0.6534310987976782;-0.2203460090493517;-0.8951314777407396;-0.6123181472281409;1.0699576745515325;2.5152887890699733;1.9568364511701475;-0.9669410634258891;1
-0.24457334136759307;-1.125271975594834;-0.1941462820401144;-0.7762074576231361;-0.2203460090493517;0.22582040934270867;-0.04192920751376384;-0.2559764554605571;-0.16819205276344487;0.031585270890994714;-1.0617422409250503;0
-0.35695479172600203;0.29234734991327077;-0.8674309356056437;-0.6662352609753811;0.957789796840538;1.2448675794185708;1.9861203559151324;-0.5806950179124533;-1.5770194947259895;-1.1531846862038688;-0.5877363534292422;1
-0.35695479172600203;-1.6923197057980761;0.5309294987227632;-0.6662352609753811;-1.6812344083528152;0.7353439943806397;0.43339490891488375;0.20404150801302257;0.6368521997865815;0.475874004801568;1.592690729051474;1
-0.4131455169052068;0.7743379205860269;-0.8674309356056437;-0.996151850918646;-0.738725763640903;1.1429628624109844;0.2749535367720012;-0.09361717423454893;0.5026781576949104;-1.0050884415670107;-1.0617422409250503;0
-0.6379084176220242;0.7459855340758648;-1.2299688259870825;-0.11637427773660661;-0.17322057681375605;0.022010975327536247;1.257290044057873;0.38263671736161353;1.441896452336605;-0.5607997076564374;-0.6825375309284052;0
-0.694099142801229;0.8877474666266754;0.4273472443280663;-0.44629086767987125;0.2980337455421997;-0.6913220437255672;1.447419690629332;-0.22891657525623244;-0.2352790738092819;-0.19055909606429233;-0.9669410634258891;0
-0.18838261618838884;-0.047881288208674114;-1.2299688259870825;-0.7762074576231361;-0.5502240346985205;-0.589417326717981;-0.3588119517995289;-0.526575257503804;0.1672430524657313;-0.5607997076564374;-0.3981339984309197;0
-0.694099142801229;-0.558224245391592;0.7898851347095052;3.402736014991552;-0.5030986024629255;1.2448675794185708;2.588197570058086;0.31228102883032127;0.7039392208324156;0.475874004801568;0.07587188906488843;0
-0.019810440650775155;-1.5222053867371033;0.5309294987227632;-1.1061240475664011;-0.2674714412849473;-0.7932267607331535;-0.7390712449424469;0.3664007892389706;-0.369453115900953;0.401825882483139;-0.7773387084275665;1
0.8230504370372913;1.993490540522997;-0.09056402764541763;0.1035701155589035;1.0520406613117292;1.9582005984716744;3.4437809796296515;2.314712163950528;0.6368521997865815;0.17968151552785275;0.7394801315590191;0
0.991622612574904;-1.408795840696455;0.997049643498899;-0.6662352609753811;-1.4927326794104328;-1.0989409117559121;-1.055953989228212;0.3664007892389706;-1.8453675789093316;1.0682589833490002;-0.2085316434325971;1
-0.019810440650775155;-1.5222053867371033;0.7898851347095052;-0.44629086767987125;-0.07896971234256478;-0.4875126097103948;-0.6123181472281409;0.3664007892389706;-0.7048882211301291;1.1423071056674292;-0.9669410634258891;1
-0.694099142801229;1.0862141721978096;-1.3853422075791277;-0.6662352609753811;1.9474238737880458;-0.9970361947483258;-1.0242657147996355;-0.24515250337881522;0.9052002839699236;-0.48675158533800844;-0.5877363534292422;0
0.8230504370372913;-1.5789101597574275;1.152423025090944;0.32351450885441363;0.2980337455421997;-0.07989374168004997;-0.4221885006566819;0.7993588725082257;0.7039392208324156;1.8827883288517187;-0.3981339984309197;1
1.4411484140085398;-0.7850433374728887;1.0488407706962473;-0.6662352609753811;1.7117967126100675;-0.9970361947483258;-1.0242657147996355;0.7993588725082257;-0.10110503171761084;0.772066494075284;-0.5877363534292422;1
-0.24457334136759307;-1.0685672025745097;0.7898851347095052;-0.44629086767987125;0.2037828810710084;-0.7932267607331535;-0.8658243426567529;-0.6835225626889111;0.2343300735115683;-0.3386553407011504;0.9290824865573434;1
-0.6379084176220242;0.6042236015250542;-1.0228043171976888;0.21354231220665856;-0.2203460090493517;0.022010975327536247;1.257290044057873;0.40969659756593824;1.3077224102449339;-0.7829440746117237;-0.6825375309284052;0
0.4859060859620639;-0.558224245391592;1.3077964066829895;-0.11637427773660661;0.06240658436422213;-0.18179845868763617;-0.7390712449424469;0.47464031005632945;0.2343300735115683;-0.2646072183827214;0.8342813090581821;1
-0.3007640665467978;0.17893780387262287;-0.40131079082950805;-0.3363186710321162;-0.031844280106969144;-0.07989374168004997;1.8593672582008265;-0.2830363356648818;0.10015603141989723;-0.7829440746117237;-0.8721398859267278;0
1.6659113147253577;-0.9551576565338614;2.032872187445867;-0.00640208108885155;1.9474238737880458;-1.3027503457710845;-1.2143953613710945;-0.16397286276584117;-0.7719752421759631;-0.8569921969301527;1.4030883740531515;1
-0.7502898679804332;1.2279761047486202;-0.763848681210947;-0.6662352609753811;1.5232949836676857;-0.07989374168004997;0.5601480066291897;-0.45621956897257177;-0.6378012000842921;-0.4127034630195794;-0.8721398859267278;1
-0.7502898679804332;-0.841748110493213;1.152423025090944;0.1035701155589035;0.7221626356625604;1.754391164456502;1.2256017696292962;-0.2830363356648818;0.5026781576949104;0.9201627387121422;0.9290824865573434;1
-0.07600116582998039;-1.125271975594834;0.6345117531174601;0.1035701155589035;-0.3617223057561386;1.346772296426157;0.053135615771965676;-0.780938131424468;0.03306901037406022;1.7346920842148605;1.8770942615489596;1
0.4859060859620639;0.8026903070961889;-0.8674309356056437;0.6534310987976782;0.4394100422489866;-0.3856078927028086;0.053135615771965676;1.1673732432870894;-0.03401801067177382;-0.7829440746117237;-0.8721398859267278;1
-1.3683878449516818;-0.3881099263306193;-1.3853422075791277;-0.5562630643276263;-0.2203460090493517;0.9391534283958122;-0.07361748194234034;-1.554850705268262;1.2406353891990998;-0.8569921969301527;0.7394801315590191;0
-0.8626713183388421;2.1919572460941317;0.11660048114397589;2.632930638457267;-0.5502240346985205;-0.07989374168004997;-0.23205885408522287;-0.515751305422062;1.441896452336605;-0.7829440746117237;0.6446789540598579;0
0.5982875363204734;-1.125271975594834;1.670334297064428;0.43348670550216817;-0.12609514457816043;-0.6913220437255672;-0.5172533239424114;0.47464031005632945;-1.3086714105426474;-0.7829440746117237;1.4978895515523127;1
-0.3007640665467978;1.9367857675026727;-0.038772900448069185;1.5332086719797178;1.193416958018516;1.5505817304413294;0.6552128299149192;-0.02326148570331678;-0.369453115900953;-1.3753290531591553;-1.1565434184242134;0
-0.694099142801229;-1.465500613716779;1.7221254242617765;-0.3363186710321162;-0.3617223057561386;0.12391569233512245;-0.675694696085294;0.7668870162630601;0.4355911366490734;0.549922127119997;0.1706730665640497;1
-1.1436249442348643;-1.2953862946558066;1.1006318978935956;-0.6662352609753811;-0.5973494669341162;0.22582040934270867;0.4650831833434602;-0.4453956168908299;0.8381132629240866;0.9942108610305711;-0.11373046593343415;1
-0.8064805931596374;-0.10458606122899836;-0.1941462820401144;-0.44629086767987125;-0.4559731702273299;-0.28370317569522235;-0.7707595193710235;-1.2680159751023723;0.5697651787407445;1.4384995949411445;0.7394801315590191;1
0.14876173488683755;-0.33140515331029535;0.16839160834132433;0.6534310987976782;-0.2674714412849473;1.4486770134337432;2.8100154910581217;0.47464031005632945;-0.10110503171761084;-0.8569921969301527;-0.9669410634258891;0
-0.3007640665467978;-0.1612908342493226;-0.5048930452242049;-0.886179654270891;0.015281152128626496;0.5315345603654673;1.7643024349150969;-0.3912758564821805;0.5026781576949104;-1.2272328085222979;-0.8721398859267278;0
-0.469336242084411;0.2356425768929465;-1.281759953184431;0.21354231220665856;-0.2203460090493517;-0.4875126097103948;-0.3588119517995289;-0.6239908262394208;0.30141709455740234;-0.19055909606429233;0.36027542156237397;1
-1.5369600204892955;-0.1612908342493226;-0.9192220628029921;-0.11637427773660661;-1.5398581116460284;0.12391569233512245;1.6692376116293675;-1.636030345881236;2.11276666279496;-0.11651097374586332;2.445901326543929;0
-0.24457334136759307;1.3413856507892687;-1.3853422075791277;-0.44629086767987125;0.10953201659981777;-0.6913220437255672;-0.7707595193710235;-0.2884483117057227;0.10015603141989723;0.2537296378462818;0.45507659906153525;1
-1.0312434938764554;2.021842927033159;-1.3853422075791277;-0.11637427773660661;3.973817459918657;-0.9970361947483258;-1.0876422636567884;-0.6564626824845864;1.643157515474113;-1.0050884415670107;0.36027542156237397;0
-0.6379084176220242;0.5191664419945677;-1.0745954443950374;0.1035701155589035;-0.17322057681375605;0.12391569233512245;1.1939134952007198;0.3988726454841963;1.3077224102449339;-0.8569921969301527;-0.6825375309284052;0
-0.9188620435180463;-0.3881099263306193;-0.1423551548427661;-0.7762074576231361;-0.2203460090493517;0.22582040934270867;-0.3905002262281054;-1.040712981386033;0.5026781576949104;-0.3386553407011504;0.1706730665640497;1
-0.8626713183388421;0.4057568959539192;-0.4531019180268565;-0.5562630643276263;-0.12609514457816043;0.22582040934270867;1.257290044057873;0.04168222678707447;1.844418578611618;-0.5607997076564374;-1.0617422409250503;1
-0.58171769244282;2.560538270726239;-1.1263865715923858;-0.3363186710321162;-0.9743529248188812;0.42962984335788107;0.08482389020054218;0.1769816278086979;-0.03401801067177382;-0.7088959522932946;-0.6825375309284052;0
3.351633070101491;-1.2386815216354823;2.4472012050246543;-0.6662352609753811;-0.314596873520543;-0.9970361947483258;-0.992577440371059;2.206472643133229;-3.0529339577343713;1.0682589833490002;-1.9149528384175054;1
0.2049524600660418;1.3413856507892687;-0.24593740923746285;-0.11637427773660661;-0.8329766281120944;-0.6913220437255672;-0.13699403079949335;-0.22891657525623244;-1.4428454526343184;-0.7088959522932946;-0.9669410634258891;0
-2.042676547102135;0.4057568959539192;-0.5048930452242049;-0.11637427773660661;-1.1157292215256678;0.12391569233512245;1.891055532629403;-1.906629147924543;3.5886811258033418;-0.3386553407011504;2.351100149044768;1
-0.8626713183388421;0.6325759880352162;-1.3853422075791277;0.32351450885441363;1.9474238737880458;-0.07989374168004997;-0.4221885006566819;-0.7268183710158186;0.8381132629240866;-0.11651097374586332;0.8342813090581821;1
-1.0874342190556596;-0.7850433374728887;0.3237649899333697;0.9833476887409429;-1.6812344083528152;-0.3856078927028086;0.2115769879148482;-2.0473405249870074;0.30141709455740234;-0.19055909606429233;1.6874919065506353;1
-1.8179136463853176;0.32069973642343286;-1.3853422075791277;-0.7762074576231361;-1.7754852728240065;-0.18179845868763617;1.257290044057873;-2.2096998062130155;1.643157515474113;2.1789808181254338;2.351100149044768;1
-0.469336242084411;-0.6149290184119163;0.27197386273602125;0.32351450885441363;-0.6916003314053074;-0.8951314777407396;-0.675694696085294;-0.23974052733791423;-0.503627157992621;-1.5234252977960134;-0.018929288434272863;0
0.31733391042445125;0.37740450944375714;0.7380940075121567;6.042068734537671;0.2037828810710084;1.4486770134337432;1.9861203559151324;1.6652750390467357;-0.30236609485511595;-0.5607997076564374;-1.0617422409250503;0
1.7782927650837663;-0.6716337914322406;1.3077964066829895;0.6534310987976782;-0.07896971234256478;1.346772296426157;0.2749535367720012;1.8276343202726837;-0.369453115900953;1.7346920842148605;0.5498777765606966;0
-0.6379084176220242;1.1429189452181339;-1.281759953184431;0.1035701155589035;-0.2674714412849473;0.022010975327536247;-0.13699403079949335;0.2581612684216719;0.8381132629240866;-0.9310403192485817;-1.0617422409250503;0
1.5535298643669484;-0.7850433374728887;1.4113786610776864;0.32351450885441363;0.6279117711913691;0.5315345603654673;1.7326141604865204;1.8276343202726837;-1.2415843894968133;-1.0050884415670107;-0.8721398859267278;0
-1.5369600204892955;0.7459855340758648;-1.3853422075791277;-0.22634647438436117;0.250908313306604;-1.3027503457710845;-1.119330538085365;-1.5927345375543285;2.649462831161644;-0.11651097374586332;2.2562989715456063;1
-0.6379084176220242;1.1145665587079718;-1.1263865715923858;2.4679723434856355;0.2037828810710084;-1.2008456287634983;-1.119330538085365;-0.2830363356648818;0.6368521997865815;-1.893665909388158;0.45507659906153525;0
-0.9750527686972511;0.9728046261571611;-0.9710131900003405;0.21354231220665856;1.1462915257829205;-0.18179845868763617;-0.6123181472281409;-0.03949741382589957;0.8381132629240866;-0.48675158533800844;-0.2085316434325971;0
1.0478133377541083;-0.5015194723712678;0.7898851347095052;-0.44629086767987125;-0.5030986024629255;-0.8951314777407396;-0.8341360682281764;-0.5752830418716124;-1.1744973684509763;1.0682589833490002;0.6446789540598579;1
0.4297153607828597;-1.2953862946558066;0.3755561171307181;-0.44629086767987125;-0.8329766281120944;-0.3856078927028086;-0.675694696085294;-0.8458818439148592;-0.369453115900953;1.4384995949411445;1.2134860190548271;1
0.4297153607828597;-1.8057292518387245;0.5309294987227632;-0.886179654270891;-0.6916003314053074;-0.9970361947483258;-1.1510188125139416;-0.6510507064437455;-0.570714179038458;-0.48675158533800844;0.6446789540598579;1
0.9354318873956998;-0.2747003802899711;-0.1423551548427661;0.32351450885441363;0.957789796840538;-0.28370317569522235;-0.4538767750852584;1.7735145598640343;-0.2352790738092819;-0.6348478299748657;-0.3981339984309197;1
-1.3683878449516818;0.4624616689742435;-0.9710131900003405;-0.3363186710321162;-0.5030986024629255;0.022010975327536247;-0.7073829705138704;-1.6035584896360704;1.643157515474113;0.9201627387121422;0.6446789540598579;1
0.03638028452842908;-0.7850433374728887;-0.8674309356056437;-0.7762074576231361;-0.314596873520543;-0.9970361947483258;-0.675694696085294;-0.49410340125863833;-1.5099324736801554;-1.5974734201144425;-0.6825375309284052;1
0.03638028452842908;0.6892807610555405;1.7221254242617765;-0.3363186710321162;1.4290441191964944;-0.3856078927028086;1.3840431417721788;0.31228102883032127;-0.7719752421759631;-0.9310403192485817;-1.1565434184242134;0
-1.3121971197724775;-0.1612908342493226;-1.3853422075791277;-1.1061240475664011;-1.1628546537612634;-0.07989374168004997;-0.6440064216567174;-1.2138962146937229;0.30141709455740234;-1.4493771754775844;-0.8721398859267278;0
-0.5255269672636153;0.349052122933595;-0.9710131900003405;2.1930418518662482;0.2037828810710084;-0.9970361947483258;-0.5489415983709879;0.3664007892389706;0.4355911366490734;-1.0791365638854398;-1.346145773422536;0
-0.019810440650775155;0.6892807610555405;-0.8674309356056437;0.5434589021499232;0.3451591777777953;0.12391569233512245;-0.20037057965664637;0.7073552798135098;-0.16819205276344487;-0.7088959522932946;-0.8721398859267278;0
0.261143185245247;0.4624616689742435;-0.66026642681625;-0.00640208108885155;-0.6916003314053074;-0.589417326717981;-0.13699403079949335;0.09580198719572383;-0.8390622632218002;-0.4127034630195794;-0.8721398859267278;0
-1.0874342190556596;-0.9551576565338614;-0.2977285364348113;-0.22634647438436117;-1.6341089761172196;1.0410581454033982;0.053135615771965676;-0.06114531798938335;1.0393743260615946;0.9201627387121422;-0.6825375309284052;1
-0.469336242084411;0.29234734991327077;-0.66026642681625;-0.22634647438436117;-0.2203460090493517;1.1429628624109844;0.43339490891488375;-0.22891657525623244;-0.2352790738092819;-0.4127034630195794;-0.5877363534292422;0
-0.7502898679804332;0.9160998531368368;-1.0228043171976888;0.1035701155589035;0.4394100422489866;-0.07989374168004997;-0.8024477937996;-0.5428111856263867;0.4355911366490734;-0.3386553407011504;0.8342813090581821;1
0.4297153607828597;-1.408795840696455;1.1006318978935956;-0.6662352609753811;-0.6916003314053074;1.0410581454033982;-0.010240933085187334;-0.012437533621574891;0.03306901037406022;2.919462041309724;0.1706730665640497;1
-1.0312434938764554;0.575871215014892;0.3237649899333697;-0.6662352609753811;-1.0686037892900726;0.022010975327536247;-0.5806298727995645;-0.7647022033018852;0.30141709455740234;-0.042462851427434306;-0.3033328209317584;1
-0.694099142801229;-0.33140515331029535;-1.3853422075791277;-0.22634647438436117;-0.6916003314053074;-0.8951314777407396;-1.0242657147996355;-0.8404698678740183;0.5697651787407445;-0.48675158533800844;0.45507659906153525;0
-0.694099142801229;-1.0685672025745097;0.06480935394662772;-0.44629086767987125;0.015281152128626496;1.5505817304413294;0.6869011043434957;0.11744989135920761;0.9052002839699236;-1.2272328085222979;-0.9669410634258891;0
-0.3007640665467978;0.06552825783197438;-0.038772900448069185;-0.44629086767987125;0.2980337455421997;0.7353439943806397;0.053135615771965676;0.7452391120995763;0.6368521997865815;0.6980183717568551;-1.1565434184242134;1
-0.58171769244282;0.7459855340758648;-1.3853422075791277;-0.44629086767987125;0.10953201659981777;-0.9970361947483258;-0.7390712449424469;0.853478632916875;1.9785926207032891;2.327077062762292;-0.49293517593008096;1
1.1040040629333134;-1.0685672025745097;1.3077964066829895;0.43348670550216817;3.6439394342694875;-0.07989374168004997;0.9087190253435313;1.6652750390467357;-0.9061492842676342;-0.042462851427434306;-0.9669410634258891;0
-0.9188620435180463;0.8310426936063511;-1.0228043171976888;-0.00640208108885155;0.3451591777777953;0.12391569233512245;1.1305369463435668;-0.49951537729947926;0.2343300735115683;-0.7829440746117237;-0.3033328209317584;0
-0.7502898679804332;0.2356425768929465;-1.281759953184431;-0.44629086767987125;-0.4559731702273299;0.12391569233512245;-0.6440064216567174;-0.526575257503804;0.30141709455740234;-0.2646072183827214;-0.2085316434325971;0
0.4859060859620639;2.220309632604294;-0.1423551548427661;0.21354231220665856;0.250908313306604;-0.3856078927028086;1.4791079650579084;1.6652750390467357;1.1064613471074287;-0.7829440746117237;-0.5877363534292422;0
-0.18838261618838884;1.2279761047486202;1.5149609154723833;-0.44629086767987125;1.7117967126100675;1.4486770134337432;2.778327216629545;0.04168222678707447;-0.503627157992621;0.10563339320942373;-0.9669410634258891;0
-0.3007640665467978;2.1636048595839696;-1.0228043171976888;-0.5562630643276263;-1.1157292215256678;0.6334392773730535;0.02144734134338917;-0.7971740595471108;1.3077224102449339;-1.5974734201144425;0.265474244063211;1
-0.8064805931596374;3.1842907739498054;-1.0745954443950374;-0.3363186710321162;-0.9743529248188812;-0.3856078927028086;-0.4855650495138349;-1.040712981386033;1.3077224102449339;-1.5974734201144425;0.9290824865573434;0
-0.35695479172600203;2.4754811111957524;-0.8674309356056437;-0.3363186710321162;1.4290441191964944;-0.4875126097103948;-0.7707595193710235;-0.22891657525623244;-0.369453115900953;-1.0791365638854398;-0.8721398859267278;0
1.4411484140085398;-0.7850433374728887;1.0488407706962473;-0.6662352609753811;1.7117967126100675;-0.9970361947483258;-1.0242657147996355;0.7993588725082257;-0.10110503171761084;0.772066494075284;-0.5877363534292422;1
-0.6379084176220242;0.4624616689742435;-0.9710131900003405;1.7531530652752279;0.015281152128626496;1.0410581454033982;1.954432081486556;-0.1693848388066821;-0.436540136946787;-1.0050884415670107;-0.9669410634258891;0
-0.07600116582998039;0.6042236015250542;-0.8674309356056437;-0.3363186710321162;-0.40884773799173424;0.9391534283958122;0.43339490891488375;-0.18562076692926488;-0.16819205276344487;0.772066494075284;0.45507659906153525;1
-1.1436249442348643;0.8593950801165132;-1.3335510803817794;1.423236475331963;1.0049152290761336;1.6524864474489158;0.24326526234342472;-0.4670435210543137;1.3077224102449339;0.10563339320942373;0.8342813090581821;1
0.261143185245247;-0.6716337914322406;1.9292899330511704;-0.22634647438436117;0.5336609067201779;-0.6913220437255672;-0.13699403079949335;1.0158379141428833;1.5089834733824419;0.10563339320942373;0.07587188906488843;0
-0.469336242084411;1.2846808777689445;-1.3853422075791277;-0.5562630643276263;0.10953201659981777;-0.9970361947483258;-1.0876422636567884;-0.0016135815398330017;0.1672430524657313;-1.1531846862038688;-0.6825375309284052;0
0.03638028452842908;-1.0685672025745097;0.7898851347095052;-0.3363186710321162;-0.4559731702273299;0.7353439943806397;-0.3271236773709524;-1.5169668729821955;-1.3757584315884843;0.9942108610305711;1.8770942615489596;1
-0.58171769244282;0.944452239646999;-1.3853422075791277;0.1035701155589035;-0.314596873520543;-1.3027503457710845;-1.055953989228212;0.6911193516909269;1.1735483681532657;-0.9310403192485817;-1.1565434184242134;0
-0.8626713183388421;1.596557129380728;-1.1263865715923858;-0.44629086767987125;-0.5502240346985205;-0.9970361947483258;-1.0242657147996355;-0.5969309460350962;1.3077224102449339;0.10563339320942373;0.36027542156237397;1
0.6544782614996776;-0.3881099263306193;1.152423025090944;4.282513588173591;-0.8329766281120944;-1.0989409117559121;-0.929200891513906;1.1240774349601819;-0.7048882211301291;0.623970249438426;0.5498777765606966;1
-0.8626713183388421;0.349052122933595;-1.0745954443950374;3.952596998230327;-1.021478357054477;-0.4875126097103948;-0.8975126170853295;-0.2830363356648818;0.6368521997865815;-0.4127034630195794;0.36027542156237397;1
-0.1321918910091846;1.1429189452181339;-1.3853422075791277;0.1035701155589035;-0.031844280106969144;-0.3856078927028086;-0.7073829705138704;0.6802953996091851;0.4355911366490734;-1.3753290531591553;-0.7773387084275665;0
-0.6379084176220242;0.2356425768929465;-1.1263865715923858;-0.11637427773660661;-0.031844280106969144;0.022010975327536247;-0.3271236773709524;-0.5861069939533543;0.4355911366490734;-0.3386553407011504;-0.11373046593343415;1
-0.019810440650775155;0.8310426936063511;-0.038772900448069185;-0.3363186710321162;0.10953201659981777;-0.4875126097103948;-0.10530575637091685;0.47464031005632945;-0.03401801067177382;-0.8569921969301527;-1.1565434184242134;0
-0.3007640665467978;0.12223303085229863;-1.3853422075791277;-0.7762074576231361;-0.5502240346985205;-0.8951314777407396;-0.929200891513906;-0.07196927007112525;-0.369453115900953;-0.042462851427434306;-0.9669410634258891;1
-0.18838261618838884;1.7099666754213758;0.01301822674927927;-0.44629086767987125;-0.07896971234256478;-0.4875126097103948;0.5284597322006133;-0.10985310235719181;-0.16819205276344487;-1.2272328085222979;-0.5877363534292422;0
1.7782927650837663;-1.975843570899697;1.256005279485641;1.7531530652752279;1.0520406613117292;-1.2008456287634983;-0.7390712449424469;1.5570355182294369;-0.2352790738092819;2.401125185080721;-0.3033328209317584;1
-0.9188620435180463;1.3130332642791065;-1.281759953184431;-0.6662352609753811;-0.17322057681375605;-0.9970361947483258;-1.0876422636567884;-0.3912758564821805;1.576070494428276;-0.11651097374586332;-0.44553458718050115;0
-0.469336242084411;0.349052122933595;-0.24593740923746285;-0.6662352609753811;0.015281152128626496;2.773438334532364;0.43339490891488375;-0.9378854366095751;-1.4428454526343184;-1.6715215424328715;-1.1565434184242134;0
0.14876173488683755;-0.841748110493213;0.4791383715254148;0.6534310987976782;-0.031844280106969144;1.4486770134337432;2.3030031002008977;0.1499217476043732;-0.7719752421759631;-0.6348478299748657;-0.9669410634258891;0
-0.469336242084411;-0.558224245391592;0.16839160834132433;-0.22634647438436117;-0.9272274925832856;-0.9970361947483258;-1.0876422636567884;-0.959533340773059;0.8381132629240866;0.549922127119997;1.0238836640565045;1
-0.18838261618838884;-1.975843570899697;0.5309294987227632;-1.6559850308051758;-1.5398581116460284;2.0601053154792606;1.9861203559151324;-3.6005776487154364;-2.851672894596863;-1.5234252977960134;2.1614977940464435;1
1.1601947881125176;0.26399496340310863;1.7739165514591249;0.21354231220665856;-0.2674714412849473;-0.4875126097103948;-0.7073829705138704;1.7735145598640343;-1.0403233263593052;0.32777776016471;-1.346145773422536;0
-0.35695479172600203;2.3053667921347802;0.8416762619068536;-0.22634647438436117;1.5232949836676857;0.6334392773730535;2.144561728058015;0.1499217476043732;-0.436540136946787;0.623970249438426;-1.1565434184242134;0
1.0478133377541083;0.8026903070961889;0.6345117531174601;-0.5562630643276263;-1.3042309504680505;-0.9970361947483258;-0.929200891513906;0.47464031005632945;-0.9732363053134713;-1.3012809308407267;-0.3981339984309197;0
2.0030556658005843;0.29234734991327077;2.032872187445867;0.1035701155589035;-0.4559731702273299;-0.9970361947483258;-0.29543540294237586;1.3405564765947793;-1.7782805578634975;-0.6348478299748657;-0.3981339984309197;0
-1.3121971197724775;0.29234734991327077;-0.3495196636321596;-0.00640208108885155;-0.314596873520543;-0.07989374168004997;0.11651216462911869;-1.1110686699172652;1.777331557565784;0.17968151552785275;1.971895439048121;1
-0.9188620435180463;0.8026903070961889;-1.281759953184431;-0.5562630643276263;-0.9743529248188812;1.0410581454033982;-0.13699403079949335;-0.9920051970182245;0.5026781576949104;1.2904033503042864;0.45507659906153525;1
-0.8064805931596374;1.7666714484416999;-0.2977285364348113;1.8631252619229823;-0.3617223057561386;0.022010975327536247;0.5918362810577662;0.9184223454072663;1.441896452336605;0.549922127119997;-1.1249430259244946;1
-0.694099142801229;-0.558224245391592;-0.5048930452242049;-0.6662352609753811;0.015281152128626496;1.1429628624109844;0.1482004390576952;-0.20726867109274866;1.1735483681532657;-0.042462851427434306;-0.018929288434272863;0
1.4411484140085398;0.008823484811650135;1.152423025090944;2.412986245161757;1.7117967126100675;-0.589417326717981;-0.929200891513906;1.881754080681333;-1.6441065157718264;-0.6348478299748657;1.2134860190548271;1
1.7221020399045621;-0.9551576565338614;2.188245569037912;-0.3363186710321162;0.39228461001339093;-0.9970361947483258;-0.8024477937996;1.7735145598640343;-0.9732363053134713;-0.19055909606429233;-1.1565434184242134;1
-1.1998156694140685;0.2356425768929465;-0.8674309356056437;-0.3363186710321162;-1.586983543881624;-1.2008456287634983;-1.119330538085365;-1.2138962146937229;0.8381132629240866;0.8461146163937131;0.36027542156237397;1
-0.469336242084411;0.29234734991327077;-0.3495196636321596;-0.44629086767987125;-0.40884773799173424;1.8562958814640882;-0.07361748194234034;-0.9649453168138998;-1.4428454526343184;-1.5974734201144425;-1.0617422409250503;0
-0.694099142801229;-1.0685672025745097;0.06480935394662772;-0.44629086767987125;0.015281152128626496;1.5505817304413294;0.6869011043434957;0.11744989135920761;0.9052002839699236;-1.2272328085222979;-0.9669410634258891;0
-0.24457334136759307;-0.7283385644525645;0.16839160834132433;-0.6662352609753811;3.5496885697982963;-1.4046550627786707;-0.04192920751376384;0.2960451007077385;-0.03401801067177382;1.9568364511701475;-0.8721398859267278;1
-0.5255269672636153;-1.3520910676761309;0.5827206259201116;-0.7762074576231361;-0.9272274925832856;-0.6913220437255672;-0.5172533239424114;0.04168222678707447;0.6368521997865815;-0.8569921969301527;-0.8721398859267278;1
0.09257100970763331;-1.408795840696455;0.4273472443280663;-0.7762074576231361;-0.9743529248188812;-0.9970361947483258;-0.992577440371059;-0.8025860355879517;-0.10110503171761084;0.6980183717568551;1.3082871965539902;1
-0.6379084176220242;-1.0685672025745097;-0.1423551548427661;-0.44629086767987125;-0.5030986024629255;1.4486770134337432;0.1798887134862717;-0.521163281462963;0.8381132629240866;-0.48675158533800844;-0.3033328209317584;0
-0.1321918910091846;0.7459855340758648;2.2400366962352605;-0.22634647438436117;0.7692880678981561;0.9391534283958122;2.6198858444866624;0.2581612684216719;-1.5770194947259895;-0.8569921969301527;-1.346145773422536;0
0.261143185245247;-1.2953862946558066;0.5827206259201116;-0.11637427773660661;-1.021478357054477;0.3277251263502949;0.8136542020578018;-0.6997584908114939;0.5026781576949104;0.549922127119997;1.3082871965539902;1
2.396390742055015;-0.7850433374728887;1.152423025090944;0.1035701155589035;-0.07896971234256478;-0.7932267607331535;-0.8341360682281764;1.3405564765947793;-1.6441065157718264;1.2904033503042864;-0.11373046593343415;1
1.0478133377541083;-0.21799560726964687;1.8774988058538218;0.5434589021499232;-0.4559731702273299;-0.589417326717981;-0.6440064216567174;0.04168222678707447;-1.0403233263593052;0.9942108610305711;1.971895439048121;1
-0.7502898679804332;0.17893780387262287;-0.5048930452242049;-0.7762074576231361;-0.7858511958764988;-0.07989374168004997;-0.7073829705138704;-0.8567057959966011;0.8381132629240866;0.2537296378462818;0.12327247781446991;1
-0.7502898679804332;1.426442810319755;-0.9710131900003405;-0.44629086767987125;0.5336609067201779;-0.589417326717981;-0.8658243426567529;-0.607754898116778;0.5697651787407445;-1.3012809308407267;-0.3981339984309197;0
1.1040040629333134;0.008823484811650135;1.1006318978935956;0.1035701155589035;-0.88010206034769;-0.9970361947483258;-0.675694696085294;1.6652750390467357;-1.3086714105426474;-0.4127034630195794;-1.0617422409250503;1
-0.24457334136759307;-0.10458606122899836;-0.09056402764541763;0.5434589021499232;-0.2203460090493517;0.5315345603654673;-0.04192920751376384;0.3664007892389706;1.1735483681532657;2.327077062762292;1.592690729051474;1
-0.9750527686972511;0.6325759880352162;0.2201827355386728;4.0625691948780815;0.06240658436422213;-0.8951314777407396;0.08482389020054218;0.24733731633993003;0.2343300735115683;0.2537296378462818;-0.11373046593343415;0
0.03638028452842908;-1.5789101597574275;0.6345117531174601;-0.44629086767987125;-1.9168615695307931;-1.2008456287634983;-1.1510188125139416;-1.5494387292274212;-0.30236609485511595;0.475874004801568;1.971895439048121;1
-1.1436249442348643;-0.9551576565338614;-0.40131079082950805;0.8733754920931884;-0.314596873520543;-0.07989374168004997;-0.23205885408522287;-0.607754898116778;1.643157515474113;-0.9310403192485817;2.1614977940464435;1
-0.18838261618838884;0.5191664419945677;0.4273472443280663;0.43348670550216817;0.2037828810710084;1.2448675794185708;0.1798887134862717;0.1499217476043732;-0.03401801067177382;-0.19055909606429233;0.36027542156237397;0
-0.4131455169052068;-0.6149290184119163;-0.9710131900003405;0.32351450885441363;0.10953201659981777;-0.07989374168004997;0.053135615771965676;0.04168222678707447;-0.7048882211301291;-0.4127034630195794;-0.3981339984309197;0
0.03638028452842908;0.8026903070961889;-0.40131079082950805;-0.22634647438436117;0.5336609067201779;-0.4875126097103948;0.9087190253435313;0.34475288507554697;-0.7719752421759631;-0.4127034630195794;-1.1565434184242134;0
2.8459165434886504;-1.465500613716779;1.8257076786564734;0.21354231220665856;0.015281152128626496;-0.9970361947483258;-0.8024477937996;1.881754080681333;-1.0403233263593052;0.17968151552785275;-0.6825375309284052;1
-0.4131455169052068;-0.6716337914322406;-0.1423551548427661;-0.6662352609753811;-0.07896971234256478;-1.2008456287634983;-1.119330538085365;-0.2830363356648818;-0.2352790738092819;-0.4127034630195794;-0.8721398859267278;0
-0.9750527686972511;-0.047881288208674114;-0.9710131900003405;-0.00640208108885155;-0.5502240346985205;-0.28370317569522235;-0.6440064216567174;-1.7009740583716273;0.5697651787407445;0.549922127119997;1.971895439048121;1
-0.4131455169052068;0.6609283745453783;-1.2299688259870825;-0.5562630643276263;0.2037828810710084;-0.18179845868763617;0.33833008562915423;0.09580198719572383;0.36850411560323937;-1.3753290531591553;-0.11373046593343415;0
1.3849576888293356;-0.33140515331029535;0.8416762619068536;-0.3363186710321162;4.209444621096635;1.1429628624109844;0.6235245554863428;0.7993588725082257;-0.9732363053134713;0.8461146163937131;0.36027542156237397;1
-0.694099142801229;1.2563284912587824;-1.3335510803817794;-0.22634647438436117;-1.0686037892900726;-0.4875126097103948;-0.8975126170853295;-2.328763279112056;0.5026781576949104;-1.8196177870697292;2.2562989715456063;1
-0.6379084176220242;0.6609283745453783;-1.3853422075791277;-0.5562630643276263;0.7221626356625604;-0.07989374168004997;-0.23205885408522287;0.01462234658274979;0.36850411560323937;-0.48675158533800844;-1.1565434184242134;1
2.6211536427718327;-0.33140515331029535;1.152423025090944;2.0830696552184924;0.1566574488354134;-0.9970361947483258;0.02144734134338917;2.9100295284457913;-0.10110503171761084;0.2537296378462818;2.1614977940464435;1
2.5087721924134243;1.7666714484416999;1.8774988058538218;-0.00640208108885155;0.2980337455421997;-0.28370317569522235;-0.3588119517995289;1.6111552786380863;-1.4428454526343184;-0.3386553407011504;-0.018929288434272863;1
0.2049524600660418;-0.6716337914322406;0.7380940075121567;4.172541391525837;-0.17322057681375605;0.9391534283958122;-0.13699403079949335;-0.7701141793427861;-0.503627157992621;0.9201627387121422;2.066696616547282;1
1.3287669636501305;0.8026903070961889;-0.24593740923746285;0.32351450885441363;1.193416958018516;0.12391569233512245;-0.3905002262281054;1.989993601498632;-0.2352790738092819;2.47517330739915;-0.49293517593008096;1
0.37352463560365545;-0.841748110493213;0.7380940075121567;-0.00640208108885155;1.0049152290761336;-0.9970361947483258;-1.1510188125139416;-0.3696279523186967;-1.2415843894968133;-0.48675158533800844;1.4030883740531515;1
2.171627841338197;-0.44481469935094353;1.152423025090944;-1.1061240475664011;-0.314596873520543;-1.3027503457710845;-1.2777719102282474;0.09580198719572383;-1.2415843894968133;-0.11651097374586332;-0.018929288434272863;0
-0.35695479172600203;0.7459855340758648;-1.178177698789734;-0.886179654270891;-2.0111124340019844;-1.2008456287634983;-1.182707086942518;-0.2830363356648818;0.5697651787407445;-1.3012809308407267;-0.9669410634258891;0
-1.3683878449516818;0.12223303085229863;-0.8674309356056437;-0.22634647438436117;-0.9272274925832856;2.3658194665020194;0.1482004390576952;-0.8675297480783429;1.3748094312907708;0.8461146163937131;0.7394801315590191;1
-0.7502898679804332;0.4057568959539192;0.16839160834132433;2.3030140485140027;-0.6444748991697118;0.42962984335788107;2.017808630343709;1.3080846203496137;-0.10110503171761084;3.8820876314493;-0.2085316434325971;0
0.9354318873956998;-0.841748110493213;0.5827206259201116;-0.886179654270891;4.115193756625444;1.1429628624109844;1.3840431417721788;1.3080846203496137;-1.1074103474051422;0.031585270890994714;-1.8201516609183441;0
-0.9750527686972511;0.944452239646999;-1.3853422075791277;-0.3363186710321162;-0.314596873520543;-0.3856078927028086;0.3066418112005777;0.04168222678707447;1.1735483681532657;0.17968151552785275;-1.1565434184242134;0
-0.9188620435180463;0.17893780387262287;-0.9192220628029921;0.5434589021499232;-0.12609514457816043;-0.8951314777407396;-0.7707595193710235;-0.01784950966247588;0.9722873050157577;-0.2646072183827214;-0.2085316434325971;0
0.31733391042445125;0.349052122933595;0.6345117531174601;-0.11637427773660661;0.6279117711913691;-1.0989409117559121;-0.7707595193710235;1.0158379141428833;0.36850411560323937;-0.48675158533800844;-0.11373046593343415;0
